item_root,group_file,id,name,desc,has_icon,has_icon_raw,price,cash_flag,slot_max,xml_relpath,png_dir_relpath,icon_png_relpath,icon_raw_png_relpath
Special,MaplePoint,100,,,1,1,,,,Item/Item.wz/Special/MaplePoint.img.xml,Item/Item.wz/Special/MaplePoint.img/100/info,Item/Item.wz/Special/MaplePoint.img/100/info/icon.png,Item/Item.wz/Special/MaplePoint.img/100/info/iconRaw.png
Special,MaplePoint,200,,,1,1,,,,Item/Item.wz/Special/MaplePoint.img.xml,Item/Item.wz/Special/MaplePoint.img/200/info,Item/Item.wz/Special/MaplePoint.img/200/info/icon.png,Item/Item.wz/Special/MaplePoint.img/200/info/iconRaw.png
Special,MaplePoint,300,,,1,1,,,,Item/Item.wz/Special/MaplePoint.img.xml,Item/Item.wz/Special/MaplePoint.img/300/info,Item/Item.wz/Special/MaplePoint.img/300/info/icon.png,Item/Item.wz/Special/MaplePoint.img/300/info/iconRaw.png
Special,MaplePoint,400,,,1,1,,,,Item/Item.wz/Special/MaplePoint.img.xml,Item/Item.wz/Special/MaplePoint.img/400/info,Item/Item.wz/Special/MaplePoint.img/400/info/icon.png,Item/Item.wz/Special/MaplePoint.img/400/info/iconRaw.png
Special,MaplePoint,500,,,1,1,,,,Item/Item.wz/Special/MaplePoint.img.xml,Item/Item.wz/Special/MaplePoint.img/500/info,Item/Item.wz/Special/MaplePoint.img/500/info/icon.png,Item/Item.wz/Special/MaplePoint.img/500/info/iconRaw.png
Special,MaplePoint,600,,,1,1,,,,Item/Item.wz/Special/MaplePoint.img.xml,Item/Item.wz/Special/MaplePoint.img/600/info,Item/Item.wz/Special/MaplePoint.img/600/info/icon.png,Item/Item.wz/Special/MaplePoint.img/600/info/iconRaw.png
Special,MaplePoint,700,,,1,1,,,,Item/Item.wz/Special/MaplePoint.img.xml,Item/Item.wz/Special/MaplePoint.img/700/info,Item/Item.wz/Special/MaplePoint.img/700/info/icon.png,Item/Item.wz/Special/MaplePoint.img/700/info/iconRaw.png
Special,MaplePoint,800,,,1,1,,,,Item/Item.wz/Special/MaplePoint.img.xml,Item/Item.wz/Special/MaplePoint.img/800/info,Item/Item.wz/Special/MaplePoint.img/800/info/icon.png,Item/Item.wz/Special/MaplePoint.img/800/info/iconRaw.png
Special,MaplePoint,900,,,1,1,,,,Item/Item.wz/Special/MaplePoint.img.xml,Item/Item.wz/Special/MaplePoint.img/900/info,Item/Item.wz/Special/MaplePoint.img/900/info/icon.png,Item/Item.wz/Special/MaplePoint.img/900/info/iconRaw.png
Special,MaplePoint,1000,,,1,1,,,,Item/Item.wz/Special/MaplePoint.img.xml,Item/Item.wz/Special/MaplePoint.img/1000/info,Item/Item.wz/Special/MaplePoint.img/1000/info/icon.png,Item/Item.wz/Special/MaplePoint.img/1000/info/iconRaw.png
Special,MaplePoint,2000,,,1,1,,,,Item/Item.wz/Special/MaplePoint.img.xml,Item/Item.wz/Special/MaplePoint.img/2000/info,Item/Item.wz/Special/MaplePoint.img/2000/info/icon.png,Item/Item.wz/Special/MaplePoint.img/2000/info/iconRaw.png
Special,MaplePoint,3000,,,1,1,,,,Item/Item.wz/Special/MaplePoint.img.xml,Item/Item.wz/Special/MaplePoint.img/3000/info,Item/Item.wz/Special/MaplePoint.img/3000/info/icon.png,Item/Item.wz/Special/MaplePoint.img/3000/info/iconRaw.png
Special,MaplePoint,4000,,,1,1,,,,Item/Item.wz/Special/MaplePoint.img.xml,Item/Item.wz/Special/MaplePoint.img/4000/info,Item/Item.wz/Special/MaplePoint.img/4000/info/icon.png,Item/Item.wz/Special/MaplePoint.img/4000/info/iconRaw.png
Special,MaplePoint,5000,,,1,1,,,,Item/Item.wz/Special/MaplePoint.img.xml,Item/Item.wz/Special/MaplePoint.img/5000/info,Item/Item.wz/Special/MaplePoint.img/5000/info/icon.png,Item/Item.wz/Special/MaplePoint.img/5000/info/iconRaw.png
Special,MaplePoint,6000,,,1,1,,,,Item/Item.wz/Special/MaplePoint.img.xml,Item/Item.wz/Special/MaplePoint.img/6000/info,Item/Item.wz/Special/MaplePoint.img/6000/info/icon.png,Item/Item.wz/Special/MaplePoint.img/6000/info/iconRaw.png
Special,MaplePoint,7000,,,1,1,,,,Item/Item.wz/Special/MaplePoint.img.xml,Item/Item.wz/Special/MaplePoint.img/7000/info,Item/Item.wz/Special/MaplePoint.img/7000/info/icon.png,Item/Item.wz/Special/MaplePoint.img/7000/info/iconRaw.png
Special,MaplePoint,8000,,,1,1,,,,Item/Item.wz/Special/MaplePoint.img.xml,Item/Item.wz/Special/MaplePoint.img/8000/info,Item/Item.wz/Special/MaplePoint.img/8000/info/icon.png,Item/Item.wz/Special/MaplePoint.img/8000/info/iconRaw.png
Special,MaplePoint,9000,,,1,1,,,,Item/Item.wz/Special/MaplePoint.img.xml,Item/Item.wz/Special/MaplePoint.img/9000/info,Item/Item.wz/Special/MaplePoint.img/9000/info/icon.png,Item/Item.wz/Special/MaplePoint.img/9000/info/iconRaw.png
Special,MaplePoint,10000,,,1,1,,,,Item/Item.wz/Special/MaplePoint.img.xml,Item/Item.wz/Special/MaplePoint.img/10000/info,Item/Item.wz/Special/MaplePoint.img/10000/info/icon.png,Item/Item.wz/Special/MaplePoint.img/10000/info/iconRaw.png
Special,MaplePoint,15000,,,1,1,,,,Item/Item.wz/Special/MaplePoint.img.xml,Item/Item.wz/Special/MaplePoint.img/15000/info,Item/Item.wz/Special/MaplePoint.img/15000/info/icon.png,Item/Item.wz/Special/MaplePoint.img/15000/info/iconRaw.png
Special,MaplePoint,20000,,,1,1,,,,Item/Item.wz/Special/MaplePoint.img.xml,Item/Item.wz/Special/MaplePoint.img/20000/info,Item/Item.wz/Special/MaplePoint.img/20000/info/icon.png,Item/Item.wz/Special/MaplePoint.img/20000/info/iconRaw.png
Special,MaplePoint,25000,,,1,1,,,,Item/Item.wz/Special/MaplePoint.img.xml,Item/Item.wz/Special/MaplePoint.img/25000/info,Item/Item.wz/Special/MaplePoint.img/25000/info/icon.png,Item/Item.wz/Special/MaplePoint.img/25000/info/iconRaw.png
Special,MaplePoint,30000,,,1,1,,,,Item/Item.wz/Special/MaplePoint.img.xml,Item/Item.wz/Special/MaplePoint.img/30000/info,Item/Item.wz/Special/MaplePoint.img/30000/info/icon.png,Item/Item.wz/Special/MaplePoint.img/30000/info/iconRaw.png
Special,MaplePoint,35000,,,1,1,,,,Item/Item.wz/Special/MaplePoint.img.xml,Item/Item.wz/Special/MaplePoint.img/35000/info,Item/Item.wz/Special/MaplePoint.img/35000/info/icon.png,Item/Item.wz/Special/MaplePoint.img/35000/info/iconRaw.png
Special,MaplePoint,40000,,,1,1,,,,Item/Item.wz/Special/MaplePoint.img.xml,Item/Item.wz/Special/MaplePoint.img/40000/info,Item/Item.wz/Special/MaplePoint.img/40000/info/icon.png,Item/Item.wz/Special/MaplePoint.img/40000/info/iconRaw.png
Special,MaplePoint,45000,,,1,1,,,,Item/Item.wz/Special/MaplePoint.img.xml,Item/Item.wz/Special/MaplePoint.img/45000/info,Item/Item.wz/Special/MaplePoint.img/45000/info/icon.png,Item/Item.wz/Special/MaplePoint.img/45000/info/iconRaw.png
Special,MaplePoint,50000,,,1,1,,,,Item/Item.wz/Special/MaplePoint.img.xml,Item/Item.wz/Special/MaplePoint.img/50000/info,Item/Item.wz/Special/MaplePoint.img/50000/info/icon.png,Item/Item.wz/Special/MaplePoint.img/50000/info/iconRaw.png
Special,MaplePoint,55000,,,1,1,,,,Item/Item.wz/Special/MaplePoint.img.xml,Item/Item.wz/Special/MaplePoint.img/55000/info,Item/Item.wz/Special/MaplePoint.img/55000/info/icon.png,Item/Item.wz/Special/MaplePoint.img/55000/info/iconRaw.png
Special,MaplePoint,60000,,,1,1,,,,Item/Item.wz/Special/MaplePoint.img.xml,Item/Item.wz/Special/MaplePoint.img/60000/info,Item/Item.wz/Special/MaplePoint.img/60000/info/icon.png,Item/Item.wz/Special/MaplePoint.img/60000/info/iconRaw.png
Special,MaplePoint,65000,,,1,1,,,,Item/Item.wz/Special/MaplePoint.img.xml,Item/Item.wz/Special/MaplePoint.img/65000/info,Item/Item.wz/Special/MaplePoint.img/65000/info/icon.png,Item/Item.wz/Special/MaplePoint.img/65000/info/iconRaw.png
Special,MaplePoint,70000,,,1,1,,,,Item/Item.wz/Special/MaplePoint.img.xml,Item/Item.wz/Special/MaplePoint.img/70000/info,Item/Item.wz/Special/MaplePoint.img/70000/info/icon.png,Item/Item.wz/Special/MaplePoint.img/70000/info/iconRaw.png
Special,MaplePoint,75000,,,1,1,,,,Item/Item.wz/Special/MaplePoint.img.xml,Item/Item.wz/Special/MaplePoint.img/75000/info,Item/Item.wz/Special/MaplePoint.img/75000/info/icon.png,Item/Item.wz/Special/MaplePoint.img/75000/info/iconRaw.png
Special,MaplePoint,80000,,,1,1,,,,Item/Item.wz/Special/MaplePoint.img.xml,Item/Item.wz/Special/MaplePoint.img/80000/info,Item/Item.wz/Special/MaplePoint.img/80000/info/icon.png,Item/Item.wz/Special/MaplePoint.img/80000/info/iconRaw.png
Special,MaplePoint,85000,,,1,1,,,,Item/Item.wz/Special/MaplePoint.img.xml,Item/Item.wz/Special/MaplePoint.img/85000/info,Item/Item.wz/Special/MaplePoint.img/85000/info/icon.png,Item/Item.wz/Special/MaplePoint.img/85000/info/iconRaw.png
Special,MaplePoint,90000,,,1,1,,,,Item/Item.wz/Special/MaplePoint.img.xml,Item/Item.wz/Special/MaplePoint.img/90000/info,Item/Item.wz/Special/MaplePoint.img/90000/info/icon.png,Item/Item.wz/Special/MaplePoint.img/90000/info/iconRaw.png
Special,MaplePoint,95000,,,1,1,,,,Item/Item.wz/Special/MaplePoint.img.xml,Item/Item.wz/Special/MaplePoint.img/95000/info,Item/Item.wz/Special/MaplePoint.img/95000/info/icon.png,Item/Item.wz/Special/MaplePoint.img/95000/info/iconRaw.png
Special,MaplePoint,100000,,,1,1,,,,Item/Item.wz/Special/MaplePoint.img.xml,Item/Item.wz/Special/MaplePoint.img/100000/info,Item/Item.wz/Special/MaplePoint.img/100000/info/icon.png,Item/Item.wz/Special/MaplePoint.img/100000/info/iconRaw.png
Special,0900,9000000,,,0,1,,,,Item/Item.wz/Special/0900.img.xml,Item/Item.wz/Special/0900.img/09000000/info,Item/Item.wz/Special/0900.img/09000000/info/icon.png,Item/Item.wz/Special/0900.img/09000000/info/iconRaw.png
Special,0900,9000001,,,0,1,,,,Item/Item.wz/Special/0900.img.xml,Item/Item.wz/Special/0900.img/09000001/info,Item/Item.wz/Special/0900.img/09000001/info/icon.png,Item/Item.wz/Special/0900.img/09000001/info/iconRaw.png
Special,0900,9000002,,,0,1,,,,Item/Item.wz/Special/0900.img.xml,Item/Item.wz/Special/0900.img/09000002/info,Item/Item.wz/Special/0900.img/09000002/info/icon.png,Item/Item.wz/Special/0900.img/09000002/info/iconRaw.png
Special,0900,9000003,,,0,1,,,,Item/Item.wz/Special/0900.img.xml,Item/Item.wz/Special/0900.img/09000003/info,Item/Item.wz/Special/0900.img/09000003/info/icon.png,Item/Item.wz/Special/0900.img/09000003/info/iconRaw.png
Special,0910,9100000,,,1,0,,,,Item/Item.wz/Special/0910.img.xml,Item/Item.wz/Special/0910.img/9100000/info,Item/Item.wz/Special/0910.img/9100000/info/icon.png,Item/Item.wz/Special/0910.img/9100000/info/iconRaw.png
Special,0910,9101000,,,1,0,,,,Item/Item.wz/Special/0910.img.xml,Item/Item.wz/Special/0910.img/9101000/info,Item/Item.wz/Special/0910.img/9101000/info/icon.png,Item/Item.wz/Special/0910.img/9101000/info/iconRaw.png
Special,0910,9101001,,,0,0,,,,Item/Item.wz/Special/0910.img.xml,Item/Item.wz/Special/0910.img/9101001/info,Item/Item.wz/Special/0910.img/9101001/info/icon.png,Item/Item.wz/Special/0910.img/9101001/info/iconRaw.png
Special,0910,9101002,,,1,0,,,,Item/Item.wz/Special/0910.img.xml,Item/Item.wz/Special/0910.img/9101002/info,Item/Item.wz/Special/0910.img/9101002/info/icon.png,Item/Item.wz/Special/0910.img/9101002/info/iconRaw.png
Special,0910,9101003,,,0,0,,,,Item/Item.wz/Special/0910.img.xml,Item/Item.wz/Special/0910.img/9101003/info,Item/Item.wz/Special/0910.img/9101003/info/icon.png,Item/Item.wz/Special/0910.img/9101003/info/iconRaw.png
Special,0910,9101004,,,1,0,,,,Item/Item.wz/Special/0910.img.xml,Item/Item.wz/Special/0910.img/9101004/info,Item/Item.wz/Special/0910.img/9101004/info/icon.png,Item/Item.wz/Special/0910.img/9101004/info/iconRaw.png
Special,0910,9101005,,,0,0,,,,Item/Item.wz/Special/0910.img.xml,Item/Item.wz/Special/0910.img/9101005/info,Item/Item.wz/Special/0910.img/9101005/info/icon.png,Item/Item.wz/Special/0910.img/9101005/info/iconRaw.png
Special,0910,9101006,,,1,0,,,,Item/Item.wz/Special/0910.img.xml,Item/Item.wz/Special/0910.img/9101006/info,Item/Item.wz/Special/0910.img/9101006/info/icon.png,Item/Item.wz/Special/0910.img/9101006/info/iconRaw.png
Special,0910,9101007,,,0,0,,,,Item/Item.wz/Special/0910.img.xml,Item/Item.wz/Special/0910.img/9101007/info,Item/Item.wz/Special/0910.img/9101007/info/icon.png,Item/Item.wz/Special/0910.img/9101007/info/iconRaw.png
Special,0910,9101008,,,1,0,,,,Item/Item.wz/Special/0910.img.xml,Item/Item.wz/Special/0910.img/9101008/info,Item/Item.wz/Special/0910.img/9101008/info/icon.png,Item/Item.wz/Special/0910.img/9101008/info/iconRaw.png
Special,0910,9101009,,,1,0,,,,Item/Item.wz/Special/0910.img.xml,Item/Item.wz/Special/0910.img/9101009/info,Item/Item.wz/Special/0910.img/9101009/info/icon.png,Item/Item.wz/Special/0910.img/9101009/info/iconRaw.png
Special,0910,9101010,,,0,0,,,,Item/Item.wz/Special/0910.img.xml,Item/Item.wz/Special/0910.img/9101010/info,Item/Item.wz/Special/0910.img/9101010/info/icon.png,Item/Item.wz/Special/0910.img/9101010/info/iconRaw.png
Special,0910,9101011,,,1,0,,,,Item/Item.wz/Special/0910.img.xml,Item/Item.wz/Special/0910.img/9101011/info,Item/Item.wz/Special/0910.img/9101011/info/icon.png,Item/Item.wz/Special/0910.img/9101011/info/iconRaw.png
Special,0910,9101012,,,1,0,,,,Item/Item.wz/Special/0910.img.xml,Item/Item.wz/Special/0910.img/9101012/info,Item/Item.wz/Special/0910.img/9101012/info/icon.png,Item/Item.wz/Special/0910.img/9101012/info/iconRaw.png
Special,0910,9101013,,,1,0,,,,Item/Item.wz/Special/0910.img.xml,Item/Item.wz/Special/0910.img/9101013/info,Item/Item.wz/Special/0910.img/9101013/info/icon.png,Item/Item.wz/Special/0910.img/9101013/info/iconRaw.png
Special,0910,9101014,,,1,0,,,,Item/Item.wz/Special/0910.img.xml,Item/Item.wz/Special/0910.img/9101014/info,Item/Item.wz/Special/0910.img/9101014/info/icon.png,Item/Item.wz/Special/0910.img/9101014/info/iconRaw.png
Special,0910,9101015,,,1,0,,,,Item/Item.wz/Special/0910.img.xml,Item/Item.wz/Special/0910.img/9101015/info,Item/Item.wz/Special/0910.img/9101015/info/icon.png,Item/Item.wz/Special/0910.img/9101015/info/iconRaw.png
Special,0910,9101016,,,1,0,,,,Item/Item.wz/Special/0910.img.xml,Item/Item.wz/Special/0910.img/9101016/info,Item/Item.wz/Special/0910.img/9101016/info/icon.png,Item/Item.wz/Special/0910.img/9101016/info/iconRaw.png
Special,0910,9101017,,,1,0,,,,Item/Item.wz/Special/0910.img.xml,Item/Item.wz/Special/0910.img/9101017/info,Item/Item.wz/Special/0910.img/9101017/info/icon.png,Item/Item.wz/Special/0910.img/9101017/info/iconRaw.png
Special,0910,9101018,,,1,0,,,,Item/Item.wz/Special/0910.img.xml,Item/Item.wz/Special/0910.img/9101018/info,Item/Item.wz/Special/0910.img/9101018/info/icon.png,Item/Item.wz/Special/0910.img/9101018/info/iconRaw.png
Special,0910,9101019,,,1,0,,,,Item/Item.wz/Special/0910.img.xml,Item/Item.wz/Special/0910.img/9101019/info,Item/Item.wz/Special/0910.img/9101019/info/icon.png,Item/Item.wz/Special/0910.img/9101019/info/iconRaw.png
Special,0910,9101020,,,1,0,,,,Item/Item.wz/Special/0910.img.xml,Item/Item.wz/Special/0910.img/9101020/info,Item/Item.wz/Special/0910.img/9101020/info/icon.png,Item/Item.wz/Special/0910.img/9101020/info/iconRaw.png
Special,0910,9101021,,,1,0,,,,Item/Item.wz/Special/0910.img.xml,Item/Item.wz/Special/0910.img/9101021/info,Item/Item.wz/Special/0910.img/9101021/info/icon.png,Item/Item.wz/Special/0910.img/9101021/info/iconRaw.png
Special,0910,9101022,,,1,0,,,,Item/Item.wz/Special/0910.img.xml,Item/Item.wz/Special/0910.img/9101022/info,Item/Item.wz/Special/0910.img/9101022/info/icon.png,Item/Item.wz/Special/0910.img/9101022/info/iconRaw.png
Special,0910,9101023,,,1,0,,,,Item/Item.wz/Special/0910.img.xml,Item/Item.wz/Special/0910.img/9101023/info,Item/Item.wz/Special/0910.img/9101023/info/icon.png,Item/Item.wz/Special/0910.img/9101023/info/iconRaw.png
Special,0910,9101024,,,1,0,,,,Item/Item.wz/Special/0910.img.xml,Item/Item.wz/Special/0910.img/9101024/info,Item/Item.wz/Special/0910.img/9101024/info/icon.png,Item/Item.wz/Special/0910.img/9101024/info/iconRaw.png
Special,0910,9101025,,,1,0,,,,Item/Item.wz/Special/0910.img.xml,Item/Item.wz/Special/0910.img/9101025/info,Item/Item.wz/Special/0910.img/9101025/info/icon.png,Item/Item.wz/Special/0910.img/9101025/info/iconRaw.png
Special,0910,9101026,,,1,0,,,,Item/Item.wz/Special/0910.img.xml,Item/Item.wz/Special/0910.img/9101026/info,Item/Item.wz/Special/0910.img/9101026/info/icon.png,Item/Item.wz/Special/0910.img/9101026/info/iconRaw.png
Special,0910,9101027,,,1,0,,,,Item/Item.wz/Special/0910.img.xml,Item/Item.wz/Special/0910.img/9101027/info,Item/Item.wz/Special/0910.img/9101027/info/icon.png,Item/Item.wz/Special/0910.img/9101027/info/iconRaw.png
Special,0910,9101028,,,1,0,,,,Item/Item.wz/Special/0910.img.xml,Item/Item.wz/Special/0910.img/9101028/info,Item/Item.wz/Special/0910.img/9101028/info/icon.png,Item/Item.wz/Special/0910.img/9101028/info/iconRaw.png
Special,0910,9101029,,,1,0,,,,Item/Item.wz/Special/0910.img.xml,Item/Item.wz/Special/0910.img/9101029/info,Item/Item.wz/Special/0910.img/9101029/info/icon.png,Item/Item.wz/Special/0910.img/9101029/info/iconRaw.png
Special,0910,9101030,,,1,0,,,,Item/Item.wz/Special/0910.img.xml,Item/Item.wz/Special/0910.img/9101030/info,Item/Item.wz/Special/0910.img/9101030/info/icon.png,Item/Item.wz/Special/0910.img/9101030/info/iconRaw.png
Special,0910,9101031,,,1,0,,,,Item/Item.wz/Special/0910.img.xml,Item/Item.wz/Special/0910.img/9101031/info,Item/Item.wz/Special/0910.img/9101031/info/icon.png,Item/Item.wz/Special/0910.img/9101031/info/iconRaw.png
Special,0910,9101032,,,1,0,,,,Item/Item.wz/Special/0910.img.xml,Item/Item.wz/Special/0910.img/9101032/info,Item/Item.wz/Special/0910.img/9101032/info/icon.png,Item/Item.wz/Special/0910.img/9101032/info/iconRaw.png
Special,0910,9101033,,,1,0,,,,Item/Item.wz/Special/0910.img.xml,Item/Item.wz/Special/0910.img/9101033/info,Item/Item.wz/Special/0910.img/9101033/info/icon.png,Item/Item.wz/Special/0910.img/9101033/info/iconRaw.png
Special,0910,9101034,,,1,0,,,,Item/Item.wz/Special/0910.img.xml,Item/Item.wz/Special/0910.img/9101034/info,Item/Item.wz/Special/0910.img/9101034/info/icon.png,Item/Item.wz/Special/0910.img/9101034/info/iconRaw.png
Special,0910,9101035,,,1,0,,,,Item/Item.wz/Special/0910.img.xml,Item/Item.wz/Special/0910.img/9101035/info,Item/Item.wz/Special/0910.img/9101035/info/icon.png,Item/Item.wz/Special/0910.img/9101035/info/iconRaw.png
Special,0910,9101036,,,1,0,,,,Item/Item.wz/Special/0910.img.xml,Item/Item.wz/Special/0910.img/9101036/info,Item/Item.wz/Special/0910.img/9101036/info/icon.png,Item/Item.wz/Special/0910.img/9101036/info/iconRaw.png
Special,0910,9101037,,,1,0,,,,Item/Item.wz/Special/0910.img.xml,Item/Item.wz/Special/0910.img/9101037/info,Item/Item.wz/Special/0910.img/9101037/info/icon.png,Item/Item.wz/Special/0910.img/9101037/info/iconRaw.png
Special,0910,9101038,,,1,0,,,,Item/Item.wz/Special/0910.img.xml,Item/Item.wz/Special/0910.img/9101038/info,Item/Item.wz/Special/0910.img/9101038/info/icon.png,Item/Item.wz/Special/0910.img/9101038/info/iconRaw.png
Special,0910,9101039,,,0,0,,,,Item/Item.wz/Special/0910.img.xml,Item/Item.wz/Special/0910.img/9101039/info,Item/Item.wz/Special/0910.img/9101039/info/icon.png,Item/Item.wz/Special/0910.img/9101039/info/iconRaw.png
Special,0910,9101040,,,0,0,,,,Item/Item.wz/Special/0910.img.xml,Item/Item.wz/Special/0910.img/9101040/info,Item/Item.wz/Special/0910.img/9101040/info/icon.png,Item/Item.wz/Special/0910.img/9101040/info/iconRaw.png
Special,0910,9101041,,,0,0,,,,Item/Item.wz/Special/0910.img.xml,Item/Item.wz/Special/0910.img/9101041/info,Item/Item.wz/Special/0910.img/9101041/info/icon.png,Item/Item.wz/Special/0910.img/9101041/info/iconRaw.png
Special,0910,9101042,,,0,0,,,,Item/Item.wz/Special/0910.img.xml,Item/Item.wz/Special/0910.img/9101042/info,Item/Item.wz/Special/0910.img/9101042/info/icon.png,Item/Item.wz/Special/0910.img/9101042/info/iconRaw.png
Special,0910,9101043,,,0,0,,,,Item/Item.wz/Special/0910.img.xml,Item/Item.wz/Special/0910.img/9101043/info,Item/Item.wz/Special/0910.img/9101043/info/icon.png,Item/Item.wz/Special/0910.img/9101043/info/iconRaw.png
Special,0910,9101044,,,0,0,,,,Item/Item.wz/Special/0910.img.xml,Item/Item.wz/Special/0910.img/9101044/info,Item/Item.wz/Special/0910.img/9101044/info/icon.png,Item/Item.wz/Special/0910.img/9101044/info/iconRaw.png
Special,0910,9101045,,,1,0,,,,Item/Item.wz/Special/0910.img.xml,Item/Item.wz/Special/0910.img/9101045/info,Item/Item.wz/Special/0910.img/9101045/info/icon.png,Item/Item.wz/Special/0910.img/9101045/info/iconRaw.png
Special,0910,9101046,,,1,0,,,,Item/Item.wz/Special/0910.img.xml,Item/Item.wz/Special/0910.img/9101046/info,Item/Item.wz/Special/0910.img/9101046/info/icon.png,Item/Item.wz/Special/0910.img/9101046/info/iconRaw.png
Special,0910,9101047,,,1,0,,,,Item/Item.wz/Special/0910.img.xml,Item/Item.wz/Special/0910.img/9101047/info,Item/Item.wz/Special/0910.img/9101047/info/icon.png,Item/Item.wz/Special/0910.img/9101047/info/iconRaw.png
Special,0910,9101048,,,1,0,,,,Item/Item.wz/Special/0910.img.xml,Item/Item.wz/Special/0910.img/9101048/info,Item/Item.wz/Special/0910.img/9101048/info/icon.png,Item/Item.wz/Special/0910.img/9101048/info/iconRaw.png
Special,0910,9101049,,,1,0,,,,Item/Item.wz/Special/0910.img.xml,Item/Item.wz/Special/0910.img/9101049/info,Item/Item.wz/Special/0910.img/9101049/info/icon.png,Item/Item.wz/Special/0910.img/9101049/info/iconRaw.png
Special,0910,9101050,,,1,0,,,,Item/Item.wz/Special/0910.img.xml,Item/Item.wz/Special/0910.img/9101050/info,Item/Item.wz/Special/0910.img/9101050/info/icon.png,Item/Item.wz/Special/0910.img/9101050/info/iconRaw.png
Special,0910,9101051,,,1,0,,,,Item/Item.wz/Special/0910.img.xml,Item/Item.wz/Special/0910.img/9101051/info,Item/Item.wz/Special/0910.img/9101051/info/icon.png,Item/Item.wz/Special/0910.img/9101051/info/iconRaw.png
Special,0910,9101052,,,1,0,,,,Item/Item.wz/Special/0910.img.xml,Item/Item.wz/Special/0910.img/9101052/info,Item/Item.wz/Special/0910.img/9101052/info/icon.png,Item/Item.wz/Special/0910.img/9101052/info/iconRaw.png
Special,0910,9101053,,,1,0,,,,Item/Item.wz/Special/0910.img.xml,Item/Item.wz/Special/0910.img/9101053/info,Item/Item.wz/Special/0910.img/9101053/info/icon.png,Item/Item.wz/Special/0910.img/9101053/info/iconRaw.png
Special,0910,9101054,,,1,0,,,,Item/Item.wz/Special/0910.img.xml,Item/Item.wz/Special/0910.img/9101054/info,Item/Item.wz/Special/0910.img/9101054/info/icon.png,Item/Item.wz/Special/0910.img/9101054/info/iconRaw.png
Special,0910,9101055,,,1,0,,,,Item/Item.wz/Special/0910.img.xml,Item/Item.wz/Special/0910.img/9101055/info,Item/Item.wz/Special/0910.img/9101055/info/icon.png,Item/Item.wz/Special/0910.img/9101055/info/iconRaw.png
Special,0910,9101056,,,1,0,,,,Item/Item.wz/Special/0910.img.xml,Item/Item.wz/Special/0910.img/9101056/info,Item/Item.wz/Special/0910.img/9101056/info/icon.png,Item/Item.wz/Special/0910.img/9101056/info/iconRaw.png
Special,0910,9101060,,,1,0,,,,Item/Item.wz/Special/0910.img.xml,Item/Item.wz/Special/0910.img/9101060/info,Item/Item.wz/Special/0910.img/9101060/info/icon.png,Item/Item.wz/Special/0910.img/9101060/info/iconRaw.png
Special,0910,9101061,,,1,0,,,,Item/Item.wz/Special/0910.img.xml,Item/Item.wz/Special/0910.img/9101061/info,Item/Item.wz/Special/0910.img/9101061/info/icon.png,Item/Item.wz/Special/0910.img/9101061/info/iconRaw.png
Special,0910,9101062,,,1,0,,,,Item/Item.wz/Special/0910.img.xml,Item/Item.wz/Special/0910.img/9101062/info,Item/Item.wz/Special/0910.img/9101062/info/icon.png,Item/Item.wz/Special/0910.img/9101062/info/iconRaw.png
Special,0910,9101063,,,1,0,,,,Item/Item.wz/Special/0910.img.xml,Item/Item.wz/Special/0910.img/9101063/info,Item/Item.wz/Special/0910.img/9101063/info/icon.png,Item/Item.wz/Special/0910.img/9101063/info/iconRaw.png
Special,0910,9101077,,,1,0,,,,Item/Item.wz/Special/0910.img.xml,Item/Item.wz/Special/0910.img/9101077/info,Item/Item.wz/Special/0910.img/9101077/info/icon.png,Item/Item.wz/Special/0910.img/9101077/info/iconRaw.png
Special,0910,9101078,,,1,0,,,,Item/Item.wz/Special/0910.img.xml,Item/Item.wz/Special/0910.img/9101078/info,Item/Item.wz/Special/0910.img/9101078/info/icon.png,Item/Item.wz/Special/0910.img/9101078/info/iconRaw.png
Special,0910,9101079,,,1,0,,,,Item/Item.wz/Special/0910.img.xml,Item/Item.wz/Special/0910.img/9101079/info,Item/Item.wz/Special/0910.img/9101079/info/icon.png,Item/Item.wz/Special/0910.img/9101079/info/iconRaw.png
Special,0910,9101080,,,1,0,,,,Item/Item.wz/Special/0910.img.xml,Item/Item.wz/Special/0910.img/9101080/info,Item/Item.wz/Special/0910.img/9101080/info/icon.png,Item/Item.wz/Special/0910.img/9101080/info/iconRaw.png
Special,0910,9101081,,,1,0,,,,Item/Item.wz/Special/0910.img.xml,Item/Item.wz/Special/0910.img/9101081/info,Item/Item.wz/Special/0910.img/9101081/info/icon.png,Item/Item.wz/Special/0910.img/9101081/info/iconRaw.png
Special,0910,9101082,,,1,0,,,,Item/Item.wz/Special/0910.img.xml,Item/Item.wz/Special/0910.img/9101082/info,Item/Item.wz/Special/0910.img/9101082/info/icon.png,Item/Item.wz/Special/0910.img/9101082/info/iconRaw.png
Special,0910,9101083,,,1,0,,,,Item/Item.wz/Special/0910.img.xml,Item/Item.wz/Special/0910.img/9101083/info,Item/Item.wz/Special/0910.img/9101083/info/icon.png,Item/Item.wz/Special/0910.img/9101083/info/iconRaw.png
Special,0910,9101084,,,1,0,,,,Item/Item.wz/Special/0910.img.xml,Item/Item.wz/Special/0910.img/9101084/info,Item/Item.wz/Special/0910.img/9101084/info/icon.png,Item/Item.wz/Special/0910.img/9101084/info/iconRaw.png
Special,0910,9101085,,,1,0,,,,Item/Item.wz/Special/0910.img.xml,Item/Item.wz/Special/0910.img/9101085/info,Item/Item.wz/Special/0910.img/9101085/info/icon.png,Item/Item.wz/Special/0910.img/9101085/info/iconRaw.png
Special,0910,9101086,,,1,0,,,,Item/Item.wz/Special/0910.img.xml,Item/Item.wz/Special/0910.img/9101086/info,Item/Item.wz/Special/0910.img/9101086/info/icon.png,Item/Item.wz/Special/0910.img/9101086/info/iconRaw.png
Special,0910,9101087,,,1,0,,,,Item/Item.wz/Special/0910.img.xml,Item/Item.wz/Special/0910.img/9101087/info,Item/Item.wz/Special/0910.img/9101087/info/icon.png,Item/Item.wz/Special/0910.img/9101087/info/iconRaw.png
Special,0910,9101088,,,1,0,,,,Item/Item.wz/Special/0910.img.xml,Item/Item.wz/Special/0910.img/9101088/info,Item/Item.wz/Special/0910.img/9101088/info/icon.png,Item/Item.wz/Special/0910.img/9101088/info/iconRaw.png
Special,0910,9101089,,,1,0,,,,Item/Item.wz/Special/0910.img.xml,Item/Item.wz/Special/0910.img/9101089/info,Item/Item.wz/Special/0910.img/9101089/info/icon.png,Item/Item.wz/Special/0910.img/9101089/info/iconRaw.png
Special,0910,9101090,,,1,0,,,,Item/Item.wz/Special/0910.img.xml,Item/Item.wz/Special/0910.img/9101090/info,Item/Item.wz/Special/0910.img/9101090/info/icon.png,Item/Item.wz/Special/0910.img/9101090/info/iconRaw.png
Special,0910,9101091,,,1,0,,,,Item/Item.wz/Special/0910.img.xml,Item/Item.wz/Special/0910.img/9101091/info,Item/Item.wz/Special/0910.img/9101091/info/icon.png,Item/Item.wz/Special/0910.img/9101091/info/iconRaw.png
Special,0910,9101092,,,1,0,,,,Item/Item.wz/Special/0910.img.xml,Item/Item.wz/Special/0910.img/9101092/info,Item/Item.wz/Special/0910.img/9101092/info/icon.png,Item/Item.wz/Special/0910.img/9101092/info/iconRaw.png
Special,0910,9101093,,,1,0,,,,Item/Item.wz/Special/0910.img.xml,Item/Item.wz/Special/0910.img/9101093/info,Item/Item.wz/Special/0910.img/9101093/info/icon.png,Item/Item.wz/Special/0910.img/9101093/info/iconRaw.png
Special,0910,9101094,,,1,0,,,,Item/Item.wz/Special/0910.img.xml,Item/Item.wz/Special/0910.img/9101094/info,Item/Item.wz/Special/0910.img/9101094/info/icon.png,Item/Item.wz/Special/0910.img/9101094/info/iconRaw.png
Special,0910,9101095,,,1,0,,,,Item/Item.wz/Special/0910.img.xml,Item/Item.wz/Special/0910.img/9101095/info,Item/Item.wz/Special/0910.img/9101095/info/icon.png,Item/Item.wz/Special/0910.img/9101095/info/iconRaw.png
Special,0910,9101096,,,1,0,,,,Item/Item.wz/Special/0910.img.xml,Item/Item.wz/Special/0910.img/9101096/info,Item/Item.wz/Special/0910.img/9101096/info/icon.png,Item/Item.wz/Special/0910.img/9101096/info/iconRaw.png
Special,0910,9101097,,,1,0,,,,Item/Item.wz/Special/0910.img.xml,Item/Item.wz/Special/0910.img/9101097/info,Item/Item.wz/Special/0910.img/9101097/info/icon.png,Item/Item.wz/Special/0910.img/9101097/info/iconRaw.png
Special,0910,9101098,,,1,0,,,,Item/Item.wz/Special/0910.img.xml,Item/Item.wz/Special/0910.img/9101098/info,Item/Item.wz/Special/0910.img/9101098/info/icon.png,Item/Item.wz/Special/0910.img/9101098/info/iconRaw.png
Special,0910,9101099,,,1,0,,,,Item/Item.wz/Special/0910.img.xml,Item/Item.wz/Special/0910.img/9101099/info,Item/Item.wz/Special/0910.img/9101099/info/icon.png,Item/Item.wz/Special/0910.img/9101099/info/iconRaw.png
Special,0910,9101100,,,1,0,,,,Item/Item.wz/Special/0910.img.xml,Item/Item.wz/Special/0910.img/9101100/info,Item/Item.wz/Special/0910.img/9101100/info/icon.png,Item/Item.wz/Special/0910.img/9101100/info/iconRaw.png
Special,0910,9101101,,,1,0,,,,Item/Item.wz/Special/0910.img.xml,Item/Item.wz/Special/0910.img/9101101/info,Item/Item.wz/Special/0910.img/9101101/info/icon.png,Item/Item.wz/Special/0910.img/9101101/info/iconRaw.png
Special,0910,9101102,,,1,0,,,,Item/Item.wz/Special/0910.img.xml,Item/Item.wz/Special/0910.img/9101102/info,Item/Item.wz/Special/0910.img/9101102/info/icon.png,Item/Item.wz/Special/0910.img/9101102/info/iconRaw.png
Special,0910,9101104,,,1,0,,,,Item/Item.wz/Special/0910.img.xml,Item/Item.wz/Special/0910.img/9101104/info,Item/Item.wz/Special/0910.img/9101104/info/icon.png,Item/Item.wz/Special/0910.img/9101104/info/iconRaw.png
Special,0910,9101105,,,1,0,,,,Item/Item.wz/Special/0910.img.xml,Item/Item.wz/Special/0910.img/9101105/info,Item/Item.wz/Special/0910.img/9101105/info/icon.png,Item/Item.wz/Special/0910.img/9101105/info/iconRaw.png
Special,0910,9101106,,,1,0,,,,Item/Item.wz/Special/0910.img.xml,Item/Item.wz/Special/0910.img/9101106/info,Item/Item.wz/Special/0910.img/9101106/info/icon.png,Item/Item.wz/Special/0910.img/9101106/info/iconRaw.png
Special,0910,9101107,,,1,0,,,,Item/Item.wz/Special/0910.img.xml,Item/Item.wz/Special/0910.img/9101107/info,Item/Item.wz/Special/0910.img/9101107/info/icon.png,Item/Item.wz/Special/0910.img/9101107/info/iconRaw.png
Special,0910,9101108,,,1,0,,,,Item/Item.wz/Special/0910.img.xml,Item/Item.wz/Special/0910.img/9101108/info,Item/Item.wz/Special/0910.img/9101108/info/icon.png,Item/Item.wz/Special/0910.img/9101108/info/iconRaw.png
Special,0910,9101109,,,1,0,,,,Item/Item.wz/Special/0910.img.xml,Item/Item.wz/Special/0910.img/9101109/info,Item/Item.wz/Special/0910.img/9101109/info/icon.png,Item/Item.wz/Special/0910.img/9101109/info/iconRaw.png
Special,0910,9101110,,,1,0,,,,Item/Item.wz/Special/0910.img.xml,Item/Item.wz/Special/0910.img/9101110/info,Item/Item.wz/Special/0910.img/9101110/info/icon.png,Item/Item.wz/Special/0910.img/9101110/info/iconRaw.png
Special,0910,9101111,,,1,0,,,,Item/Item.wz/Special/0910.img.xml,Item/Item.wz/Special/0910.img/9101111/info,Item/Item.wz/Special/0910.img/9101111/info/icon.png,Item/Item.wz/Special/0910.img/9101111/info/iconRaw.png
Special,0910,9101112,,,1,0,,,,Item/Item.wz/Special/0910.img.xml,Item/Item.wz/Special/0910.img/9101112/info,Item/Item.wz/Special/0910.img/9101112/info/icon.png,Item/Item.wz/Special/0910.img/9101112/info/iconRaw.png
Special,0910,9101113,,,1,0,,,,Item/Item.wz/Special/0910.img.xml,Item/Item.wz/Special/0910.img/9101113/info,Item/Item.wz/Special/0910.img/9101113/info/icon.png,Item/Item.wz/Special/0910.img/9101113/info/iconRaw.png
Special,0910,9101114,,,1,0,,,,Item/Item.wz/Special/0910.img.xml,Item/Item.wz/Special/0910.img/9101114/info,Item/Item.wz/Special/0910.img/9101114/info/icon.png,Item/Item.wz/Special/0910.img/9101114/info/iconRaw.png
Special,0910,9101115,,,1,0,,,,Item/Item.wz/Special/0910.img.xml,Item/Item.wz/Special/0910.img/9101115/info,Item/Item.wz/Special/0910.img/9101115/info/icon.png,Item/Item.wz/Special/0910.img/9101115/info/iconRaw.png
Special,0910,9101116,,,1,0,,,,Item/Item.wz/Special/0910.img.xml,Item/Item.wz/Special/0910.img/9101116/info,Item/Item.wz/Special/0910.img/9101116/info/icon.png,Item/Item.wz/Special/0910.img/9101116/info/iconRaw.png
Special,0910,9101117,,,1,0,,,,Item/Item.wz/Special/0910.img.xml,Item/Item.wz/Special/0910.img/9101117/info,Item/Item.wz/Special/0910.img/9101117/info/icon.png,Item/Item.wz/Special/0910.img/9101117/info/iconRaw.png
Special,0910,9101118,,,1,0,,,,Item/Item.wz/Special/0910.img.xml,Item/Item.wz/Special/0910.img/9101118/info,Item/Item.wz/Special/0910.img/9101118/info/icon.png,Item/Item.wz/Special/0910.img/9101118/info/iconRaw.png
Special,0910,9101119,,,1,0,,,,Item/Item.wz/Special/0910.img.xml,Item/Item.wz/Special/0910.img/9101119/info,Item/Item.wz/Special/0910.img/9101119/info/icon.png,Item/Item.wz/Special/0910.img/9101119/info/iconRaw.png
Special,0910,9101120,,,1,0,,,,Item/Item.wz/Special/0910.img.xml,Item/Item.wz/Special/0910.img/9101120/info,Item/Item.wz/Special/0910.img/9101120/info/icon.png,Item/Item.wz/Special/0910.img/9101120/info/iconRaw.png
Special,0910,9101121,,,1,0,,,,Item/Item.wz/Special/0910.img.xml,Item/Item.wz/Special/0910.img/9101121/info,Item/Item.wz/Special/0910.img/9101121/info/icon.png,Item/Item.wz/Special/0910.img/9101121/info/iconRaw.png
Special,0910,9101122,,,1,0,,,,Item/Item.wz/Special/0910.img.xml,Item/Item.wz/Special/0910.img/9101122/info,Item/Item.wz/Special/0910.img/9101122/info/icon.png,Item/Item.wz/Special/0910.img/9101122/info/iconRaw.png
Special,0910,9101123,,,1,0,,,,Item/Item.wz/Special/0910.img.xml,Item/Item.wz/Special/0910.img/9101123/info,Item/Item.wz/Special/0910.img/9101123/info/icon.png,Item/Item.wz/Special/0910.img/9101123/info/iconRaw.png
Special,0910,9101124,,,1,0,,,,Item/Item.wz/Special/0910.img.xml,Item/Item.wz/Special/0910.img/9101124/info,Item/Item.wz/Special/0910.img/9101124/info/icon.png,Item/Item.wz/Special/0910.img/9101124/info/iconRaw.png
Special,0910,9101125,,,1,0,,,,Item/Item.wz/Special/0910.img.xml,Item/Item.wz/Special/0910.img/9101125/info,Item/Item.wz/Special/0910.img/9101125/info/icon.png,Item/Item.wz/Special/0910.img/9101125/info/iconRaw.png
Special,0910,9101126,,,1,0,,,,Item/Item.wz/Special/0910.img.xml,Item/Item.wz/Special/0910.img/9101126/info,Item/Item.wz/Special/0910.img/9101126/info/icon.png,Item/Item.wz/Special/0910.img/9101126/info/iconRaw.png
Special,0910,9101127,,,1,0,,,,Item/Item.wz/Special/0910.img.xml,Item/Item.wz/Special/0910.img/9101127/info,Item/Item.wz/Special/0910.img/9101127/info/icon.png,Item/Item.wz/Special/0910.img/9101127/info/iconRaw.png
Special,0910,9101128,,,1,0,,,,Item/Item.wz/Special/0910.img.xml,Item/Item.wz/Special/0910.img/9101128/info,Item/Item.wz/Special/0910.img/9101128/info/icon.png,Item/Item.wz/Special/0910.img/9101128/info/iconRaw.png
Special,0910,9101129,,,1,0,,,,Item/Item.wz/Special/0910.img.xml,Item/Item.wz/Special/0910.img/9101129/info,Item/Item.wz/Special/0910.img/9101129/info/icon.png,Item/Item.wz/Special/0910.img/9101129/info/iconRaw.png
Special,0910,9101130,,,1,0,,,,Item/Item.wz/Special/0910.img.xml,Item/Item.wz/Special/0910.img/9101130/info,Item/Item.wz/Special/0910.img/9101130/info/icon.png,Item/Item.wz/Special/0910.img/9101130/info/iconRaw.png
Special,0910,9101131,,,1,0,,,,Item/Item.wz/Special/0910.img.xml,Item/Item.wz/Special/0910.img/9101131/info,Item/Item.wz/Special/0910.img/9101131/info/icon.png,Item/Item.wz/Special/0910.img/9101131/info/iconRaw.png
Special,0910,9101132,,,1,0,,,,Item/Item.wz/Special/0910.img.xml,Item/Item.wz/Special/0910.img/9101132/info,Item/Item.wz/Special/0910.img/9101132/info/icon.png,Item/Item.wz/Special/0910.img/9101132/info/iconRaw.png
Special,0910,9101133,,,1,0,,,,Item/Item.wz/Special/0910.img.xml,Item/Item.wz/Special/0910.img/9101133/info,Item/Item.wz/Special/0910.img/9101133/info/icon.png,Item/Item.wz/Special/0910.img/9101133/info/iconRaw.png
Special,0910,9101134,,,1,0,,,,Item/Item.wz/Special/0910.img.xml,Item/Item.wz/Special/0910.img/9101134/info,Item/Item.wz/Special/0910.img/9101134/info/icon.png,Item/Item.wz/Special/0910.img/9101134/info/iconRaw.png
Special,0910,9101135,,,1,0,,,,Item/Item.wz/Special/0910.img.xml,Item/Item.wz/Special/0910.img/9101135/info,Item/Item.wz/Special/0910.img/9101135/info/icon.png,Item/Item.wz/Special/0910.img/9101135/info/iconRaw.png
Special,0910,9101142,,,1,0,,,,Item/Item.wz/Special/0910.img.xml,Item/Item.wz/Special/0910.img/9101142/info,Item/Item.wz/Special/0910.img/9101142/info/icon.png,Item/Item.wz/Special/0910.img/9101142/info/iconRaw.png
Special,0910,9101143,,,1,0,,,,Item/Item.wz/Special/0910.img.xml,Item/Item.wz/Special/0910.img/9101143/info,Item/Item.wz/Special/0910.img/9101143/info/icon.png,Item/Item.wz/Special/0910.img/9101143/info/iconRaw.png
Special,0910,9101144,,,1,0,,,,Item/Item.wz/Special/0910.img.xml,Item/Item.wz/Special/0910.img/9101144/info,Item/Item.wz/Special/0910.img/9101144/info/icon.png,Item/Item.wz/Special/0910.img/9101144/info/iconRaw.png
Special,0910,9101145,,,1,0,,,,Item/Item.wz/Special/0910.img.xml,Item/Item.wz/Special/0910.img/9101145/info,Item/Item.wz/Special/0910.img/9101145/info/icon.png,Item/Item.wz/Special/0910.img/9101145/info/iconRaw.png
Special,0910,9101146,,,1,0,,,,Item/Item.wz/Special/0910.img.xml,Item/Item.wz/Special/0910.img/9101146/info,Item/Item.wz/Special/0910.img/9101146/info/icon.png,Item/Item.wz/Special/0910.img/9101146/info/iconRaw.png
Special,0910,9101147,,,1,0,,,,Item/Item.wz/Special/0910.img.xml,Item/Item.wz/Special/0910.img/9101147/info,Item/Item.wz/Special/0910.img/9101147/info/icon.png,Item/Item.wz/Special/0910.img/9101147/info/iconRaw.png
Special,0910,9101148,,,1,0,,,,Item/Item.wz/Special/0910.img.xml,Item/Item.wz/Special/0910.img/9101148/info,Item/Item.wz/Special/0910.img/9101148/info/icon.png,Item/Item.wz/Special/0910.img/9101148/info/iconRaw.png
Special,0910,9101149,,,1,0,,,,Item/Item.wz/Special/0910.img.xml,Item/Item.wz/Special/0910.img/9101149/info,Item/Item.wz/Special/0910.img/9101149/info/icon.png,Item/Item.wz/Special/0910.img/9101149/info/iconRaw.png
Special,0910,9101150,,,1,0,,,,Item/Item.wz/Special/0910.img.xml,Item/Item.wz/Special/0910.img/9101150/info,Item/Item.wz/Special/0910.img/9101150/info/icon.png,Item/Item.wz/Special/0910.img/9101150/info/iconRaw.png
Special,0910,9101151,,,1,0,,,,Item/Item.wz/Special/0910.img.xml,Item/Item.wz/Special/0910.img/9101151/info,Item/Item.wz/Special/0910.img/9101151/info/icon.png,Item/Item.wz/Special/0910.img/9101151/info/iconRaw.png
Special,0910,9101152,,,1,0,,,,Item/Item.wz/Special/0910.img.xml,Item/Item.wz/Special/0910.img/9101152/info,Item/Item.wz/Special/0910.img/9101152/info/icon.png,Item/Item.wz/Special/0910.img/9101152/info/iconRaw.png
Special,0910,9101153,,,1,0,,,,Item/Item.wz/Special/0910.img.xml,Item/Item.wz/Special/0910.img/9101153/info,Item/Item.wz/Special/0910.img/9101153/info/icon.png,Item/Item.wz/Special/0910.img/9101153/info/iconRaw.png
Special,0910,9101154,,,1,0,,,,Item/Item.wz/Special/0910.img.xml,Item/Item.wz/Special/0910.img/9101154/info,Item/Item.wz/Special/0910.img/9101154/info/icon.png,Item/Item.wz/Special/0910.img/9101154/info/iconRaw.png
Special,0910,9101155,,,1,0,,,,Item/Item.wz/Special/0910.img.xml,Item/Item.wz/Special/0910.img/9101155/info,Item/Item.wz/Special/0910.img/9101155/info/icon.png,Item/Item.wz/Special/0910.img/9101155/info/iconRaw.png
Special,0910,9101156,,,1,0,,,,Item/Item.wz/Special/0910.img.xml,Item/Item.wz/Special/0910.img/9101156/info,Item/Item.wz/Special/0910.img/9101156/info/icon.png,Item/Item.wz/Special/0910.img/9101156/info/iconRaw.png
Special,0910,9101157,,,1,0,,,,Item/Item.wz/Special/0910.img.xml,Item/Item.wz/Special/0910.img/9101157/info,Item/Item.wz/Special/0910.img/9101157/info/icon.png,Item/Item.wz/Special/0910.img/9101157/info/iconRaw.png
Special,0910,9101158,,,1,0,,,,Item/Item.wz/Special/0910.img.xml,Item/Item.wz/Special/0910.img/9101158/info,Item/Item.wz/Special/0910.img/9101158/info/icon.png,Item/Item.wz/Special/0910.img/9101158/info/iconRaw.png
Special,0910,9101159,,,1,0,,,,Item/Item.wz/Special/0910.img.xml,Item/Item.wz/Special/0910.img/9101159/info,Item/Item.wz/Special/0910.img/9101159/info/icon.png,Item/Item.wz/Special/0910.img/9101159/info/iconRaw.png
Special,0910,9101160,,,1,0,,,,Item/Item.wz/Special/0910.img.xml,Item/Item.wz/Special/0910.img/9101160/info,Item/Item.wz/Special/0910.img/9101160/info/icon.png,Item/Item.wz/Special/0910.img/9101160/info/iconRaw.png
Special,0910,9101161,,,1,0,,,,Item/Item.wz/Special/0910.img.xml,Item/Item.wz/Special/0910.img/9101161/info,Item/Item.wz/Special/0910.img/9101161/info/icon.png,Item/Item.wz/Special/0910.img/9101161/info/iconRaw.png
Special,0910,9101162,,,1,0,,,,Item/Item.wz/Special/0910.img.xml,Item/Item.wz/Special/0910.img/9101162/info,Item/Item.wz/Special/0910.img/9101162/info/icon.png,Item/Item.wz/Special/0910.img/9101162/info/iconRaw.png
Special,0910,9101163,,,1,0,,,,Item/Item.wz/Special/0910.img.xml,Item/Item.wz/Special/0910.img/9101163/info,Item/Item.wz/Special/0910.img/9101163/info/icon.png,Item/Item.wz/Special/0910.img/9101163/info/iconRaw.png
Special,0910,9101164,,,1,0,,,,Item/Item.wz/Special/0910.img.xml,Item/Item.wz/Special/0910.img/9101164/info,Item/Item.wz/Special/0910.img/9101164/info/icon.png,Item/Item.wz/Special/0910.img/9101164/info/iconRaw.png
Special,0910,9101165,,,1,0,,,,Item/Item.wz/Special/0910.img.xml,Item/Item.wz/Special/0910.img/9101165/info,Item/Item.wz/Special/0910.img/9101165/info/icon.png,Item/Item.wz/Special/0910.img/9101165/info/iconRaw.png
Special,0910,9101166,,,1,0,,,,Item/Item.wz/Special/0910.img.xml,Item/Item.wz/Special/0910.img/9101166/info,Item/Item.wz/Special/0910.img/9101166/info/icon.png,Item/Item.wz/Special/0910.img/9101166/info/iconRaw.png
Special,0910,9101167,,,1,0,,,,Item/Item.wz/Special/0910.img.xml,Item/Item.wz/Special/0910.img/9101167/info,Item/Item.wz/Special/0910.img/9101167/info/icon.png,Item/Item.wz/Special/0910.img/9101167/info/iconRaw.png
Special,0910,9101168,,,1,0,,,,Item/Item.wz/Special/0910.img.xml,Item/Item.wz/Special/0910.img/9101168/info,Item/Item.wz/Special/0910.img/9101168/info/icon.png,Item/Item.wz/Special/0910.img/9101168/info/iconRaw.png
Special,0910,9101169,,,1,0,,,,Item/Item.wz/Special/0910.img.xml,Item/Item.wz/Special/0910.img/9101169/info,Item/Item.wz/Special/0910.img/9101169/info/icon.png,Item/Item.wz/Special/0910.img/9101169/info/iconRaw.png
Special,0910,9101170,,,1,0,,,,Item/Item.wz/Special/0910.img.xml,Item/Item.wz/Special/0910.img/9101170/info,Item/Item.wz/Special/0910.img/9101170/info/icon.png,Item/Item.wz/Special/0910.img/9101170/info/iconRaw.png
Special,0910,9101171,,,1,0,,,,Item/Item.wz/Special/0910.img.xml,Item/Item.wz/Special/0910.img/9101171/info,Item/Item.wz/Special/0910.img/9101171/info/icon.png,Item/Item.wz/Special/0910.img/9101171/info/iconRaw.png
Special,0910,9101172,,,1,0,,,,Item/Item.wz/Special/0910.img.xml,Item/Item.wz/Special/0910.img/9101172/info,Item/Item.wz/Special/0910.img/9101172/info/icon.png,Item/Item.wz/Special/0910.img/9101172/info/iconRaw.png
Special,0910,9101173,,,1,0,,,,Item/Item.wz/Special/0910.img.xml,Item/Item.wz/Special/0910.img/9101173/info,Item/Item.wz/Special/0910.img/9101173/info/icon.png,Item/Item.wz/Special/0910.img/9101173/info/iconRaw.png
Special,0910,9101174,,,1,0,,,,Item/Item.wz/Special/0910.img.xml,Item/Item.wz/Special/0910.img/9101174/info,Item/Item.wz/Special/0910.img/9101174/info/icon.png,Item/Item.wz/Special/0910.img/9101174/info/iconRaw.png
Special,0910,9101175,,,1,0,,,,Item/Item.wz/Special/0910.img.xml,Item/Item.wz/Special/0910.img/9101175/info,Item/Item.wz/Special/0910.img/9101175/info/icon.png,Item/Item.wz/Special/0910.img/9101175/info/iconRaw.png
Special,0910,9101176,,,1,0,,,,Item/Item.wz/Special/0910.img.xml,Item/Item.wz/Special/0910.img/9101176/info,Item/Item.wz/Special/0910.img/9101176/info/icon.png,Item/Item.wz/Special/0910.img/9101176/info/iconRaw.png
Special,0910,9101177,,,1,0,,,,Item/Item.wz/Special/0910.img.xml,Item/Item.wz/Special/0910.img/9101177/info,Item/Item.wz/Special/0910.img/9101177/info/icon.png,Item/Item.wz/Special/0910.img/9101177/info/iconRaw.png
Special,0910,9101178,,,1,0,,,,Item/Item.wz/Special/0910.img.xml,Item/Item.wz/Special/0910.img/9101178/info,Item/Item.wz/Special/0910.img/9101178/info/icon.png,Item/Item.wz/Special/0910.img/9101178/info/iconRaw.png
Special,0910,9101179,,,1,0,,,,Item/Item.wz/Special/0910.img.xml,Item/Item.wz/Special/0910.img/9101179/info,Item/Item.wz/Special/0910.img/9101179/info/icon.png,Item/Item.wz/Special/0910.img/9101179/info/iconRaw.png
Special,0910,9101180,,,1,0,,,,Item/Item.wz/Special/0910.img.xml,Item/Item.wz/Special/0910.img/9101180/info,Item/Item.wz/Special/0910.img/9101180/info/icon.png,Item/Item.wz/Special/0910.img/9101180/info/iconRaw.png
Special,0910,9101181,,,1,0,,,,Item/Item.wz/Special/0910.img.xml,Item/Item.wz/Special/0910.img/9101181/info,Item/Item.wz/Special/0910.img/9101181/info/icon.png,Item/Item.wz/Special/0910.img/9101181/info/iconRaw.png
Special,0910,9101182,,,1,0,,,,Item/Item.wz/Special/0910.img.xml,Item/Item.wz/Special/0910.img/9101182/info,Item/Item.wz/Special/0910.img/9101182/info/icon.png,Item/Item.wz/Special/0910.img/9101182/info/iconRaw.png
Special,0910,9101183,,,1,0,,,,Item/Item.wz/Special/0910.img.xml,Item/Item.wz/Special/0910.img/9101183/info,Item/Item.wz/Special/0910.img/9101183/info/icon.png,Item/Item.wz/Special/0910.img/9101183/info/iconRaw.png
Special,0910,9101191,,,1,0,,,,Item/Item.wz/Special/0910.img.xml,Item/Item.wz/Special/0910.img/9101191/info,Item/Item.wz/Special/0910.img/9101191/info/icon.png,Item/Item.wz/Special/0910.img/9101191/info/iconRaw.png
Special,0910,9101192,,,1,0,,,,Item/Item.wz/Special/0910.img.xml,Item/Item.wz/Special/0910.img/9101192/info,Item/Item.wz/Special/0910.img/9101192/info/icon.png,Item/Item.wz/Special/0910.img/9101192/info/iconRaw.png
Special,0910,9101193,,,1,0,,,,Item/Item.wz/Special/0910.img.xml,Item/Item.wz/Special/0910.img/9101193/info,Item/Item.wz/Special/0910.img/9101193/info/icon.png,Item/Item.wz/Special/0910.img/9101193/info/iconRaw.png
Special,0910,9101197,,,1,0,,,,Item/Item.wz/Special/0910.img.xml,Item/Item.wz/Special/0910.img/9101197/info,Item/Item.wz/Special/0910.img/9101197/info/icon.png,Item/Item.wz/Special/0910.img/9101197/info/iconRaw.png
Special,0910,9101198,,,1,0,,,,Item/Item.wz/Special/0910.img.xml,Item/Item.wz/Special/0910.img/9101198/info,Item/Item.wz/Special/0910.img/9101198/info/icon.png,Item/Item.wz/Special/0910.img/9101198/info/iconRaw.png
Special,0910,9101199,,,1,0,,,,Item/Item.wz/Special/0910.img.xml,Item/Item.wz/Special/0910.img/9101199/info,Item/Item.wz/Special/0910.img/9101199/info/icon.png,Item/Item.wz/Special/0910.img/9101199/info/iconRaw.png
Special,0910,9101200,,,1,0,,,,Item/Item.wz/Special/0910.img.xml,Item/Item.wz/Special/0910.img/9101200/info,Item/Item.wz/Special/0910.img/9101200/info/icon.png,Item/Item.wz/Special/0910.img/9101200/info/iconRaw.png
Special,0910,9101225,,,1,0,,,,Item/Item.wz/Special/0910.img.xml,Item/Item.wz/Special/0910.img/9101225/info,Item/Item.wz/Special/0910.img/9101225/info/icon.png,Item/Item.wz/Special/0910.img/9101225/info/iconRaw.png
Special,0910,9101226,,,1,0,,,,Item/Item.wz/Special/0910.img.xml,Item/Item.wz/Special/0910.img/9101226/info,Item/Item.wz/Special/0910.img/9101226/info/icon.png,Item/Item.wz/Special/0910.img/9101226/info/iconRaw.png
Special,0910,9101233,,,1,0,,,,Item/Item.wz/Special/0910.img.xml,Item/Item.wz/Special/0910.img/9101233/info,Item/Item.wz/Special/0910.img/9101233/info/icon.png,Item/Item.wz/Special/0910.img/9101233/info/iconRaw.png
Special,0910,9101234,,,1,0,,,,Item/Item.wz/Special/0910.img.xml,Item/Item.wz/Special/0910.img/9101234/info,Item/Item.wz/Special/0910.img/9101234/info/icon.png,Item/Item.wz/Special/0910.img/9101234/info/iconRaw.png
Special,0910,9101254,,,1,0,,,,Item/Item.wz/Special/0910.img.xml,Item/Item.wz/Special/0910.img/9101254/info,Item/Item.wz/Special/0910.img/9101254/info/icon.png,Item/Item.wz/Special/0910.img/9101254/info/iconRaw.png
Special,0910,9101255,,,1,0,,,,Item/Item.wz/Special/0910.img.xml,Item/Item.wz/Special/0910.img/9101255/info,Item/Item.wz/Special/0910.img/9101255/info/icon.png,Item/Item.wz/Special/0910.img/9101255/info/iconRaw.png
Special,0910,9101256,,,1,0,,,,Item/Item.wz/Special/0910.img.xml,Item/Item.wz/Special/0910.img/9101256/info,Item/Item.wz/Special/0910.img/9101256/info/icon.png,Item/Item.wz/Special/0910.img/9101256/info/iconRaw.png
Special,0910,9101257,,,1,0,,,,Item/Item.wz/Special/0910.img.xml,Item/Item.wz/Special/0910.img/9101257/info,Item/Item.wz/Special/0910.img/9101257/info/icon.png,Item/Item.wz/Special/0910.img/9101257/info/iconRaw.png
Special,0910,9101258,,,1,0,,,,Item/Item.wz/Special/0910.img.xml,Item/Item.wz/Special/0910.img/9101258/info,Item/Item.wz/Special/0910.img/9101258/info/icon.png,Item/Item.wz/Special/0910.img/9101258/info/iconRaw.png
Special,0910,9101259,,,1,0,,,,Item/Item.wz/Special/0910.img.xml,Item/Item.wz/Special/0910.img/9101259/info,Item/Item.wz/Special/0910.img/9101259/info/icon.png,Item/Item.wz/Special/0910.img/9101259/info/iconRaw.png
Special,0910,9101260,,,1,0,,,,Item/Item.wz/Special/0910.img.xml,Item/Item.wz/Special/0910.img/9101260/info,Item/Item.wz/Special/0910.img/9101260/info/icon.png,Item/Item.wz/Special/0910.img/9101260/info/iconRaw.png
Special,0910,9101261,,,1,0,,,,Item/Item.wz/Special/0910.img.xml,Item/Item.wz/Special/0910.img/9101261/info,Item/Item.wz/Special/0910.img/9101261/info/icon.png,Item/Item.wz/Special/0910.img/9101261/info/iconRaw.png
Special,0910,9101262,,,1,0,,,,Item/Item.wz/Special/0910.img.xml,Item/Item.wz/Special/0910.img/9101262/info,Item/Item.wz/Special/0910.img/9101262/info/icon.png,Item/Item.wz/Special/0910.img/9101262/info/iconRaw.png
Special,0910,9101263,,,1,0,,,,Item/Item.wz/Special/0910.img.xml,Item/Item.wz/Special/0910.img/9101263/info,Item/Item.wz/Special/0910.img/9101263/info/icon.png,Item/Item.wz/Special/0910.img/9101263/info/iconRaw.png
Special,0910,9101264,,,1,0,,,,Item/Item.wz/Special/0910.img.xml,Item/Item.wz/Special/0910.img/9101264/info,Item/Item.wz/Special/0910.img/9101264/info/icon.png,Item/Item.wz/Special/0910.img/9101264/info/iconRaw.png
Special,0910,9101265,,,1,0,,,,Item/Item.wz/Special/0910.img.xml,Item/Item.wz/Special/0910.img/9101265/info,Item/Item.wz/Special/0910.img/9101265/info/icon.png,Item/Item.wz/Special/0910.img/9101265/info/iconRaw.png
Special,0910,9101266,,,1,0,,,,Item/Item.wz/Special/0910.img.xml,Item/Item.wz/Special/0910.img/9101266/info,Item/Item.wz/Special/0910.img/9101266/info/icon.png,Item/Item.wz/Special/0910.img/9101266/info/iconRaw.png
Special,0910,9101276,,,1,0,,,,Item/Item.wz/Special/0910.img.xml,Item/Item.wz/Special/0910.img/9101276/info,Item/Item.wz/Special/0910.img/9101276/info/icon.png,Item/Item.wz/Special/0910.img/9101276/info/iconRaw.png
Special,0910,9101277,,,1,0,,,,Item/Item.wz/Special/0910.img.xml,Item/Item.wz/Special/0910.img/9101277/info,Item/Item.wz/Special/0910.img/9101277/info/icon.png,Item/Item.wz/Special/0910.img/9101277/info/iconRaw.png
Special,0910,9101279,,,1,0,,,,Item/Item.wz/Special/0910.img.xml,Item/Item.wz/Special/0910.img/9101279/info,Item/Item.wz/Special/0910.img/9101279/info/icon.png,Item/Item.wz/Special/0910.img/9101279/info/iconRaw.png
Special,0910,9101280,,,1,0,,,,Item/Item.wz/Special/0910.img.xml,Item/Item.wz/Special/0910.img/9101280/info,Item/Item.wz/Special/0910.img/9101280/info/icon.png,Item/Item.wz/Special/0910.img/9101280/info/iconRaw.png
Special,0910,9101281,,,1,0,,,,Item/Item.wz/Special/0910.img.xml,Item/Item.wz/Special/0910.img/9101281/info,Item/Item.wz/Special/0910.img/9101281/info/icon.png,Item/Item.wz/Special/0910.img/9101281/info/iconRaw.png
Special,0910,9101282,,,1,0,,,,Item/Item.wz/Special/0910.img.xml,Item/Item.wz/Special/0910.img/9101282/info,Item/Item.wz/Special/0910.img/9101282/info/icon.png,Item/Item.wz/Special/0910.img/9101282/info/iconRaw.png
Special,0910,9101283,,,1,0,,,,Item/Item.wz/Special/0910.img.xml,Item/Item.wz/Special/0910.img/9101283/info,Item/Item.wz/Special/0910.img/9101283/info/icon.png,Item/Item.wz/Special/0910.img/9101283/info/iconRaw.png
Special,0910,9101284,,,1,0,,,,Item/Item.wz/Special/0910.img.xml,Item/Item.wz/Special/0910.img/9101284/info,Item/Item.wz/Special/0910.img/9101284/info/icon.png,Item/Item.wz/Special/0910.img/9101284/info/iconRaw.png
Special,0910,9101290,,,1,0,,,,Item/Item.wz/Special/0910.img.xml,Item/Item.wz/Special/0910.img/9101290/info,Item/Item.wz/Special/0910.img/9101290/info/icon.png,Item/Item.wz/Special/0910.img/9101290/info/iconRaw.png
Special,0910,9101291,,,0,0,,,,Item/Item.wz/Special/0910.img.xml,Item/Item.wz/Special/0910.img/9101291/info,Item/Item.wz/Special/0910.img/9101291/info/icon.png,Item/Item.wz/Special/0910.img/9101291/info/iconRaw.png
Special,0910,9101292,,,1,0,,,,Item/Item.wz/Special/0910.img.xml,Item/Item.wz/Special/0910.img/9101292/info,Item/Item.wz/Special/0910.img/9101292/info/icon.png,Item/Item.wz/Special/0910.img/9101292/info/iconRaw.png
Special,0910,9101293,,,1,0,,,,Item/Item.wz/Special/0910.img.xml,Item/Item.wz/Special/0910.img/9101293/info,Item/Item.wz/Special/0910.img/9101293/info/icon.png,Item/Item.wz/Special/0910.img/9101293/info/iconRaw.png
Special,0910,9101294,,,1,0,,,,Item/Item.wz/Special/0910.img.xml,Item/Item.wz/Special/0910.img/9101294/info,Item/Item.wz/Special/0910.img/9101294/info/icon.png,Item/Item.wz/Special/0910.img/9101294/info/iconRaw.png
Special,0910,9101295,,,1,0,,,,Item/Item.wz/Special/0910.img.xml,Item/Item.wz/Special/0910.img/9101295/info,Item/Item.wz/Special/0910.img/9101295/info/icon.png,Item/Item.wz/Special/0910.img/9101295/info/iconRaw.png
Special,0910,9101296,,,1,0,,,,Item/Item.wz/Special/0910.img.xml,Item/Item.wz/Special/0910.img/9101296/info,Item/Item.wz/Special/0910.img/9101296/info/icon.png,Item/Item.wz/Special/0910.img/9101296/info/iconRaw.png
Special,0910,9101297,,,0,0,,,,Item/Item.wz/Special/0910.img.xml,Item/Item.wz/Special/0910.img/9101297/info,Item/Item.wz/Special/0910.img/9101297/info/icon.png,Item/Item.wz/Special/0910.img/9101297/info/iconRaw.png
Special,0910,9101298,,,1,0,,,,Item/Item.wz/Special/0910.img.xml,Item/Item.wz/Special/0910.img/9101298/info,Item/Item.wz/Special/0910.img/9101298/info/icon.png,Item/Item.wz/Special/0910.img/9101298/info/iconRaw.png
Special,0910,9101299,,,1,0,,,,Item/Item.wz/Special/0910.img.xml,Item/Item.wz/Special/0910.img/9101299/info,Item/Item.wz/Special/0910.img/9101299/info/icon.png,Item/Item.wz/Special/0910.img/9101299/info/iconRaw.png
Special,0910,9101300,,,1,0,,,,Item/Item.wz/Special/0910.img.xml,Item/Item.wz/Special/0910.img/9101300/info,Item/Item.wz/Special/0910.img/9101300/info/icon.png,Item/Item.wz/Special/0910.img/9101300/info/iconRaw.png
Special,0910,9101301,,,0,0,,,,Item/Item.wz/Special/0910.img.xml,Item/Item.wz/Special/0910.img/9101301/info,Item/Item.wz/Special/0910.img/9101301/info/icon.png,Item/Item.wz/Special/0910.img/9101301/info/iconRaw.png
Special,0910,9101302,,,1,0,,,,Item/Item.wz/Special/0910.img.xml,Item/Item.wz/Special/0910.img/9101302/info,Item/Item.wz/Special/0910.img/9101302/info/icon.png,Item/Item.wz/Special/0910.img/9101302/info/iconRaw.png
Special,0910,9101310,,,1,0,,,,Item/Item.wz/Special/0910.img.xml,Item/Item.wz/Special/0910.img/9101310/info,Item/Item.wz/Special/0910.img/9101310/info/icon.png,Item/Item.wz/Special/0910.img/9101310/info/iconRaw.png
Special,0910,9101311,,,0,0,,,,Item/Item.wz/Special/0910.img.xml,Item/Item.wz/Special/0910.img/9101311/info,Item/Item.wz/Special/0910.img/9101311/info/icon.png,Item/Item.wz/Special/0910.img/9101311/info/iconRaw.png
Special,0910,9101312,,,1,0,,,,Item/Item.wz/Special/0910.img.xml,Item/Item.wz/Special/0910.img/9101312/info,Item/Item.wz/Special/0910.img/9101312/info/icon.png,Item/Item.wz/Special/0910.img/9101312/info/iconRaw.png
Special,0910,9101313,,,1,0,,,,Item/Item.wz/Special/0910.img.xml,Item/Item.wz/Special/0910.img/9101313/info,Item/Item.wz/Special/0910.img/9101313/info/icon.png,Item/Item.wz/Special/0910.img/9101313/info/iconRaw.png
Special,0910,9101314,,,1,0,,,,Item/Item.wz/Special/0910.img.xml,Item/Item.wz/Special/0910.img/9101314/info,Item/Item.wz/Special/0910.img/9101314/info/icon.png,Item/Item.wz/Special/0910.img/9101314/info/iconRaw.png
Special,0910,9101315,,,1,0,,,,Item/Item.wz/Special/0910.img.xml,Item/Item.wz/Special/0910.img/9101315/info,Item/Item.wz/Special/0910.img/9101315/info/icon.png,Item/Item.wz/Special/0910.img/9101315/info/iconRaw.png
Special,0910,9101316,,,1,0,,,,Item/Item.wz/Special/0910.img.xml,Item/Item.wz/Special/0910.img/9101316/info,Item/Item.wz/Special/0910.img/9101316/info/icon.png,Item/Item.wz/Special/0910.img/9101316/info/iconRaw.png
Special,0910,9101317,,,1,0,,,,Item/Item.wz/Special/0910.img.xml,Item/Item.wz/Special/0910.img/9101317/info,Item/Item.wz/Special/0910.img/9101317/info/icon.png,Item/Item.wz/Special/0910.img/9101317/info/iconRaw.png
Special,0910,9101318,,,1,0,,,,Item/Item.wz/Special/0910.img.xml,Item/Item.wz/Special/0910.img/9101318/info,Item/Item.wz/Special/0910.img/9101318/info/icon.png,Item/Item.wz/Special/0910.img/9101318/info/iconRaw.png
Special,0910,9101319,,,1,0,,,,Item/Item.wz/Special/0910.img.xml,Item/Item.wz/Special/0910.img/9101319/info,Item/Item.wz/Special/0910.img/9101319/info/icon.png,Item/Item.wz/Special/0910.img/9101319/info/iconRaw.png
Special,0910,9101320,,,1,0,,,,Item/Item.wz/Special/0910.img.xml,Item/Item.wz/Special/0910.img/9101320/info,Item/Item.wz/Special/0910.img/9101320/info/icon.png,Item/Item.wz/Special/0910.img/9101320/info/iconRaw.png
Special,0910,9101346,,,0,0,,,,Item/Item.wz/Special/0910.img.xml,Item/Item.wz/Special/0910.img/9101346/info,Item/Item.wz/Special/0910.img/9101346/info/icon.png,Item/Item.wz/Special/0910.img/9101346/info/iconRaw.png
Special,0910,9101347,,,1,0,,,,Item/Item.wz/Special/0910.img.xml,Item/Item.wz/Special/0910.img/9101347/info,Item/Item.wz/Special/0910.img/9101347/info/icon.png,Item/Item.wz/Special/0910.img/9101347/info/iconRaw.png
Special,0910,9101348,,,1,0,,,,Item/Item.wz/Special/0910.img.xml,Item/Item.wz/Special/0910.img/9101348/info,Item/Item.wz/Special/0910.img/9101348/info/icon.png,Item/Item.wz/Special/0910.img/9101348/info/iconRaw.png
Special,0910,9101349,,,1,0,,,,Item/Item.wz/Special/0910.img.xml,Item/Item.wz/Special/0910.img/9101349/info,Item/Item.wz/Special/0910.img/9101349/info/icon.png,Item/Item.wz/Special/0910.img/9101349/info/iconRaw.png
Special,0910,9101356,,,1,0,,,,Item/Item.wz/Special/0910.img.xml,Item/Item.wz/Special/0910.img/9101356/info,Item/Item.wz/Special/0910.img/9101356/info/icon.png,Item/Item.wz/Special/0910.img/9101356/info/iconRaw.png
Special,0910,9101357,,,1,0,,,,Item/Item.wz/Special/0910.img.xml,Item/Item.wz/Special/0910.img/9101357/info,Item/Item.wz/Special/0910.img/9101357/info/icon.png,Item/Item.wz/Special/0910.img/9101357/info/iconRaw.png
Special,0910,9101358,,,1,0,,,,Item/Item.wz/Special/0910.img.xml,Item/Item.wz/Special/0910.img/9101358/info,Item/Item.wz/Special/0910.img/9101358/info/icon.png,Item/Item.wz/Special/0910.img/9101358/info/iconRaw.png
Special,0910,9101359,,,1,0,,,,Item/Item.wz/Special/0910.img.xml,Item/Item.wz/Special/0910.img/9101359/info,Item/Item.wz/Special/0910.img/9101359/info/icon.png,Item/Item.wz/Special/0910.img/9101359/info/iconRaw.png
Special,0910,9101360,,,1,0,,,,Item/Item.wz/Special/0910.img.xml,Item/Item.wz/Special/0910.img/9101360/info,Item/Item.wz/Special/0910.img/9101360/info/icon.png,Item/Item.wz/Special/0910.img/9101360/info/iconRaw.png
Special,0910,9101361,,,1,0,,,,Item/Item.wz/Special/0910.img.xml,Item/Item.wz/Special/0910.img/9101361/info,Item/Item.wz/Special/0910.img/9101361/info/icon.png,Item/Item.wz/Special/0910.img/9101361/info/iconRaw.png
Special,0910,9101362,,,1,0,,,,Item/Item.wz/Special/0910.img.xml,Item/Item.wz/Special/0910.img/9101362/info,Item/Item.wz/Special/0910.img/9101362/info/icon.png,Item/Item.wz/Special/0910.img/9101362/info/iconRaw.png
Special,0910,9101363,,,1,0,,,,Item/Item.wz/Special/0910.img.xml,Item/Item.wz/Special/0910.img/9101363/info,Item/Item.wz/Special/0910.img/9101363/info/icon.png,Item/Item.wz/Special/0910.img/9101363/info/iconRaw.png
Special,0910,9101364,,,1,0,,,,Item/Item.wz/Special/0910.img.xml,Item/Item.wz/Special/0910.img/9101364/info,Item/Item.wz/Special/0910.img/9101364/info/icon.png,Item/Item.wz/Special/0910.img/9101364/info/iconRaw.png
Special,0910,9101376,,,1,0,,,,Item/Item.wz/Special/0910.img.xml,Item/Item.wz/Special/0910.img/9101376/info,Item/Item.wz/Special/0910.img/9101376/info/icon.png,Item/Item.wz/Special/0910.img/9101376/info/iconRaw.png
Special,0910,9101377,,,1,0,,,,Item/Item.wz/Special/0910.img.xml,Item/Item.wz/Special/0910.img/9101377/info,Item/Item.wz/Special/0910.img/9101377/info/icon.png,Item/Item.wz/Special/0910.img/9101377/info/iconRaw.png
Special,0910,9101378,,,1,0,,,,Item/Item.wz/Special/0910.img.xml,Item/Item.wz/Special/0910.img/9101378/info,Item/Item.wz/Special/0910.img/9101378/info/icon.png,Item/Item.wz/Special/0910.img/9101378/info/iconRaw.png
Special,0910,9101379,,,1,0,,,,Item/Item.wz/Special/0910.img.xml,Item/Item.wz/Special/0910.img/9101379/info,Item/Item.wz/Special/0910.img/9101379/info/icon.png,Item/Item.wz/Special/0910.img/9101379/info/iconRaw.png
Special,0910,9101380,,,1,0,,,,Item/Item.wz/Special/0910.img.xml,Item/Item.wz/Special/0910.img/9101380/info,Item/Item.wz/Special/0910.img/9101380/info/icon.png,Item/Item.wz/Special/0910.img/9101380/info/iconRaw.png
Special,0910,9101385,,,1,0,,,,Item/Item.wz/Special/0910.img.xml,Item/Item.wz/Special/0910.img/9101385/info,Item/Item.wz/Special/0910.img/9101385/info/icon.png,Item/Item.wz/Special/0910.img/9101385/info/iconRaw.png
Special,0910,9101386,,,1,0,,,,Item/Item.wz/Special/0910.img.xml,Item/Item.wz/Special/0910.img/9101386/info,Item/Item.wz/Special/0910.img/9101386/info/icon.png,Item/Item.wz/Special/0910.img/9101386/info/iconRaw.png
Special,0910,9101387,,,1,0,,,,Item/Item.wz/Special/0910.img.xml,Item/Item.wz/Special/0910.img/9101387/info,Item/Item.wz/Special/0910.img/9101387/info/icon.png,Item/Item.wz/Special/0910.img/9101387/info/iconRaw.png
Special,0910,9101388,,,1,0,,,,Item/Item.wz/Special/0910.img.xml,Item/Item.wz/Special/0910.img/9101388/info,Item/Item.wz/Special/0910.img/9101388/info/icon.png,Item/Item.wz/Special/0910.img/9101388/info/iconRaw.png
Special,0910,9101389,,,1,0,,,,Item/Item.wz/Special/0910.img.xml,Item/Item.wz/Special/0910.img/9101389/info,Item/Item.wz/Special/0910.img/9101389/info/icon.png,Item/Item.wz/Special/0910.img/9101389/info/iconRaw.png
Special,0910,9101390,,,1,0,,,,Item/Item.wz/Special/0910.img.xml,Item/Item.wz/Special/0910.img/9101390/info,Item/Item.wz/Special/0910.img/9101390/info/icon.png,Item/Item.wz/Special/0910.img/9101390/info/iconRaw.png
Special,0910,9101391,,,1,0,,,,Item/Item.wz/Special/0910.img.xml,Item/Item.wz/Special/0910.img/9101391/info,Item/Item.wz/Special/0910.img/9101391/info/icon.png,Item/Item.wz/Special/0910.img/9101391/info/iconRaw.png
Special,0910,9101406,,,1,0,,,,Item/Item.wz/Special/0910.img.xml,Item/Item.wz/Special/0910.img/9101406/info,Item/Item.wz/Special/0910.img/9101406/info/icon.png,Item/Item.wz/Special/0910.img/9101406/info/iconRaw.png
Special,0910,9101407,,,1,0,,,,Item/Item.wz/Special/0910.img.xml,Item/Item.wz/Special/0910.img/9101407/info,Item/Item.wz/Special/0910.img/9101407/info/icon.png,Item/Item.wz/Special/0910.img/9101407/info/iconRaw.png
Special,0910,9101408,,,1,0,,,,Item/Item.wz/Special/0910.img.xml,Item/Item.wz/Special/0910.img/9101408/info,Item/Item.wz/Special/0910.img/9101408/info/icon.png,Item/Item.wz/Special/0910.img/9101408/info/iconRaw.png
Special,0910,9101409,,,0,0,,,,Item/Item.wz/Special/0910.img.xml,Item/Item.wz/Special/0910.img/9101409/info,Item/Item.wz/Special/0910.img/9101409/info/icon.png,Item/Item.wz/Special/0910.img/9101409/info/iconRaw.png
Special,0910,9101410,,,1,0,,,,Item/Item.wz/Special/0910.img.xml,Item/Item.wz/Special/0910.img/9101410/info,Item/Item.wz/Special/0910.img/9101410/info/icon.png,Item/Item.wz/Special/0910.img/9101410/info/iconRaw.png
Special,0910,9101411,,,1,0,,,,Item/Item.wz/Special/0910.img.xml,Item/Item.wz/Special/0910.img/9101411/info,Item/Item.wz/Special/0910.img/9101411/info/icon.png,Item/Item.wz/Special/0910.img/9101411/info/iconRaw.png
Special,0910,9101412,,,1,0,,,,Item/Item.wz/Special/0910.img.xml,Item/Item.wz/Special/0910.img/9101412/info,Item/Item.wz/Special/0910.img/9101412/info/icon.png,Item/Item.wz/Special/0910.img/9101412/info/iconRaw.png
Special,0910,9101413,,,0,0,,,,Item/Item.wz/Special/0910.img.xml,Item/Item.wz/Special/0910.img/9101413/info,Item/Item.wz/Special/0910.img/9101413/info/icon.png,Item/Item.wz/Special/0910.img/9101413/info/iconRaw.png
Special,0910,9101414,,,1,0,,,,Item/Item.wz/Special/0910.img.xml,Item/Item.wz/Special/0910.img/9101414/info,Item/Item.wz/Special/0910.img/9101414/info/icon.png,Item/Item.wz/Special/0910.img/9101414/info/iconRaw.png
Special,0910,9101415,,,0,0,,,,Item/Item.wz/Special/0910.img.xml,Item/Item.wz/Special/0910.img/9101415/info,Item/Item.wz/Special/0910.img/9101415/info/icon.png,Item/Item.wz/Special/0910.img/9101415/info/iconRaw.png
Special,0910,9101416,,,0,0,,,,Item/Item.wz/Special/0910.img.xml,Item/Item.wz/Special/0910.img/9101416/info,Item/Item.wz/Special/0910.img/9101416/info/icon.png,Item/Item.wz/Special/0910.img/9101416/info/iconRaw.png
Special,0910,9101417,,,0,0,,,,Item/Item.wz/Special/0910.img.xml,Item/Item.wz/Special/0910.img/9101417/info,Item/Item.wz/Special/0910.img/9101417/info/icon.png,Item/Item.wz/Special/0910.img/9101417/info/iconRaw.png
Special,0910,9101418,,,1,0,,,,Item/Item.wz/Special/0910.img.xml,Item/Item.wz/Special/0910.img/9101418/info,Item/Item.wz/Special/0910.img/9101418/info/icon.png,Item/Item.wz/Special/0910.img/9101418/info/iconRaw.png
Special,0910,9101426,,,1,0,,,,Item/Item.wz/Special/0910.img.xml,Item/Item.wz/Special/0910.img/9101426/info,Item/Item.wz/Special/0910.img/9101426/info/icon.png,Item/Item.wz/Special/0910.img/9101426/info/iconRaw.png
Special,0910,9101427,,,1,0,,,,Item/Item.wz/Special/0910.img.xml,Item/Item.wz/Special/0910.img/9101427/info,Item/Item.wz/Special/0910.img/9101427/info/icon.png,Item/Item.wz/Special/0910.img/9101427/info/iconRaw.png
Special,0910,9101428,,,1,0,,,,Item/Item.wz/Special/0910.img.xml,Item/Item.wz/Special/0910.img/9101428/info,Item/Item.wz/Special/0910.img/9101428/info/icon.png,Item/Item.wz/Special/0910.img/9101428/info/iconRaw.png
Special,0910,9101429,,,1,0,,,,Item/Item.wz/Special/0910.img.xml,Item/Item.wz/Special/0910.img/9101429/info,Item/Item.wz/Special/0910.img/9101429/info/icon.png,Item/Item.wz/Special/0910.img/9101429/info/iconRaw.png
Special,0910,9101430,,,1,0,,,,Item/Item.wz/Special/0910.img.xml,Item/Item.wz/Special/0910.img/9101430/info,Item/Item.wz/Special/0910.img/9101430/info/icon.png,Item/Item.wz/Special/0910.img/9101430/info/iconRaw.png
Special,0910,9101431,,,1,0,,,,Item/Item.wz/Special/0910.img.xml,Item/Item.wz/Special/0910.img/9101431/info,Item/Item.wz/Special/0910.img/9101431/info/icon.png,Item/Item.wz/Special/0910.img/9101431/info/iconRaw.png
Special,0910,9101432,,,1,0,,,,Item/Item.wz/Special/0910.img.xml,Item/Item.wz/Special/0910.img/9101432/info,Item/Item.wz/Special/0910.img/9101432/info/icon.png,Item/Item.wz/Special/0910.img/9101432/info/iconRaw.png
Special,0910,9101433,,,1,0,,,,Item/Item.wz/Special/0910.img.xml,Item/Item.wz/Special/0910.img/9101433/info,Item/Item.wz/Special/0910.img/9101433/info/icon.png,Item/Item.wz/Special/0910.img/9101433/info/iconRaw.png
Special,0910,9101434,,,1,0,,,,Item/Item.wz/Special/0910.img.xml,Item/Item.wz/Special/0910.img/9101434/info,Item/Item.wz/Special/0910.img/9101434/info/icon.png,Item/Item.wz/Special/0910.img/9101434/info/iconRaw.png
Special,0910,9101435,,,1,0,,,,Item/Item.wz/Special/0910.img.xml,Item/Item.wz/Special/0910.img/9101435/info,Item/Item.wz/Special/0910.img/9101435/info/icon.png,Item/Item.wz/Special/0910.img/9101435/info/iconRaw.png
Special,0910,9101436,,,1,0,,,,Item/Item.wz/Special/0910.img.xml,Item/Item.wz/Special/0910.img/9101436/info,Item/Item.wz/Special/0910.img/9101436/info/icon.png,Item/Item.wz/Special/0910.img/9101436/info/iconRaw.png
Special,0910,9101437,,,1,0,,,,Item/Item.wz/Special/0910.img.xml,Item/Item.wz/Special/0910.img/9101437/info,Item/Item.wz/Special/0910.img/9101437/info/icon.png,Item/Item.wz/Special/0910.img/9101437/info/iconRaw.png
Special,0910,9101441,,,1,0,,,,Item/Item.wz/Special/0910.img.xml,Item/Item.wz/Special/0910.img/9101441/info,Item/Item.wz/Special/0910.img/9101441/info/icon.png,Item/Item.wz/Special/0910.img/9101441/info/iconRaw.png
Special,0910,9101449,,,1,0,,,,Item/Item.wz/Special/0910.img.xml,Item/Item.wz/Special/0910.img/9101449/info,Item/Item.wz/Special/0910.img/9101449/info/icon.png,Item/Item.wz/Special/0910.img/9101449/info/iconRaw.png
Special,0910,9101450,,,1,0,,,,Item/Item.wz/Special/0910.img.xml,Item/Item.wz/Special/0910.img/9101450/info,Item/Item.wz/Special/0910.img/9101450/info/icon.png,Item/Item.wz/Special/0910.img/9101450/info/iconRaw.png
Special,0910,9101451,,,1,0,,,,Item/Item.wz/Special/0910.img.xml,Item/Item.wz/Special/0910.img/9101451/info,Item/Item.wz/Special/0910.img/9101451/info/icon.png,Item/Item.wz/Special/0910.img/9101451/info/iconRaw.png
Special,0910,9101452,,,1,0,,,,Item/Item.wz/Special/0910.img.xml,Item/Item.wz/Special/0910.img/9101452/info,Item/Item.wz/Special/0910.img/9101452/info/icon.png,Item/Item.wz/Special/0910.img/9101452/info/iconRaw.png
Special,0910,9101453,,,1,0,,,,Item/Item.wz/Special/0910.img.xml,Item/Item.wz/Special/0910.img/9101453/info,Item/Item.wz/Special/0910.img/9101453/info/icon.png,Item/Item.wz/Special/0910.img/9101453/info/iconRaw.png
Special,0910,9101458,,,0,0,,,,Item/Item.wz/Special/0910.img.xml,Item/Item.wz/Special/0910.img/9101458/info,Item/Item.wz/Special/0910.img/9101458/info/icon.png,Item/Item.wz/Special/0910.img/9101458/info/iconRaw.png
Special,0910,9101459,,,0,0,,,,Item/Item.wz/Special/0910.img.xml,Item/Item.wz/Special/0910.img/9101459/info,Item/Item.wz/Special/0910.img/9101459/info/icon.png,Item/Item.wz/Special/0910.img/9101459/info/iconRaw.png
Special,0910,9101460,,,0,0,,,,Item/Item.wz/Special/0910.img.xml,Item/Item.wz/Special/0910.img/9101460/info,Item/Item.wz/Special/0910.img/9101460/info/icon.png,Item/Item.wz/Special/0910.img/9101460/info/iconRaw.png
Special,0910,9101461,,,0,0,,,,Item/Item.wz/Special/0910.img.xml,Item/Item.wz/Special/0910.img/9101461/info,Item/Item.wz/Special/0910.img/9101461/info/icon.png,Item/Item.wz/Special/0910.img/9101461/info/iconRaw.png
Special,0910,9101462,,,0,0,,,,Item/Item.wz/Special/0910.img.xml,Item/Item.wz/Special/0910.img/9101462/info,Item/Item.wz/Special/0910.img/9101462/info/icon.png,Item/Item.wz/Special/0910.img/9101462/info/iconRaw.png
Special,0910,9101463,,,0,0,,,,Item/Item.wz/Special/0910.img.xml,Item/Item.wz/Special/0910.img/9101463/info,Item/Item.wz/Special/0910.img/9101463/info/icon.png,Item/Item.wz/Special/0910.img/9101463/info/iconRaw.png
Special,0910,9101464,,,0,0,,,,Item/Item.wz/Special/0910.img.xml,Item/Item.wz/Special/0910.img/9101464/info,Item/Item.wz/Special/0910.img/9101464/info/icon.png,Item/Item.wz/Special/0910.img/9101464/info/iconRaw.png
Special,0910,9101465,,,1,0,,,,Item/Item.wz/Special/0910.img.xml,Item/Item.wz/Special/0910.img/9101465/info,Item/Item.wz/Special/0910.img/9101465/info/icon.png,Item/Item.wz/Special/0910.img/9101465/info/iconRaw.png
Special,0910,9101466,,,0,0,,,,Item/Item.wz/Special/0910.img.xml,Item/Item.wz/Special/0910.img/9101466/info,Item/Item.wz/Special/0910.img/9101466/info/icon.png,Item/Item.wz/Special/0910.img/9101466/info/iconRaw.png
Special,0910,9101467,,,0,0,,,,Item/Item.wz/Special/0910.img.xml,Item/Item.wz/Special/0910.img/9101467/info,Item/Item.wz/Special/0910.img/9101467/info/icon.png,Item/Item.wz/Special/0910.img/9101467/info/iconRaw.png
Special,0910,9101468,,,0,0,,,,Item/Item.wz/Special/0910.img.xml,Item/Item.wz/Special/0910.img/9101468/info,Item/Item.wz/Special/0910.img/9101468/info/icon.png,Item/Item.wz/Special/0910.img/9101468/info/iconRaw.png
Special,0910,9101469,,,0,0,,,,Item/Item.wz/Special/0910.img.xml,Item/Item.wz/Special/0910.img/9101469/info,Item/Item.wz/Special/0910.img/9101469/info/icon.png,Item/Item.wz/Special/0910.img/9101469/info/iconRaw.png
Special,0910,9101470,,,0,0,,,,Item/Item.wz/Special/0910.img.xml,Item/Item.wz/Special/0910.img/9101470/info,Item/Item.wz/Special/0910.img/9101470/info/icon.png,Item/Item.wz/Special/0910.img/9101470/info/iconRaw.png
Special,0910,9101471,,,0,0,,,,Item/Item.wz/Special/0910.img.xml,Item/Item.wz/Special/0910.img/9101471/info,Item/Item.wz/Special/0910.img/9101471/info/icon.png,Item/Item.wz/Special/0910.img/9101471/info/iconRaw.png
Special,0910,9101472,,,0,0,,,,Item/Item.wz/Special/0910.img.xml,Item/Item.wz/Special/0910.img/9101472/info,Item/Item.wz/Special/0910.img/9101472/info/icon.png,Item/Item.wz/Special/0910.img/9101472/info/iconRaw.png
Special,0910,9101473,,,0,0,,,,Item/Item.wz/Special/0910.img.xml,Item/Item.wz/Special/0910.img/9101473/info,Item/Item.wz/Special/0910.img/9101473/info/icon.png,Item/Item.wz/Special/0910.img/9101473/info/iconRaw.png
Special,0910,9101474,,,1,0,,,,Item/Item.wz/Special/0910.img.xml,Item/Item.wz/Special/0910.img/9101474/info,Item/Item.wz/Special/0910.img/9101474/info/icon.png,Item/Item.wz/Special/0910.img/9101474/info/iconRaw.png
Special,0910,9101475,,,0,0,,,,Item/Item.wz/Special/0910.img.xml,Item/Item.wz/Special/0910.img/9101475/info,Item/Item.wz/Special/0910.img/9101475/info/icon.png,Item/Item.wz/Special/0910.img/9101475/info/iconRaw.png
Special,0910,9101476,,,0,0,,,,Item/Item.wz/Special/0910.img.xml,Item/Item.wz/Special/0910.img/9101476/info,Item/Item.wz/Special/0910.img/9101476/info/icon.png,Item/Item.wz/Special/0910.img/9101476/info/iconRaw.png
Special,0910,9101477,,,0,0,,,,Item/Item.wz/Special/0910.img.xml,Item/Item.wz/Special/0910.img/9101477/info,Item/Item.wz/Special/0910.img/9101477/info/icon.png,Item/Item.wz/Special/0910.img/9101477/info/iconRaw.png
Special,0910,9101478,,,0,0,,,,Item/Item.wz/Special/0910.img.xml,Item/Item.wz/Special/0910.img/9101478/info,Item/Item.wz/Special/0910.img/9101478/info/icon.png,Item/Item.wz/Special/0910.img/9101478/info/iconRaw.png
Special,0910,9101479,,,0,0,,,,Item/Item.wz/Special/0910.img.xml,Item/Item.wz/Special/0910.img/9101479/info,Item/Item.wz/Special/0910.img/9101479/info/icon.png,Item/Item.wz/Special/0910.img/9101479/info/iconRaw.png
Special,0910,9101480,,,0,0,,,,Item/Item.wz/Special/0910.img.xml,Item/Item.wz/Special/0910.img/9101480/info,Item/Item.wz/Special/0910.img/9101480/info/icon.png,Item/Item.wz/Special/0910.img/9101480/info/iconRaw.png
Special,0910,9101481,,,0,0,,,,Item/Item.wz/Special/0910.img.xml,Item/Item.wz/Special/0910.img/9101481/info,Item/Item.wz/Special/0910.img/9101481/info/icon.png,Item/Item.wz/Special/0910.img/9101481/info/iconRaw.png
Special,0910,9101482,,,0,0,,,,Item/Item.wz/Special/0910.img.xml,Item/Item.wz/Special/0910.img/9101482/info,Item/Item.wz/Special/0910.img/9101482/info/icon.png,Item/Item.wz/Special/0910.img/9101482/info/iconRaw.png
Special,0910,9101483,,,0,0,,,,Item/Item.wz/Special/0910.img.xml,Item/Item.wz/Special/0910.img/9101483/info,Item/Item.wz/Special/0910.img/9101483/info/icon.png,Item/Item.wz/Special/0910.img/9101483/info/iconRaw.png
Special,0910,9101484,,,0,0,,,,Item/Item.wz/Special/0910.img.xml,Item/Item.wz/Special/0910.img/9101484/info,Item/Item.wz/Special/0910.img/9101484/info/icon.png,Item/Item.wz/Special/0910.img/9101484/info/iconRaw.png
Special,0910,9101485,,,0,0,,,,Item/Item.wz/Special/0910.img.xml,Item/Item.wz/Special/0910.img/9101485/info,Item/Item.wz/Special/0910.img/9101485/info/icon.png,Item/Item.wz/Special/0910.img/9101485/info/iconRaw.png
Special,0910,9101486,,,0,0,,,,Item/Item.wz/Special/0910.img.xml,Item/Item.wz/Special/0910.img/9101486/info,Item/Item.wz/Special/0910.img/9101486/info/icon.png,Item/Item.wz/Special/0910.img/9101486/info/iconRaw.png
Special,0910,9101487,,,0,0,,,,Item/Item.wz/Special/0910.img.xml,Item/Item.wz/Special/0910.img/9101487/info,Item/Item.wz/Special/0910.img/9101487/info/icon.png,Item/Item.wz/Special/0910.img/9101487/info/iconRaw.png
Special,0910,9101488,,,1,0,,,,Item/Item.wz/Special/0910.img.xml,Item/Item.wz/Special/0910.img/9101488/info,Item/Item.wz/Special/0910.img/9101488/info/icon.png,Item/Item.wz/Special/0910.img/9101488/info/iconRaw.png
Special,0910,9101489,,,0,0,,,,Item/Item.wz/Special/0910.img.xml,Item/Item.wz/Special/0910.img/9101489/info,Item/Item.wz/Special/0910.img/9101489/info/icon.png,Item/Item.wz/Special/0910.img/9101489/info/iconRaw.png
Special,0910,9101490,,,0,0,,,,Item/Item.wz/Special/0910.img.xml,Item/Item.wz/Special/0910.img/9101490/info,Item/Item.wz/Special/0910.img/9101490/info/icon.png,Item/Item.wz/Special/0910.img/9101490/info/iconRaw.png
Special,0910,9101491,,,0,0,,,,Item/Item.wz/Special/0910.img.xml,Item/Item.wz/Special/0910.img/9101491/info,Item/Item.wz/Special/0910.img/9101491/info/icon.png,Item/Item.wz/Special/0910.img/9101491/info/iconRaw.png
Special,0910,9101492,,,0,0,,,,Item/Item.wz/Special/0910.img.xml,Item/Item.wz/Special/0910.img/9101492/info,Item/Item.wz/Special/0910.img/9101492/info/icon.png,Item/Item.wz/Special/0910.img/9101492/info/iconRaw.png
Special,0910,9101493,,,0,0,,,,Item/Item.wz/Special/0910.img.xml,Item/Item.wz/Special/0910.img/9101493/info,Item/Item.wz/Special/0910.img/9101493/info/icon.png,Item/Item.wz/Special/0910.img/9101493/info/iconRaw.png
Special,0910,9101494,,,0,0,,,,Item/Item.wz/Special/0910.img.xml,Item/Item.wz/Special/0910.img/9101494/info,Item/Item.wz/Special/0910.img/9101494/info/icon.png,Item/Item.wz/Special/0910.img/9101494/info/iconRaw.png
Special,0910,9101495,,,1,0,,,,Item/Item.wz/Special/0910.img.xml,Item/Item.wz/Special/0910.img/9101495/info,Item/Item.wz/Special/0910.img/9101495/info/icon.png,Item/Item.wz/Special/0910.img/9101495/info/iconRaw.png
Special,0910,9101496,,,0,0,,,,Item/Item.wz/Special/0910.img.xml,Item/Item.wz/Special/0910.img/9101496/info,Item/Item.wz/Special/0910.img/9101496/info/icon.png,Item/Item.wz/Special/0910.img/9101496/info/iconRaw.png
Special,0910,9101497,,,0,0,,,,Item/Item.wz/Special/0910.img.xml,Item/Item.wz/Special/0910.img/9101497/info,Item/Item.wz/Special/0910.img/9101497/info/icon.png,Item/Item.wz/Special/0910.img/9101497/info/iconRaw.png
Special,0910,9101513,,,1,0,,,,Item/Item.wz/Special/0910.img.xml,Item/Item.wz/Special/0910.img/9101513/info,Item/Item.wz/Special/0910.img/9101513/info/icon.png,Item/Item.wz/Special/0910.img/9101513/info/iconRaw.png
Special,0910,9101514,,,0,0,,,,Item/Item.wz/Special/0910.img.xml,Item/Item.wz/Special/0910.img/9101514/info,Item/Item.wz/Special/0910.img/9101514/info/icon.png,Item/Item.wz/Special/0910.img/9101514/info/iconRaw.png
Special,0910,9101515,,,0,0,,,,Item/Item.wz/Special/0910.img.xml,Item/Item.wz/Special/0910.img/9101515/info,Item/Item.wz/Special/0910.img/9101515/info/icon.png,Item/Item.wz/Special/0910.img/9101515/info/iconRaw.png
Special,0910,9101516,,,0,0,,,,Item/Item.wz/Special/0910.img.xml,Item/Item.wz/Special/0910.img/9101516/info,Item/Item.wz/Special/0910.img/9101516/info/icon.png,Item/Item.wz/Special/0910.img/9101516/info/iconRaw.png
Special,0910,9101517,,,0,0,,,,Item/Item.wz/Special/0910.img.xml,Item/Item.wz/Special/0910.img/9101517/info,Item/Item.wz/Special/0910.img/9101517/info/icon.png,Item/Item.wz/Special/0910.img/9101517/info/iconRaw.png
Special,0910,9101518,,,0,0,,,,Item/Item.wz/Special/0910.img.xml,Item/Item.wz/Special/0910.img/9101518/info,Item/Item.wz/Special/0910.img/9101518/info/icon.png,Item/Item.wz/Special/0910.img/9101518/info/iconRaw.png
Special,0910,9101519,,,0,0,,,,Item/Item.wz/Special/0910.img.xml,Item/Item.wz/Special/0910.img/9101519/info,Item/Item.wz/Special/0910.img/9101519/info/icon.png,Item/Item.wz/Special/0910.img/9101519/info/iconRaw.png
Special,0910,9101520,,,1,0,,,,Item/Item.wz/Special/0910.img.xml,Item/Item.wz/Special/0910.img/9101520/info,Item/Item.wz/Special/0910.img/9101520/info/icon.png,Item/Item.wz/Special/0910.img/9101520/info/iconRaw.png
Special,0910,9101521,,,0,0,,,,Item/Item.wz/Special/0910.img.xml,Item/Item.wz/Special/0910.img/9101521/info,Item/Item.wz/Special/0910.img/9101521/info/icon.png,Item/Item.wz/Special/0910.img/9101521/info/iconRaw.png
Special,0910,9101522,,,1,0,,,,Item/Item.wz/Special/0910.img.xml,Item/Item.wz/Special/0910.img/9101522/info,Item/Item.wz/Special/0910.img/9101522/info/icon.png,Item/Item.wz/Special/0910.img/9101522/info/iconRaw.png
Special,0910,9101523,,,0,0,,,,Item/Item.wz/Special/0910.img.xml,Item/Item.wz/Special/0910.img/9101523/info,Item/Item.wz/Special/0910.img/9101523/info/icon.png,Item/Item.wz/Special/0910.img/9101523/info/iconRaw.png
Special,0910,9101524,,,0,0,,,,Item/Item.wz/Special/0910.img.xml,Item/Item.wz/Special/0910.img/9101524/info,Item/Item.wz/Special/0910.img/9101524/info/icon.png,Item/Item.wz/Special/0910.img/9101524/info/iconRaw.png
Special,0910,9101525,,,0,0,,,,Item/Item.wz/Special/0910.img.xml,Item/Item.wz/Special/0910.img/9101525/info,Item/Item.wz/Special/0910.img/9101525/info/icon.png,Item/Item.wz/Special/0910.img/9101525/info/iconRaw.png
Special,0910,9101526,,,1,0,,,,Item/Item.wz/Special/0910.img.xml,Item/Item.wz/Special/0910.img/9101526/info,Item/Item.wz/Special/0910.img/9101526/info/icon.png,Item/Item.wz/Special/0910.img/9101526/info/iconRaw.png
Special,0910,9101527,,,0,0,,,,Item/Item.wz/Special/0910.img.xml,Item/Item.wz/Special/0910.img/9101527/info,Item/Item.wz/Special/0910.img/9101527/info/icon.png,Item/Item.wz/Special/0910.img/9101527/info/iconRaw.png
Special,0910,9101528,,,1,0,,,,Item/Item.wz/Special/0910.img.xml,Item/Item.wz/Special/0910.img/9101528/info,Item/Item.wz/Special/0910.img/9101528/info/icon.png,Item/Item.wz/Special/0910.img/9101528/info/iconRaw.png
Special,0910,9101529,,,0,0,,,,Item/Item.wz/Special/0910.img.xml,Item/Item.wz/Special/0910.img/9101529/info,Item/Item.wz/Special/0910.img/9101529/info/icon.png,Item/Item.wz/Special/0910.img/9101529/info/iconRaw.png
Special,0910,9101530,,,0,0,,,,Item/Item.wz/Special/0910.img.xml,Item/Item.wz/Special/0910.img/9101530/info,Item/Item.wz/Special/0910.img/9101530/info/icon.png,Item/Item.wz/Special/0910.img/9101530/info/iconRaw.png
Special,0910,9101531,,,0,0,,,,Item/Item.wz/Special/0910.img.xml,Item/Item.wz/Special/0910.img/9101531/info,Item/Item.wz/Special/0910.img/9101531/info/icon.png,Item/Item.wz/Special/0910.img/9101531/info/iconRaw.png
Special,0910,9101532,,,1,0,,,,Item/Item.wz/Special/0910.img.xml,Item/Item.wz/Special/0910.img/9101532/info,Item/Item.wz/Special/0910.img/9101532/info/icon.png,Item/Item.wz/Special/0910.img/9101532/info/iconRaw.png
Special,0910,9101535,,,0,0,,,,Item/Item.wz/Special/0910.img.xml,Item/Item.wz/Special/0910.img/9101535/info,Item/Item.wz/Special/0910.img/9101535/info/icon.png,Item/Item.wz/Special/0910.img/9101535/info/iconRaw.png
Special,0910,9101536,,,0,0,,,,Item/Item.wz/Special/0910.img.xml,Item/Item.wz/Special/0910.img/9101536/info,Item/Item.wz/Special/0910.img/9101536/info/icon.png,Item/Item.wz/Special/0910.img/9101536/info/iconRaw.png
Special,0910,9101537,,,0,0,,,,Item/Item.wz/Special/0910.img.xml,Item/Item.wz/Special/0910.img/9101537/info,Item/Item.wz/Special/0910.img/9101537/info/icon.png,Item/Item.wz/Special/0910.img/9101537/info/iconRaw.png
Special,0910,9101538,,,0,0,,,,Item/Item.wz/Special/0910.img.xml,Item/Item.wz/Special/0910.img/9101538/info,Item/Item.wz/Special/0910.img/9101538/info/icon.png,Item/Item.wz/Special/0910.img/9101538/info/iconRaw.png
Special,0910,9101539,,,0,0,,,,Item/Item.wz/Special/0910.img.xml,Item/Item.wz/Special/0910.img/9101539/info,Item/Item.wz/Special/0910.img/9101539/info/icon.png,Item/Item.wz/Special/0910.img/9101539/info/iconRaw.png
Special,0910,9101540,,,0,0,,,,Item/Item.wz/Special/0910.img.xml,Item/Item.wz/Special/0910.img/9101540/info,Item/Item.wz/Special/0910.img/9101540/info/icon.png,Item/Item.wz/Special/0910.img/9101540/info/iconRaw.png
Special,0910,9101541,,,0,0,,,,Item/Item.wz/Special/0910.img.xml,Item/Item.wz/Special/0910.img/9101541/info,Item/Item.wz/Special/0910.img/9101541/info/icon.png,Item/Item.wz/Special/0910.img/9101541/info/iconRaw.png
Special,0910,9101542,,,0,0,,,,Item/Item.wz/Special/0910.img.xml,Item/Item.wz/Special/0910.img/9101542/info,Item/Item.wz/Special/0910.img/9101542/info/icon.png,Item/Item.wz/Special/0910.img/9101542/info/iconRaw.png
Special,0910,9101543,,,0,0,,,,Item/Item.wz/Special/0910.img.xml,Item/Item.wz/Special/0910.img/9101543/info,Item/Item.wz/Special/0910.img/9101543/info/icon.png,Item/Item.wz/Special/0910.img/9101543/info/iconRaw.png
Special,0910,9101544,,,0,0,,,,Item/Item.wz/Special/0910.img.xml,Item/Item.wz/Special/0910.img/9101544/info,Item/Item.wz/Special/0910.img/9101544/info/icon.png,Item/Item.wz/Special/0910.img/9101544/info/iconRaw.png
Special,0910,9101545,,,0,0,,,,Item/Item.wz/Special/0910.img.xml,Item/Item.wz/Special/0910.img/9101545/info,Item/Item.wz/Special/0910.img/9101545/info/icon.png,Item/Item.wz/Special/0910.img/9101545/info/iconRaw.png
Special,0910,9101546,,,0,0,,,,Item/Item.wz/Special/0910.img.xml,Item/Item.wz/Special/0910.img/9101546/info,Item/Item.wz/Special/0910.img/9101546/info/icon.png,Item/Item.wz/Special/0910.img/9101546/info/iconRaw.png
Special,0910,9101547,,,0,0,,,,Item/Item.wz/Special/0910.img.xml,Item/Item.wz/Special/0910.img/9101547/info,Item/Item.wz/Special/0910.img/9101547/info/icon.png,Item/Item.wz/Special/0910.img/9101547/info/iconRaw.png
Special,0910,9101548,,,0,0,,,,Item/Item.wz/Special/0910.img.xml,Item/Item.wz/Special/0910.img/9101548/info,Item/Item.wz/Special/0910.img/9101548/info/icon.png,Item/Item.wz/Special/0910.img/9101548/info/iconRaw.png
Special,0910,9101549,,,0,0,,,,Item/Item.wz/Special/0910.img.xml,Item/Item.wz/Special/0910.img/9101549/info,Item/Item.wz/Special/0910.img/9101549/info/icon.png,Item/Item.wz/Special/0910.img/9101549/info/iconRaw.png
Special,0910,9101550,,,0,0,,,,Item/Item.wz/Special/0910.img.xml,Item/Item.wz/Special/0910.img/9101550/info,Item/Item.wz/Special/0910.img/9101550/info/icon.png,Item/Item.wz/Special/0910.img/9101550/info/iconRaw.png
Special,0910,9101551,,,0,0,,,,Item/Item.wz/Special/0910.img.xml,Item/Item.wz/Special/0910.img/9101551/info,Item/Item.wz/Special/0910.img/9101551/info/icon.png,Item/Item.wz/Special/0910.img/9101551/info/iconRaw.png
Special,0910,9101552,,,0,0,,,,Item/Item.wz/Special/0910.img.xml,Item/Item.wz/Special/0910.img/9101552/info,Item/Item.wz/Special/0910.img/9101552/info/icon.png,Item/Item.wz/Special/0910.img/9101552/info/iconRaw.png
Special,0910,9101553,,,0,0,,,,Item/Item.wz/Special/0910.img.xml,Item/Item.wz/Special/0910.img/9101553/info,Item/Item.wz/Special/0910.img/9101553/info/icon.png,Item/Item.wz/Special/0910.img/9101553/info/iconRaw.png
Special,0910,9101573,,,0,0,,,,Item/Item.wz/Special/0910.img.xml,Item/Item.wz/Special/0910.img/9101573/info,Item/Item.wz/Special/0910.img/9101573/info/icon.png,Item/Item.wz/Special/0910.img/9101573/info/iconRaw.png
Special,0910,9101574,,,0,0,,,,Item/Item.wz/Special/0910.img.xml,Item/Item.wz/Special/0910.img/9101574/info,Item/Item.wz/Special/0910.img/9101574/info/icon.png,Item/Item.wz/Special/0910.img/9101574/info/iconRaw.png
Special,0910,9101575,,,0,0,,,,Item/Item.wz/Special/0910.img.xml,Item/Item.wz/Special/0910.img/9101575/info,Item/Item.wz/Special/0910.img/9101575/info/icon.png,Item/Item.wz/Special/0910.img/9101575/info/iconRaw.png
Special,0910,9101576,,,0,0,,,,Item/Item.wz/Special/0910.img.xml,Item/Item.wz/Special/0910.img/9101576/info,Item/Item.wz/Special/0910.img/9101576/info/icon.png,Item/Item.wz/Special/0910.img/9101576/info/iconRaw.png
Special,0910,9101577,,,0,0,,,,Item/Item.wz/Special/0910.img.xml,Item/Item.wz/Special/0910.img/9101577/info,Item/Item.wz/Special/0910.img/9101577/info/icon.png,Item/Item.wz/Special/0910.img/9101577/info/iconRaw.png
Special,0910,9101590,,,0,0,,,,Item/Item.wz/Special/0910.img.xml,Item/Item.wz/Special/0910.img/9101590/info,Item/Item.wz/Special/0910.img/9101590/info/icon.png,Item/Item.wz/Special/0910.img/9101590/info/iconRaw.png
Special,0910,9101591,,,0,0,,,,Item/Item.wz/Special/0910.img.xml,Item/Item.wz/Special/0910.img/9101591/info,Item/Item.wz/Special/0910.img/9101591/info/icon.png,Item/Item.wz/Special/0910.img/9101591/info/iconRaw.png
Special,0910,9101592,,,0,0,,,,Item/Item.wz/Special/0910.img.xml,Item/Item.wz/Special/0910.img/9101592/info,Item/Item.wz/Special/0910.img/9101592/info/icon.png,Item/Item.wz/Special/0910.img/9101592/info/iconRaw.png
Special,0910,9101593,,,0,0,,,,Item/Item.wz/Special/0910.img.xml,Item/Item.wz/Special/0910.img/9101593/info,Item/Item.wz/Special/0910.img/9101593/info/icon.png,Item/Item.wz/Special/0910.img/9101593/info/iconRaw.png
Special,0910,9101597,,,1,0,,,,Item/Item.wz/Special/0910.img.xml,Item/Item.wz/Special/0910.img/9101597/info,Item/Item.wz/Special/0910.img/9101597/info/icon.png,Item/Item.wz/Special/0910.img/9101597/info/iconRaw.png
Special,0910,9101598,,,1,0,,,,Item/Item.wz/Special/0910.img.xml,Item/Item.wz/Special/0910.img/9101598/info,Item/Item.wz/Special/0910.img/9101598/info/icon.png,Item/Item.wz/Special/0910.img/9101598/info/iconRaw.png
Special,0910,9101599,,,1,0,,,,Item/Item.wz/Special/0910.img.xml,Item/Item.wz/Special/0910.img/9101599/info,Item/Item.wz/Special/0910.img/9101599/info/icon.png,Item/Item.wz/Special/0910.img/9101599/info/iconRaw.png
Special,0910,9101600,,,0,0,,,,Item/Item.wz/Special/0910.img.xml,Item/Item.wz/Special/0910.img/9101600/info,Item/Item.wz/Special/0910.img/9101600/info/icon.png,Item/Item.wz/Special/0910.img/9101600/info/iconRaw.png
Special,0910,9101601,,,0,0,,,,Item/Item.wz/Special/0910.img.xml,Item/Item.wz/Special/0910.img/9101601/info,Item/Item.wz/Special/0910.img/9101601/info/icon.png,Item/Item.wz/Special/0910.img/9101601/info/iconRaw.png
Special,0910,9101602,,,0,0,,,,Item/Item.wz/Special/0910.img.xml,Item/Item.wz/Special/0910.img/9101602/info,Item/Item.wz/Special/0910.img/9101602/info/icon.png,Item/Item.wz/Special/0910.img/9101602/info/iconRaw.png
Special,0910,9101603,,,0,0,,,,Item/Item.wz/Special/0910.img.xml,Item/Item.wz/Special/0910.img/9101603/info,Item/Item.wz/Special/0910.img/9101603/info/icon.png,Item/Item.wz/Special/0910.img/9101603/info/iconRaw.png
Special,0910,9101613,,,1,0,,,,Item/Item.wz/Special/0910.img.xml,Item/Item.wz/Special/0910.img/9101613/info,Item/Item.wz/Special/0910.img/9101613/info/icon.png,Item/Item.wz/Special/0910.img/9101613/info/iconRaw.png
Special,0910,9101614,,,1,0,,,,Item/Item.wz/Special/0910.img.xml,Item/Item.wz/Special/0910.img/9101614/info,Item/Item.wz/Special/0910.img/9101614/info/icon.png,Item/Item.wz/Special/0910.img/9101614/info/iconRaw.png
Special,0910,9101615,,,1,0,,,,Item/Item.wz/Special/0910.img.xml,Item/Item.wz/Special/0910.img/9101615/info,Item/Item.wz/Special/0910.img/9101615/info/icon.png,Item/Item.wz/Special/0910.img/9101615/info/iconRaw.png
Special,0910,9101621,,,1,0,,,,Item/Item.wz/Special/0910.img.xml,Item/Item.wz/Special/0910.img/9101621/info,Item/Item.wz/Special/0910.img/9101621/info/icon.png,Item/Item.wz/Special/0910.img/9101621/info/iconRaw.png
Special,0910,9101646,,,0,0,,,,Item/Item.wz/Special/0910.img.xml,Item/Item.wz/Special/0910.img/9101646/info,Item/Item.wz/Special/0910.img/9101646/info/icon.png,Item/Item.wz/Special/0910.img/9101646/info/iconRaw.png
Special,0910,9101647,,,1,0,,,,Item/Item.wz/Special/0910.img.xml,Item/Item.wz/Special/0910.img/9101647/info,Item/Item.wz/Special/0910.img/9101647/info/icon.png,Item/Item.wz/Special/0910.img/9101647/info/iconRaw.png
Special,0910,9101648,,,0,0,,,,Item/Item.wz/Special/0910.img.xml,Item/Item.wz/Special/0910.img/9101648/info,Item/Item.wz/Special/0910.img/9101648/info/icon.png,Item/Item.wz/Special/0910.img/9101648/info/iconRaw.png
Special,0910,9101649,,,0,0,,,,Item/Item.wz/Special/0910.img.xml,Item/Item.wz/Special/0910.img/9101649/info,Item/Item.wz/Special/0910.img/9101649/info/icon.png,Item/Item.wz/Special/0910.img/9101649/info/iconRaw.png
Special,0910,9101650,,,1,0,,,,Item/Item.wz/Special/0910.img.xml,Item/Item.wz/Special/0910.img/9101650/info,Item/Item.wz/Special/0910.img/9101650/info/icon.png,Item/Item.wz/Special/0910.img/9101650/info/iconRaw.png
Special,0910,9101651,,,1,0,,,,Item/Item.wz/Special/0910.img.xml,Item/Item.wz/Special/0910.img/9101651/info,Item/Item.wz/Special/0910.img/9101651/info/icon.png,Item/Item.wz/Special/0910.img/9101651/info/iconRaw.png
Special,0910,9101652,,,0,0,,,,Item/Item.wz/Special/0910.img.xml,Item/Item.wz/Special/0910.img/9101652/info,Item/Item.wz/Special/0910.img/9101652/info/icon.png,Item/Item.wz/Special/0910.img/9101652/info/iconRaw.png
Special,0910,9101653,,,0,0,,,,Item/Item.wz/Special/0910.img.xml,Item/Item.wz/Special/0910.img/9101653/info,Item/Item.wz/Special/0910.img/9101653/info/icon.png,Item/Item.wz/Special/0910.img/9101653/info/iconRaw.png
Special,0910,9101654,,,1,0,,,,Item/Item.wz/Special/0910.img.xml,Item/Item.wz/Special/0910.img/9101654/info,Item/Item.wz/Special/0910.img/9101654/info/icon.png,Item/Item.wz/Special/0910.img/9101654/info/iconRaw.png
Special,0910,9101655,,,0,0,,,,Item/Item.wz/Special/0910.img.xml,Item/Item.wz/Special/0910.img/9101655/info,Item/Item.wz/Special/0910.img/9101655/info/icon.png,Item/Item.wz/Special/0910.img/9101655/info/iconRaw.png
Special,0910,9101656,,,0,0,,,,Item/Item.wz/Special/0910.img.xml,Item/Item.wz/Special/0910.img/9101656/info,Item/Item.wz/Special/0910.img/9101656/info/icon.png,Item/Item.wz/Special/0910.img/9101656/info/iconRaw.png
Special,0910,9101657,,,1,0,,,,Item/Item.wz/Special/0910.img.xml,Item/Item.wz/Special/0910.img/9101657/info,Item/Item.wz/Special/0910.img/9101657/info/icon.png,Item/Item.wz/Special/0910.img/9101657/info/iconRaw.png
Special,0910,9101658,,,0,0,,,,Item/Item.wz/Special/0910.img.xml,Item/Item.wz/Special/0910.img/9101658/info,Item/Item.wz/Special/0910.img/9101658/info/icon.png,Item/Item.wz/Special/0910.img/9101658/info/iconRaw.png
Special,0910,9101659,,,0,0,,,,Item/Item.wz/Special/0910.img.xml,Item/Item.wz/Special/0910.img/9101659/info,Item/Item.wz/Special/0910.img/9101659/info/icon.png,Item/Item.wz/Special/0910.img/9101659/info/iconRaw.png
Special,0910,9101660,,,0,0,,,,Item/Item.wz/Special/0910.img.xml,Item/Item.wz/Special/0910.img/9101660/info,Item/Item.wz/Special/0910.img/9101660/info/icon.png,Item/Item.wz/Special/0910.img/9101660/info/iconRaw.png
Special,0910,9101661,,,1,0,,,,Item/Item.wz/Special/0910.img.xml,Item/Item.wz/Special/0910.img/9101661/info,Item/Item.wz/Special/0910.img/9101661/info/icon.png,Item/Item.wz/Special/0910.img/9101661/info/iconRaw.png
Special,0910,9101663,,,1,0,,,,Item/Item.wz/Special/0910.img.xml,Item/Item.wz/Special/0910.img/9101663/info,Item/Item.wz/Special/0910.img/9101663/info/icon.png,Item/Item.wz/Special/0910.img/9101663/info/iconRaw.png
Special,0910,9101664,,,1,0,,,,Item/Item.wz/Special/0910.img.xml,Item/Item.wz/Special/0910.img/9101664/info,Item/Item.wz/Special/0910.img/9101664/info/icon.png,Item/Item.wz/Special/0910.img/9101664/info/iconRaw.png
Special,0910,9101665,,,1,0,,,,Item/Item.wz/Special/0910.img.xml,Item/Item.wz/Special/0910.img/9101665/info,Item/Item.wz/Special/0910.img/9101665/info/icon.png,Item/Item.wz/Special/0910.img/9101665/info/iconRaw.png
Special,0910,9101666,,,1,0,,,,Item/Item.wz/Special/0910.img.xml,Item/Item.wz/Special/0910.img/9101666/info,Item/Item.wz/Special/0910.img/9101666/info/icon.png,Item/Item.wz/Special/0910.img/9101666/info/iconRaw.png
Special,0910,9101672,,,1,0,,,,Item/Item.wz/Special/0910.img.xml,Item/Item.wz/Special/0910.img/9101672/info,Item/Item.wz/Special/0910.img/9101672/info/icon.png,Item/Item.wz/Special/0910.img/9101672/info/iconRaw.png
Special,0910,9101673,,,1,0,,,,Item/Item.wz/Special/0910.img.xml,Item/Item.wz/Special/0910.img/9101673/info,Item/Item.wz/Special/0910.img/9101673/info/icon.png,Item/Item.wz/Special/0910.img/9101673/info/iconRaw.png
Special,0910,9101747,,,1,0,,,,Item/Item.wz/Special/0910.img.xml,Item/Item.wz/Special/0910.img/9101747/info,Item/Item.wz/Special/0910.img/9101747/info/icon.png,Item/Item.wz/Special/0910.img/9101747/info/iconRaw.png
Special,0910,9101749,,,0,0,,,,Item/Item.wz/Special/0910.img.xml,Item/Item.wz/Special/0910.img/9101749/info,Item/Item.wz/Special/0910.img/9101749/info/icon.png,Item/Item.wz/Special/0910.img/9101749/info/iconRaw.png
Special,0910,9101750,,,1,0,,,,Item/Item.wz/Special/0910.img.xml,Item/Item.wz/Special/0910.img/9101750/info,Item/Item.wz/Special/0910.img/9101750/info/icon.png,Item/Item.wz/Special/0910.img/9101750/info/iconRaw.png
Special,0910,9101753,,,1,0,,,,Item/Item.wz/Special/0910.img.xml,Item/Item.wz/Special/0910.img/9101753/info,Item/Item.wz/Special/0910.img/9101753/info/icon.png,Item/Item.wz/Special/0910.img/9101753/info/iconRaw.png
Special,0910,9101762,,,1,0,,,,Item/Item.wz/Special/0910.img.xml,Item/Item.wz/Special/0910.img/9101762/info,Item/Item.wz/Special/0910.img/9101762/info/icon.png,Item/Item.wz/Special/0910.img/9101762/info/iconRaw.png
Special,0910,9101784,,,1,0,,,,Item/Item.wz/Special/0910.img.xml,Item/Item.wz/Special/0910.img/9101784/info,Item/Item.wz/Special/0910.img/9101784/info/icon.png,Item/Item.wz/Special/0910.img/9101784/info/iconRaw.png
Special,0910,9101787,,,1,0,,,,Item/Item.wz/Special/0910.img.xml,Item/Item.wz/Special/0910.img/9101787/info,Item/Item.wz/Special/0910.img/9101787/info/icon.png,Item/Item.wz/Special/0910.img/9101787/info/iconRaw.png
Special,0910,9101788,,,1,0,,,,Item/Item.wz/Special/0910.img.xml,Item/Item.wz/Special/0910.img/9101788/info,Item/Item.wz/Special/0910.img/9101788/info/icon.png,Item/Item.wz/Special/0910.img/9101788/info/iconRaw.png
Special,0910,9101827,,,1,0,,,,Item/Item.wz/Special/0910.img.xml,Item/Item.wz/Special/0910.img/9101827/info,Item/Item.wz/Special/0910.img/9101827/info/icon.png,Item/Item.wz/Special/0910.img/9101827/info/iconRaw.png
Special,0910,9101828,,,1,0,,,,Item/Item.wz/Special/0910.img.xml,Item/Item.wz/Special/0910.img/9101828/info,Item/Item.wz/Special/0910.img/9101828/info/icon.png,Item/Item.wz/Special/0910.img/9101828/info/iconRaw.png
Special,0910,9101829,,,1,0,,,,Item/Item.wz/Special/0910.img.xml,Item/Item.wz/Special/0910.img/9101829/info,Item/Item.wz/Special/0910.img/9101829/info/icon.png,Item/Item.wz/Special/0910.img/9101829/info/iconRaw.png
Special,0910,9101834,,,1,0,,,,Item/Item.wz/Special/0910.img.xml,Item/Item.wz/Special/0910.img/9101834/info,Item/Item.wz/Special/0910.img/9101834/info/icon.png,Item/Item.wz/Special/0910.img/9101834/info/iconRaw.png
Special,0910,9101835,,,1,0,,,,Item/Item.wz/Special/0910.img.xml,Item/Item.wz/Special/0910.img/9101835/info,Item/Item.wz/Special/0910.img/9101835/info/icon.png,Item/Item.wz/Special/0910.img/9101835/info/iconRaw.png
Special,0910,9101836,,,1,0,,,,Item/Item.wz/Special/0910.img.xml,Item/Item.wz/Special/0910.img/9101836/info,Item/Item.wz/Special/0910.img/9101836/info/icon.png,Item/Item.wz/Special/0910.img/9101836/info/iconRaw.png
Special,0910,9101837,,,1,0,,,,Item/Item.wz/Special/0910.img.xml,Item/Item.wz/Special/0910.img/9101837/info,Item/Item.wz/Special/0910.img/9101837/info/icon.png,Item/Item.wz/Special/0910.img/9101837/info/iconRaw.png
Special,0910,9101838,,,1,0,,,,Item/Item.wz/Special/0910.img.xml,Item/Item.wz/Special/0910.img/9101838/info,Item/Item.wz/Special/0910.img/9101838/info/icon.png,Item/Item.wz/Special/0910.img/9101838/info/iconRaw.png
Special,0910,9101839,,,1,0,,,,Item/Item.wz/Special/0910.img.xml,Item/Item.wz/Special/0910.img/9101839/info,Item/Item.wz/Special/0910.img/9101839/info/icon.png,Item/Item.wz/Special/0910.img/9101839/info/iconRaw.png
Special,0910,9101840,,,1,0,,,,Item/Item.wz/Special/0910.img.xml,Item/Item.wz/Special/0910.img/9101840/info,Item/Item.wz/Special/0910.img/9101840/info/icon.png,Item/Item.wz/Special/0910.img/9101840/info/iconRaw.png
Special,0910,9101841,,,1,0,,,,Item/Item.wz/Special/0910.img.xml,Item/Item.wz/Special/0910.img/9101841/info,Item/Item.wz/Special/0910.img/9101841/info/icon.png,Item/Item.wz/Special/0910.img/9101841/info/iconRaw.png
Special,0910,9101842,,,1,0,,,,Item/Item.wz/Special/0910.img.xml,Item/Item.wz/Special/0910.img/9101842/info,Item/Item.wz/Special/0910.img/9101842/info/icon.png,Item/Item.wz/Special/0910.img/9101842/info/iconRaw.png
Special,0910,9101843,,,1,0,,,,Item/Item.wz/Special/0910.img.xml,Item/Item.wz/Special/0910.img/9101843/info,Item/Item.wz/Special/0910.img/9101843/info/icon.png,Item/Item.wz/Special/0910.img/9101843/info/iconRaw.png
Special,0910,9101844,,,1,0,,,,Item/Item.wz/Special/0910.img.xml,Item/Item.wz/Special/0910.img/9101844/info,Item/Item.wz/Special/0910.img/9101844/info/icon.png,Item/Item.wz/Special/0910.img/9101844/info/iconRaw.png
Special,0910,9101845,,,1,0,,,,Item/Item.wz/Special/0910.img.xml,Item/Item.wz/Special/0910.img/9101845/info,Item/Item.wz/Special/0910.img/9101845/info/icon.png,Item/Item.wz/Special/0910.img/9101845/info/iconRaw.png
Special,0910,9101846,,,1,0,,,,Item/Item.wz/Special/0910.img.xml,Item/Item.wz/Special/0910.img/9101846/info,Item/Item.wz/Special/0910.img/9101846/info/icon.png,Item/Item.wz/Special/0910.img/9101846/info/iconRaw.png
Special,0910,9101847,,,1,0,,,,Item/Item.wz/Special/0910.img.xml,Item/Item.wz/Special/0910.img/9101847/info,Item/Item.wz/Special/0910.img/9101847/info/icon.png,Item/Item.wz/Special/0910.img/9101847/info/iconRaw.png
Special,0910,9101848,,,1,0,,,,Item/Item.wz/Special/0910.img.xml,Item/Item.wz/Special/0910.img/9101848/info,Item/Item.wz/Special/0910.img/9101848/info/icon.png,Item/Item.wz/Special/0910.img/9101848/info/iconRaw.png
Special,0910,9101849,,,1,0,,,,Item/Item.wz/Special/0910.img.xml,Item/Item.wz/Special/0910.img/9101849/info,Item/Item.wz/Special/0910.img/9101849/info/icon.png,Item/Item.wz/Special/0910.img/9101849/info/iconRaw.png
Special,0910,9101850,,,1,0,,,,Item/Item.wz/Special/0910.img.xml,Item/Item.wz/Special/0910.img/9101850/info,Item/Item.wz/Special/0910.img/9101850/info/icon.png,Item/Item.wz/Special/0910.img/9101850/info/iconRaw.png
Special,0910,9101851,,,1,0,,,,Item/Item.wz/Special/0910.img.xml,Item/Item.wz/Special/0910.img/9101851/info,Item/Item.wz/Special/0910.img/9101851/info/icon.png,Item/Item.wz/Special/0910.img/9101851/info/iconRaw.png
Special,0910,9101852,,,1,0,,,,Item/Item.wz/Special/0910.img.xml,Item/Item.wz/Special/0910.img/9101852/info,Item/Item.wz/Special/0910.img/9101852/info/icon.png,Item/Item.wz/Special/0910.img/9101852/info/iconRaw.png
Special,0910,9101853,,,1,0,,,,Item/Item.wz/Special/0910.img.xml,Item/Item.wz/Special/0910.img/9101853/info,Item/Item.wz/Special/0910.img/9101853/info/icon.png,Item/Item.wz/Special/0910.img/9101853/info/iconRaw.png
Special,0910,9101854,,,1,0,,,,Item/Item.wz/Special/0910.img.xml,Item/Item.wz/Special/0910.img/9101854/info,Item/Item.wz/Special/0910.img/9101854/info/icon.png,Item/Item.wz/Special/0910.img/9101854/info/iconRaw.png
Special,0910,9101855,,,1,0,,,,Item/Item.wz/Special/0910.img.xml,Item/Item.wz/Special/0910.img/9101855/info,Item/Item.wz/Special/0910.img/9101855/info/icon.png,Item/Item.wz/Special/0910.img/9101855/info/iconRaw.png
Special,0910,9101856,,,1,0,,,,Item/Item.wz/Special/0910.img.xml,Item/Item.wz/Special/0910.img/9101856/info,Item/Item.wz/Special/0910.img/9101856/info/icon.png,Item/Item.wz/Special/0910.img/9101856/info/iconRaw.png
Special,0910,9101857,,,1,0,,,,Item/Item.wz/Special/0910.img.xml,Item/Item.wz/Special/0910.img/9101857/info,Item/Item.wz/Special/0910.img/9101857/info/icon.png,Item/Item.wz/Special/0910.img/9101857/info/iconRaw.png
Special,0910,9101858,,,1,0,,,,Item/Item.wz/Special/0910.img.xml,Item/Item.wz/Special/0910.img/9101858/info,Item/Item.wz/Special/0910.img/9101858/info/icon.png,Item/Item.wz/Special/0910.img/9101858/info/iconRaw.png
Special,0910,9101859,,,1,0,,,,Item/Item.wz/Special/0910.img.xml,Item/Item.wz/Special/0910.img/9101859/info,Item/Item.wz/Special/0910.img/9101859/info/icon.png,Item/Item.wz/Special/0910.img/9101859/info/iconRaw.png
Special,0910,9101878,,,1,0,,,,Item/Item.wz/Special/0910.img.xml,Item/Item.wz/Special/0910.img/9101878/info,Item/Item.wz/Special/0910.img/9101878/info/icon.png,Item/Item.wz/Special/0910.img/9101878/info/iconRaw.png
Special,0910,9101879,,,1,0,,,,Item/Item.wz/Special/0910.img.xml,Item/Item.wz/Special/0910.img/9101879/info,Item/Item.wz/Special/0910.img/9101879/info/icon.png,Item/Item.wz/Special/0910.img/9101879/info/iconRaw.png
Special,0910,9101880,,,1,0,,,,Item/Item.wz/Special/0910.img.xml,Item/Item.wz/Special/0910.img/9101880/info,Item/Item.wz/Special/0910.img/9101880/info/icon.png,Item/Item.wz/Special/0910.img/9101880/info/iconRaw.png
Special,0910,9101881,,,1,0,,,,Item/Item.wz/Special/0910.img.xml,Item/Item.wz/Special/0910.img/9101881/info,Item/Item.wz/Special/0910.img/9101881/info/icon.png,Item/Item.wz/Special/0910.img/9101881/info/iconRaw.png
Special,0910,9101882,,,1,0,,,,Item/Item.wz/Special/0910.img.xml,Item/Item.wz/Special/0910.img/9101882/info,Item/Item.wz/Special/0910.img/9101882/info/icon.png,Item/Item.wz/Special/0910.img/9101882/info/iconRaw.png
Special,0910,9101883,,,1,0,,,,Item/Item.wz/Special/0910.img.xml,Item/Item.wz/Special/0910.img/9101883/info,Item/Item.wz/Special/0910.img/9101883/info/icon.png,Item/Item.wz/Special/0910.img/9101883/info/iconRaw.png
Special,0910,9101884,,,1,0,,,,Item/Item.wz/Special/0910.img.xml,Item/Item.wz/Special/0910.img/9101884/info,Item/Item.wz/Special/0910.img/9101884/info/icon.png,Item/Item.wz/Special/0910.img/9101884/info/iconRaw.png
Special,0910,9101885,,,1,0,,,,Item/Item.wz/Special/0910.img.xml,Item/Item.wz/Special/0910.img/9101885/info,Item/Item.wz/Special/0910.img/9101885/info/icon.png,Item/Item.wz/Special/0910.img/9101885/info/iconRaw.png
Special,0910,9101886,,,1,0,,,,Item/Item.wz/Special/0910.img.xml,Item/Item.wz/Special/0910.img/9101886/info,Item/Item.wz/Special/0910.img/9101886/info/icon.png,Item/Item.wz/Special/0910.img/9101886/info/iconRaw.png
Special,0910,9101887,,,1,0,,,,Item/Item.wz/Special/0910.img.xml,Item/Item.wz/Special/0910.img/9101887/info,Item/Item.wz/Special/0910.img/9101887/info/icon.png,Item/Item.wz/Special/0910.img/9101887/info/iconRaw.png
Special,0910,9101888,,,1,0,,,,Item/Item.wz/Special/0910.img.xml,Item/Item.wz/Special/0910.img/9101888/info,Item/Item.wz/Special/0910.img/9101888/info/icon.png,Item/Item.wz/Special/0910.img/9101888/info/iconRaw.png
Special,0910,9101889,,,1,0,,,,Item/Item.wz/Special/0910.img.xml,Item/Item.wz/Special/0910.img/9101889/info,Item/Item.wz/Special/0910.img/9101889/info/icon.png,Item/Item.wz/Special/0910.img/9101889/info/iconRaw.png
Special,0910,9101890,,,1,0,,,,Item/Item.wz/Special/0910.img.xml,Item/Item.wz/Special/0910.img/9101890/info,Item/Item.wz/Special/0910.img/9101890/info/icon.png,Item/Item.wz/Special/0910.img/9101890/info/iconRaw.png
Special,0910,9101891,,,1,0,,,,Item/Item.wz/Special/0910.img.xml,Item/Item.wz/Special/0910.img/9101891/info,Item/Item.wz/Special/0910.img/9101891/info/icon.png,Item/Item.wz/Special/0910.img/9101891/info/iconRaw.png
Special,0910,9101892,,,1,0,,,,Item/Item.wz/Special/0910.img.xml,Item/Item.wz/Special/0910.img/9101892/info,Item/Item.wz/Special/0910.img/9101892/info/icon.png,Item/Item.wz/Special/0910.img/9101892/info/iconRaw.png
Special,0910,9101893,,,1,0,,,,Item/Item.wz/Special/0910.img.xml,Item/Item.wz/Special/0910.img/9101893/info,Item/Item.wz/Special/0910.img/9101893/info/icon.png,Item/Item.wz/Special/0910.img/9101893/info/iconRaw.png
Special,0910,9101894,,,1,0,,,,Item/Item.wz/Special/0910.img.xml,Item/Item.wz/Special/0910.img/9101894/info,Item/Item.wz/Special/0910.img/9101894/info/icon.png,Item/Item.wz/Special/0910.img/9101894/info/iconRaw.png
Special,0910,9101895,,,1,0,,,,Item/Item.wz/Special/0910.img.xml,Item/Item.wz/Special/0910.img/9101895/info,Item/Item.wz/Special/0910.img/9101895/info/icon.png,Item/Item.wz/Special/0910.img/9101895/info/iconRaw.png
Special,0910,9101896,,,1,0,,,,Item/Item.wz/Special/0910.img.xml,Item/Item.wz/Special/0910.img/9101896/info,Item/Item.wz/Special/0910.img/9101896/info/icon.png,Item/Item.wz/Special/0910.img/9101896/info/iconRaw.png
Special,0910,9101897,,,1,0,,,,Item/Item.wz/Special/0910.img.xml,Item/Item.wz/Special/0910.img/9101897/info,Item/Item.wz/Special/0910.img/9101897/info/icon.png,Item/Item.wz/Special/0910.img/9101897/info/iconRaw.png
Special,0910,9101898,,,1,0,,,,Item/Item.wz/Special/0910.img.xml,Item/Item.wz/Special/0910.img/9101898/info,Item/Item.wz/Special/0910.img/9101898/info/icon.png,Item/Item.wz/Special/0910.img/9101898/info/iconRaw.png
Special,0910,9101899,,,1,0,,,,Item/Item.wz/Special/0910.img.xml,Item/Item.wz/Special/0910.img/9101899/info,Item/Item.wz/Special/0910.img/9101899/info/icon.png,Item/Item.wz/Special/0910.img/9101899/info/iconRaw.png
Special,0910,9101900,,,1,0,,,,Item/Item.wz/Special/0910.img.xml,Item/Item.wz/Special/0910.img/9101900/info,Item/Item.wz/Special/0910.img/9101900/info/icon.png,Item/Item.wz/Special/0910.img/9101900/info/iconRaw.png
Special,0910,9101901,,,1,0,,,,Item/Item.wz/Special/0910.img.xml,Item/Item.wz/Special/0910.img/9101901/info,Item/Item.wz/Special/0910.img/9101901/info/icon.png,Item/Item.wz/Special/0910.img/9101901/info/iconRaw.png
Special,0910,9101902,,,1,0,,,,Item/Item.wz/Special/0910.img.xml,Item/Item.wz/Special/0910.img/9101902/info,Item/Item.wz/Special/0910.img/9101902/info/icon.png,Item/Item.wz/Special/0910.img/9101902/info/iconRaw.png
Special,0910,9101903,,,1,0,,,,Item/Item.wz/Special/0910.img.xml,Item/Item.wz/Special/0910.img/9101903/info,Item/Item.wz/Special/0910.img/9101903/info/icon.png,Item/Item.wz/Special/0910.img/9101903/info/iconRaw.png
Special,0910,9101925,,,1,0,,,,Item/Item.wz/Special/0910.img.xml,Item/Item.wz/Special/0910.img/9101925/info,Item/Item.wz/Special/0910.img/9101925/info/icon.png,Item/Item.wz/Special/0910.img/9101925/info/iconRaw.png
Special,0910,9101926,,,1,0,,,,Item/Item.wz/Special/0910.img.xml,Item/Item.wz/Special/0910.img/9101926/info,Item/Item.wz/Special/0910.img/9101926/info/icon.png,Item/Item.wz/Special/0910.img/9101926/info/iconRaw.png
Special,0910,9101962,,,1,0,,,,Item/Item.wz/Special/0910.img.xml,Item/Item.wz/Special/0910.img/9101962/info,Item/Item.wz/Special/0910.img/9101962/info/icon.png,Item/Item.wz/Special/0910.img/9101962/info/iconRaw.png
Special,0910,9101963,,,1,0,,,,Item/Item.wz/Special/0910.img.xml,Item/Item.wz/Special/0910.img/9101963/info,Item/Item.wz/Special/0910.img/9101963/info/icon.png,Item/Item.wz/Special/0910.img/9101963/info/iconRaw.png
Special,0910,9101964,,,1,0,,,,Item/Item.wz/Special/0910.img.xml,Item/Item.wz/Special/0910.img/9101964/info,Item/Item.wz/Special/0910.img/9101964/info/icon.png,Item/Item.wz/Special/0910.img/9101964/info/iconRaw.png
Special,0910,9101992,,,1,0,,,,Item/Item.wz/Special/0910.img.xml,Item/Item.wz/Special/0910.img/9101992/info,Item/Item.wz/Special/0910.img/9101992/info/icon.png,Item/Item.wz/Special/0910.img/9101992/info/iconRaw.png
Special,0910,9101993,,,1,0,,,,Item/Item.wz/Special/0910.img.xml,Item/Item.wz/Special/0910.img/9101993/info,Item/Item.wz/Special/0910.img/9101993/info/icon.png,Item/Item.wz/Special/0910.img/9101993/info/iconRaw.png
Special,0910,9102002,,,1,0,,,,Item/Item.wz/Special/0910.img.xml,Item/Item.wz/Special/0910.img/9102002/info,Item/Item.wz/Special/0910.img/9102002/info/icon.png,Item/Item.wz/Special/0910.img/9102002/info/iconRaw.png
Special,0910,9102004,,,1,0,,,,Item/Item.wz/Special/0910.img.xml,Item/Item.wz/Special/0910.img/9102004/info,Item/Item.wz/Special/0910.img/9102004/info/icon.png,Item/Item.wz/Special/0910.img/9102004/info/iconRaw.png
Special,0910,9102005,,,1,0,,,,Item/Item.wz/Special/0910.img.xml,Item/Item.wz/Special/0910.img/9102005/info,Item/Item.wz/Special/0910.img/9102005/info/icon.png,Item/Item.wz/Special/0910.img/9102005/info/iconRaw.png
Special,0910,9102029,,,1,0,,,,Item/Item.wz/Special/0910.img.xml,Item/Item.wz/Special/0910.img/9102029/info,Item/Item.wz/Special/0910.img/9102029/info/icon.png,Item/Item.wz/Special/0910.img/9102029/info/iconRaw.png
Special,0910,9102035,,,1,0,,,,Item/Item.wz/Special/0910.img.xml,Item/Item.wz/Special/0910.img/9102035/info,Item/Item.wz/Special/0910.img/9102035/info/icon.png,Item/Item.wz/Special/0910.img/9102035/info/iconRaw.png
Special,0910,9102036,,,1,0,,,,Item/Item.wz/Special/0910.img.xml,Item/Item.wz/Special/0910.img/9102036/info,Item/Item.wz/Special/0910.img/9102036/info/icon.png,Item/Item.wz/Special/0910.img/9102036/info/iconRaw.png
Special,0910,9102037,,,1,0,,,,Item/Item.wz/Special/0910.img.xml,Item/Item.wz/Special/0910.img/9102037/info,Item/Item.wz/Special/0910.img/9102037/info/icon.png,Item/Item.wz/Special/0910.img/9102037/info/iconRaw.png
Special,0910,9102038,,,1,0,,,,Item/Item.wz/Special/0910.img.xml,Item/Item.wz/Special/0910.img/9102038/info,Item/Item.wz/Special/0910.img/9102038/info/icon.png,Item/Item.wz/Special/0910.img/9102038/info/iconRaw.png
Special,0910,9102039,,,1,0,,,,Item/Item.wz/Special/0910.img.xml,Item/Item.wz/Special/0910.img/9102039/info,Item/Item.wz/Special/0910.img/9102039/info/icon.png,Item/Item.wz/Special/0910.img/9102039/info/iconRaw.png
Special,0910,9102065,,,1,0,,,,Item/Item.wz/Special/0910.img.xml,Item/Item.wz/Special/0910.img/9102065/info,Item/Item.wz/Special/0910.img/9102065/info/icon.png,Item/Item.wz/Special/0910.img/9102065/info/iconRaw.png
Special,0910,9102066,,,1,0,,,,Item/Item.wz/Special/0910.img.xml,Item/Item.wz/Special/0910.img/9102066/info,Item/Item.wz/Special/0910.img/9102066/info/icon.png,Item/Item.wz/Special/0910.img/9102066/info/iconRaw.png
Special,0910,9102074,,,1,0,,,,Item/Item.wz/Special/0910.img.xml,Item/Item.wz/Special/0910.img/9102074/info,Item/Item.wz/Special/0910.img/9102074/info/icon.png,Item/Item.wz/Special/0910.img/9102074/info/iconRaw.png
Special,0910,9102104,,,1,0,,,,Item/Item.wz/Special/0910.img.xml,Item/Item.wz/Special/0910.img/9102104/info,Item/Item.wz/Special/0910.img/9102104/info/icon.png,Item/Item.wz/Special/0910.img/9102104/info/iconRaw.png
Special,0910,9102105,,,1,0,,,,Item/Item.wz/Special/0910.img.xml,Item/Item.wz/Special/0910.img/9102105/info,Item/Item.wz/Special/0910.img/9102105/info/icon.png,Item/Item.wz/Special/0910.img/9102105/info/iconRaw.png
Special,0910,9102106,,,1,0,,,,Item/Item.wz/Special/0910.img.xml,Item/Item.wz/Special/0910.img/9102106/info,Item/Item.wz/Special/0910.img/9102106/info/icon.png,Item/Item.wz/Special/0910.img/9102106/info/iconRaw.png
Special,0910,9102107,,,1,0,,,,Item/Item.wz/Special/0910.img.xml,Item/Item.wz/Special/0910.img/9102107/info,Item/Item.wz/Special/0910.img/9102107/info/icon.png,Item/Item.wz/Special/0910.img/9102107/info/iconRaw.png
Special,0910,9102108,,,1,0,,,,Item/Item.wz/Special/0910.img.xml,Item/Item.wz/Special/0910.img/9102108/info,Item/Item.wz/Special/0910.img/9102108/info/icon.png,Item/Item.wz/Special/0910.img/9102108/info/iconRaw.png
Special,0910,9102109,,,1,0,,,,Item/Item.wz/Special/0910.img.xml,Item/Item.wz/Special/0910.img/9102109/info,Item/Item.wz/Special/0910.img/9102109/info/icon.png,Item/Item.wz/Special/0910.img/9102109/info/iconRaw.png
Special,0910,9102110,,,1,0,,,,Item/Item.wz/Special/0910.img.xml,Item/Item.wz/Special/0910.img/9102110/info,Item/Item.wz/Special/0910.img/9102110/info/icon.png,Item/Item.wz/Special/0910.img/9102110/info/iconRaw.png
Special,0910,9102111,,,1,0,,,,Item/Item.wz/Special/0910.img.xml,Item/Item.wz/Special/0910.img/9102111/info,Item/Item.wz/Special/0910.img/9102111/info/icon.png,Item/Item.wz/Special/0910.img/9102111/info/iconRaw.png
Special,0910,9102113,,,1,0,,,,Item/Item.wz/Special/0910.img.xml,Item/Item.wz/Special/0910.img/9102113/info,Item/Item.wz/Special/0910.img/9102113/info/icon.png,Item/Item.wz/Special/0910.img/9102113/info/iconRaw.png
Special,0910,9102134,,,1,0,,,,Item/Item.wz/Special/0910.img.xml,Item/Item.wz/Special/0910.img/9102134/info,Item/Item.wz/Special/0910.img/9102134/info/icon.png,Item/Item.wz/Special/0910.img/9102134/info/iconRaw.png
Special,0910,9102135,,,1,0,,,,Item/Item.wz/Special/0910.img.xml,Item/Item.wz/Special/0910.img/9102135/info,Item/Item.wz/Special/0910.img/9102135/info/icon.png,Item/Item.wz/Special/0910.img/9102135/info/iconRaw.png
Special,0910,9102136,,,1,0,,,,Item/Item.wz/Special/0910.img.xml,Item/Item.wz/Special/0910.img/9102136/info,Item/Item.wz/Special/0910.img/9102136/info/icon.png,Item/Item.wz/Special/0910.img/9102136/info/iconRaw.png
Special,0910,9102137,,,1,0,,,,Item/Item.wz/Special/0910.img.xml,Item/Item.wz/Special/0910.img/9102137/info,Item/Item.wz/Special/0910.img/9102137/info/icon.png,Item/Item.wz/Special/0910.img/9102137/info/iconRaw.png
Special,0910,9102138,,,1,0,,,,Item/Item.wz/Special/0910.img.xml,Item/Item.wz/Special/0910.img/9102138/info,Item/Item.wz/Special/0910.img/9102138/info/icon.png,Item/Item.wz/Special/0910.img/9102138/info/iconRaw.png
Special,0910,9102139,,,1,0,,,,Item/Item.wz/Special/0910.img.xml,Item/Item.wz/Special/0910.img/9102139/info,Item/Item.wz/Special/0910.img/9102139/info/icon.png,Item/Item.wz/Special/0910.img/9102139/info/iconRaw.png
Special,0910,9102140,,,1,0,,,,Item/Item.wz/Special/0910.img.xml,Item/Item.wz/Special/0910.img/9102140/info,Item/Item.wz/Special/0910.img/9102140/info/icon.png,Item/Item.wz/Special/0910.img/9102140/info/iconRaw.png
Special,0910,9102141,,,1,0,,,,Item/Item.wz/Special/0910.img.xml,Item/Item.wz/Special/0910.img/9102141/info,Item/Item.wz/Special/0910.img/9102141/info/icon.png,Item/Item.wz/Special/0910.img/9102141/info/iconRaw.png
Special,0910,9102142,,,1,0,,,,Item/Item.wz/Special/0910.img.xml,Item/Item.wz/Special/0910.img/9102142/info,Item/Item.wz/Special/0910.img/9102142/info/icon.png,Item/Item.wz/Special/0910.img/9102142/info/iconRaw.png
Special,0910,9102143,,,1,0,,,,Item/Item.wz/Special/0910.img.xml,Item/Item.wz/Special/0910.img/9102143/info,Item/Item.wz/Special/0910.img/9102143/info/icon.png,Item/Item.wz/Special/0910.img/9102143/info/iconRaw.png
Special,0910,9102144,,,1,0,,,,Item/Item.wz/Special/0910.img.xml,Item/Item.wz/Special/0910.img/9102144/info,Item/Item.wz/Special/0910.img/9102144/info/icon.png,Item/Item.wz/Special/0910.img/9102144/info/iconRaw.png
Special,0910,9102145,,,1,0,,,,Item/Item.wz/Special/0910.img.xml,Item/Item.wz/Special/0910.img/9102145/info,Item/Item.wz/Special/0910.img/9102145/info/icon.png,Item/Item.wz/Special/0910.img/9102145/info/iconRaw.png
Special,0910,9102146,,,1,0,,,,Item/Item.wz/Special/0910.img.xml,Item/Item.wz/Special/0910.img/9102146/info,Item/Item.wz/Special/0910.img/9102146/info/icon.png,Item/Item.wz/Special/0910.img/9102146/info/iconRaw.png
Special,0910,9102147,,,1,0,,,,Item/Item.wz/Special/0910.img.xml,Item/Item.wz/Special/0910.img/9102147/info,Item/Item.wz/Special/0910.img/9102147/info/icon.png,Item/Item.wz/Special/0910.img/9102147/info/iconRaw.png
Special,0910,9102148,,,1,0,,,,Item/Item.wz/Special/0910.img.xml,Item/Item.wz/Special/0910.img/9102148/info,Item/Item.wz/Special/0910.img/9102148/info/icon.png,Item/Item.wz/Special/0910.img/9102148/info/iconRaw.png
Special,0910,9102149,,,1,0,,,,Item/Item.wz/Special/0910.img.xml,Item/Item.wz/Special/0910.img/9102149/info,Item/Item.wz/Special/0910.img/9102149/info/icon.png,Item/Item.wz/Special/0910.img/9102149/info/iconRaw.png
Special,0910,9102150,,,1,0,,,,Item/Item.wz/Special/0910.img.xml,Item/Item.wz/Special/0910.img/9102150/info,Item/Item.wz/Special/0910.img/9102150/info/icon.png,Item/Item.wz/Special/0910.img/9102150/info/iconRaw.png
Special,0910,9102151,,,1,0,,,,Item/Item.wz/Special/0910.img.xml,Item/Item.wz/Special/0910.img/9102151/info,Item/Item.wz/Special/0910.img/9102151/info/icon.png,Item/Item.wz/Special/0910.img/9102151/info/iconRaw.png
Special,0910,9102152,,,1,0,,,,Item/Item.wz/Special/0910.img.xml,Item/Item.wz/Special/0910.img/9102152/info,Item/Item.wz/Special/0910.img/9102152/info/icon.png,Item/Item.wz/Special/0910.img/9102152/info/iconRaw.png
Special,0910,9102153,,,1,0,,,,Item/Item.wz/Special/0910.img.xml,Item/Item.wz/Special/0910.img/9102153/info,Item/Item.wz/Special/0910.img/9102153/info/icon.png,Item/Item.wz/Special/0910.img/9102153/info/iconRaw.png
Special,0910,9102154,,,1,0,,,,Item/Item.wz/Special/0910.img.xml,Item/Item.wz/Special/0910.img/9102154/info,Item/Item.wz/Special/0910.img/9102154/info/icon.png,Item/Item.wz/Special/0910.img/9102154/info/iconRaw.png
Special,0910,9102155,,,1,0,,,,Item/Item.wz/Special/0910.img.xml,Item/Item.wz/Special/0910.img/9102155/info,Item/Item.wz/Special/0910.img/9102155/info/icon.png,Item/Item.wz/Special/0910.img/9102155/info/iconRaw.png
Special,0910,9102156,,,1,0,,,,Item/Item.wz/Special/0910.img.xml,Item/Item.wz/Special/0910.img/9102156/info,Item/Item.wz/Special/0910.img/9102156/info/icon.png,Item/Item.wz/Special/0910.img/9102156/info/iconRaw.png
Special,0910,9102157,,,1,0,,,,Item/Item.wz/Special/0910.img.xml,Item/Item.wz/Special/0910.img/9102157/info,Item/Item.wz/Special/0910.img/9102157/info/icon.png,Item/Item.wz/Special/0910.img/9102157/info/iconRaw.png
Special,0910,9102158,,,1,0,,,,Item/Item.wz/Special/0910.img.xml,Item/Item.wz/Special/0910.img/9102158/info,Item/Item.wz/Special/0910.img/9102158/info/icon.png,Item/Item.wz/Special/0910.img/9102158/info/iconRaw.png
Special,0910,9102159,,,1,0,,,,Item/Item.wz/Special/0910.img.xml,Item/Item.wz/Special/0910.img/9102159/info,Item/Item.wz/Special/0910.img/9102159/info/icon.png,Item/Item.wz/Special/0910.img/9102159/info/iconRaw.png
Special,0910,9102160,,,1,0,,,,Item/Item.wz/Special/0910.img.xml,Item/Item.wz/Special/0910.img/9102160/info,Item/Item.wz/Special/0910.img/9102160/info/icon.png,Item/Item.wz/Special/0910.img/9102160/info/iconRaw.png
Special,0910,9102161,,,1,0,,,,Item/Item.wz/Special/0910.img.xml,Item/Item.wz/Special/0910.img/9102161/info,Item/Item.wz/Special/0910.img/9102161/info/icon.png,Item/Item.wz/Special/0910.img/9102161/info/iconRaw.png
Special,0910,9102162,,,1,0,,,,Item/Item.wz/Special/0910.img.xml,Item/Item.wz/Special/0910.img/9102162/info,Item/Item.wz/Special/0910.img/9102162/info/icon.png,Item/Item.wz/Special/0910.img/9102162/info/iconRaw.png
Special,0910,9102163,,,1,0,,,,Item/Item.wz/Special/0910.img.xml,Item/Item.wz/Special/0910.img/9102163/info,Item/Item.wz/Special/0910.img/9102163/info/icon.png,Item/Item.wz/Special/0910.img/9102163/info/iconRaw.png
Special,0910,9102164,,,1,0,,,,Item/Item.wz/Special/0910.img.xml,Item/Item.wz/Special/0910.img/9102164/info,Item/Item.wz/Special/0910.img/9102164/info/icon.png,Item/Item.wz/Special/0910.img/9102164/info/iconRaw.png
Special,0910,9102165,,,1,0,,,,Item/Item.wz/Special/0910.img.xml,Item/Item.wz/Special/0910.img/9102165/info,Item/Item.wz/Special/0910.img/9102165/info/icon.png,Item/Item.wz/Special/0910.img/9102165/info/iconRaw.png
Special,0910,9102166,,,1,0,,,,Item/Item.wz/Special/0910.img.xml,Item/Item.wz/Special/0910.img/9102166/info,Item/Item.wz/Special/0910.img/9102166/info/icon.png,Item/Item.wz/Special/0910.img/9102166/info/iconRaw.png
Special,0910,9102167,,,1,0,,,,Item/Item.wz/Special/0910.img.xml,Item/Item.wz/Special/0910.img/9102167/info,Item/Item.wz/Special/0910.img/9102167/info/icon.png,Item/Item.wz/Special/0910.img/9102167/info/iconRaw.png
Special,0910,9102168,,,1,0,,,,Item/Item.wz/Special/0910.img.xml,Item/Item.wz/Special/0910.img/9102168/info,Item/Item.wz/Special/0910.img/9102168/info/icon.png,Item/Item.wz/Special/0910.img/9102168/info/iconRaw.png
Special,0910,9102169,,,1,0,,,,Item/Item.wz/Special/0910.img.xml,Item/Item.wz/Special/0910.img/9102169/info,Item/Item.wz/Special/0910.img/9102169/info/icon.png,Item/Item.wz/Special/0910.img/9102169/info/iconRaw.png
Special,0910,9102170,,,1,0,,,,Item/Item.wz/Special/0910.img.xml,Item/Item.wz/Special/0910.img/9102170/info,Item/Item.wz/Special/0910.img/9102170/info/icon.png,Item/Item.wz/Special/0910.img/9102170/info/iconRaw.png
Special,0910,9102171,,,1,0,,,,Item/Item.wz/Special/0910.img.xml,Item/Item.wz/Special/0910.img/9102171/info,Item/Item.wz/Special/0910.img/9102171/info/icon.png,Item/Item.wz/Special/0910.img/9102171/info/iconRaw.png
Special,0910,9102172,,,1,0,,,,Item/Item.wz/Special/0910.img.xml,Item/Item.wz/Special/0910.img/9102172/info,Item/Item.wz/Special/0910.img/9102172/info/icon.png,Item/Item.wz/Special/0910.img/9102172/info/iconRaw.png
Special,0910,9102173,,,1,0,,,,Item/Item.wz/Special/0910.img.xml,Item/Item.wz/Special/0910.img/9102173/info,Item/Item.wz/Special/0910.img/9102173/info/icon.png,Item/Item.wz/Special/0910.img/9102173/info/iconRaw.png
Special,0910,9102174,,,1,0,,,,Item/Item.wz/Special/0910.img.xml,Item/Item.wz/Special/0910.img/9102174/info,Item/Item.wz/Special/0910.img/9102174/info/icon.png,Item/Item.wz/Special/0910.img/9102174/info/iconRaw.png
Special,0910,9102175,,,1,0,,,,Item/Item.wz/Special/0910.img.xml,Item/Item.wz/Special/0910.img/9102175/info,Item/Item.wz/Special/0910.img/9102175/info/icon.png,Item/Item.wz/Special/0910.img/9102175/info/iconRaw.png
Special,0910,9102176,,,1,0,,,,Item/Item.wz/Special/0910.img.xml,Item/Item.wz/Special/0910.img/9102176/info,Item/Item.wz/Special/0910.img/9102176/info/icon.png,Item/Item.wz/Special/0910.img/9102176/info/iconRaw.png
Special,0910,9102177,,,1,0,,,,Item/Item.wz/Special/0910.img.xml,Item/Item.wz/Special/0910.img/9102177/info,Item/Item.wz/Special/0910.img/9102177/info/icon.png,Item/Item.wz/Special/0910.img/9102177/info/iconRaw.png
Special,0910,9102190,,,1,0,,,,Item/Item.wz/Special/0910.img.xml,Item/Item.wz/Special/0910.img/9102190/info,Item/Item.wz/Special/0910.img/9102190/info/icon.png,Item/Item.wz/Special/0910.img/9102190/info/iconRaw.png
Special,0910,9102232,,,1,0,,,,Item/Item.wz/Special/0910.img.xml,Item/Item.wz/Special/0910.img/9102232/info,Item/Item.wz/Special/0910.img/9102232/info/icon.png,Item/Item.wz/Special/0910.img/9102232/info/iconRaw.png
Special,0910,9102233,,,1,0,,,,Item/Item.wz/Special/0910.img.xml,Item/Item.wz/Special/0910.img/9102233/info,Item/Item.wz/Special/0910.img/9102233/info/icon.png,Item/Item.wz/Special/0910.img/9102233/info/iconRaw.png
Special,0910,9102234,,,1,0,,,,Item/Item.wz/Special/0910.img.xml,Item/Item.wz/Special/0910.img/9102234/info,Item/Item.wz/Special/0910.img/9102234/info/icon.png,Item/Item.wz/Special/0910.img/9102234/info/iconRaw.png
Special,0910,9102235,,,1,0,,,,Item/Item.wz/Special/0910.img.xml,Item/Item.wz/Special/0910.img/9102235/info,Item/Item.wz/Special/0910.img/9102235/info/icon.png,Item/Item.wz/Special/0910.img/9102235/info/iconRaw.png
Special,0910,9102236,,,1,0,,,,Item/Item.wz/Special/0910.img.xml,Item/Item.wz/Special/0910.img/9102236/info,Item/Item.wz/Special/0910.img/9102236/info/icon.png,Item/Item.wz/Special/0910.img/9102236/info/iconRaw.png
Special,0910,9102237,,,1,0,,,,Item/Item.wz/Special/0910.img.xml,Item/Item.wz/Special/0910.img/9102237/info,Item/Item.wz/Special/0910.img/9102237/info/icon.png,Item/Item.wz/Special/0910.img/9102237/info/iconRaw.png
Special,0910,9102238,,,1,0,,,,Item/Item.wz/Special/0910.img.xml,Item/Item.wz/Special/0910.img/9102238/info,Item/Item.wz/Special/0910.img/9102238/info/icon.png,Item/Item.wz/Special/0910.img/9102238/info/iconRaw.png
Special,0911,9110000,,,1,0,,,,Item/Item.wz/Special/0911.img.xml,Item/Item.wz/Special/0911.img/9110000/info,Item/Item.wz/Special/0911.img/9110000/info/icon.png,Item/Item.wz/Special/0911.img/9110000/info/iconRaw.png
Special,0911,9111000,,,1,0,,,,Item/Item.wz/Special/0911.img.xml,Item/Item.wz/Special/0911.img/9111000/info,Item/Item.wz/Special/0911.img/9111000/info/icon.png,Item/Item.wz/Special/0911.img/9111000/info/iconRaw.png
Special,0911,9112000,,,1,0,,,,Item/Item.wz/Special/0911.img.xml,Item/Item.wz/Special/0911.img/9112000/info,Item/Item.wz/Special/0911.img/9112000/info/icon.png,Item/Item.wz/Special/0911.img/9112000/info/iconRaw.png
Special,0911,9113000,,,1,0,,,,Item/Item.wz/Special/0911.img.xml,Item/Item.wz/Special/0911.img/9113000/info,Item/Item.wz/Special/0911.img/9113000/info/icon.png,Item/Item.wz/Special/0911.img/9113000/info/iconRaw.png
Special,0911,9114000,,,1,0,,,,Item/Item.wz/Special/0911.img.xml,Item/Item.wz/Special/0911.img/9114000/info,Item/Item.wz/Special/0911.img/9114000/info/icon.png,Item/Item.wz/Special/0911.img/9114000/info/iconRaw.png
