item_root,group_file,id,name,desc,has_icon,has_icon_raw,price,cash_flag,slot_max,xml_relpath,png_dir_relpath,icon_png_relpath,icon_raw_png_relpath
Consume,0200,2000000,Red Potion,A potion made out of red herbs.\nRecovers 50 HP.,1,1,25,,,Item/Item.wz/Consume/0200.img.xml,Item/Item.wz/Consume/0200.img/02000000/info,Item/Item.wz/Consume/0200.img/02000000/info/icon.png,Item/Item.wz/Consume/0200.img/02000000/info/iconRaw.png
Consume,0200,2000001,Orange Potion,A concentrated potion made out of red herbs.\nRecovers 150 HP.,1,1,80,,,Item/Item.wz/Consume/0200.img.xml,Item/Item.wz/Consume/0200.img/02000001/info,Item/Item.wz/Consume/0200.img/02000001/info/icon.png,Item/Item.wz/Consume/0200.img/02000001/info/iconRaw.png
Consume,0200,2000002,White Potion,A highly-concentrated potion made out of red herbs.\nRecovers 300 HP.,1,1,160,,,Item/Item.wz/Consume/0200.img.xml,Item/Item.wz/Consume/0200.img/02000002/info,Item/Item.wz/Consume/0200.img/02000002/info/icon.png,Item/Item.wz/Consume/0200.img/02000002/info/iconRaw.png
Consume,0200,2000003,Blue Potion,A potion made out of blue herbs.\nRecovers 100 MP.,1,1,100,,,Item/Item.wz/Consume/0200.img.xml,Item/Item.wz/Consume/0200.img/02000003/info,Item/Item.wz/Consume/0200.img/02000003/info/icon.png,Item/Item.wz/Consume/0200.img/02000003/info/iconRaw.png
Consume,0200,2000004,Elixir,A legendary potion.\nRecovers 50%  HP and 50% MP.,1,1,1000,,,Item/Item.wz/Consume/0200.img.xml,Item/Item.wz/Consume/0200.img/02000004/info,Item/Item.wz/Consume/0200.img/02000004/info/icon.png,Item/Item.wz/Consume/0200.img/02000004/info/iconRaw.png
Consume,0200,2000005,Power Elixir,A legendary potion.\nRecovers all HP and MP.,1,1,2500,,,Item/Item.wz/Consume/0200.img.xml,Item/Item.wz/Consume/0200.img/02000005/info,Item/Item.wz/Consume/0200.img/02000005/info/icon.png,Item/Item.wz/Consume/0200.img/02000005/info/iconRaw.png
Consume,0200,2000006,Mana Elixir,A legendary potion.\nRecovers around 300 MP.,1,1,310,,,Item/Item.wz/Consume/0200.img.xml,Item/Item.wz/Consume/0200.img/02000006/info,Item/Item.wz/Consume/0200.img/02000006/info/icon.png,Item/Item.wz/Consume/0200.img/02000006/info/iconRaw.png
Consume,0200,2000007,Red Pill,"A pill of concentrated red potion, which restores 50 HP. You can carry more pills than potions because they're smaller",1,1,25,,150,Item/Item.wz/Consume/0200.img.xml,Item/Item.wz/Consume/0200.img/02000007/info,Item/Item.wz/Consume/0200.img/02000007/info/icon.png,Item/Item.wz/Consume/0200.img/02000007/info/iconRaw.png
Consume,0200,2000008,Orange Pill,"A pill of concentrated orange potion, which restores 150 HP. You can carry more pills than potions because they're smaller",1,1,80,,150,Item/Item.wz/Consume/0200.img.xml,Item/Item.wz/Consume/0200.img/02000008/info,Item/Item.wz/Consume/0200.img/02000008/info/icon.png,Item/Item.wz/Consume/0200.img/02000008/info/iconRaw.png
Consume,0200,2000009,White Pill,"A pill of concentrated white potion, which restores 300 HP. You can carry more pills than potions because they're smaller",1,1,160,,150,Item/Item.wz/Consume/0200.img.xml,Item/Item.wz/Consume/0200.img/02000009/info,Item/Item.wz/Consume/0200.img/02000009/info/icon.png,Item/Item.wz/Consume/0200.img/02000009/info/iconRaw.png
Consume,0200,2000010,Blue Pill,"A pill of concentrated blue potion, which restores 100 MP. You can carry more pills than potions because they're smaller",1,1,100,,150,Item/Item.wz/Consume/0200.img.xml,Item/Item.wz/Consume/0200.img/02000010/info,Item/Item.wz/Consume/0200.img/02000010/info/icon.png,Item/Item.wz/Consume/0200.img/02000010/info/iconRaw.png
Consume,0200,2000011,Mana Elixir Pill,"A pill of concentrated Mana Elixir, which restores 300 MP. You can carry more pills than potions because they're smaller",1,1,310,,150,Item/Item.wz/Consume/0200.img.xml,Item/Item.wz/Consume/0200.img/02000011/info,Item/Item.wz/Consume/0200.img/02000011/info/icon.png,Item/Item.wz/Consume/0200.img/02000011/info/iconRaw.png
Consume,0200,2000012,Elixir,A legendary secret potion.\nRecovers 50% of HP and MP.,1,1,1000,,,Item/Item.wz/Consume/0200.img.xml,Item/Item.wz/Consume/0200.img/02000012/info,Item/Item.wz/Consume/0200.img/02000012/info/icon.png,Item/Item.wz/Consume/0200.img/02000012/info/iconRaw.png
Consume,0200,2000013,Red Potion for Beginners,A potion made out of red herbs made especially for beginners. \nRecovers 40 HP.,1,1,1,,,Item/Item.wz/Consume/0200.img.xml,Item/Item.wz/Consume/0200.img/02000013/info,Item/Item.wz/Consume/0200.img/02000013/info/icon.png,Item/Item.wz/Consume/0200.img/02000013/info/iconRaw.png
Consume,0200,2000014,Blue Potion for Beginners,A potion made out of blue herbs made especially for beginners. \nRecovers 80 MP.,1,1,1,,,Item/Item.wz/Consume/0200.img.xml,Item/Item.wz/Consume/0200.img/02000014/info,Item/Item.wz/Consume/0200.img/02000014/info/icon.png,Item/Item.wz/Consume/0200.img/02000014/info/iconRaw.png
Consume,0200,2000015,Orange Potion for Beginners,A concentrated potion made out of red herbs.\nRecovers 150 HP.,1,1,0,,,Item/Item.wz/Consume/0200.img.xml,Item/Item.wz/Consume/0200.img/02000015/info,Item/Item.wz/Consume/0200.img/02000015/info/icon.png,Item/Item.wz/Consume/0200.img/02000015/info/iconRaw.png
Consume,0200,2000016,White Potion,A highly-concentrated potion made out of red herbs.\nRecovers 300 HP.,1,1,0,,,Item/Item.wz/Consume/0200.img.xml,Item/Item.wz/Consume/0200.img/02000016/info,Item/Item.wz/Consume/0200.img/02000016/info/icon.png,Item/Item.wz/Consume/0200.img/02000016/info/iconRaw.png
Consume,0200,2000017,Blue Potion,A potion made out of blue herbs.\nRecovers 100 MP.,1,1,0,,,Item/Item.wz/Consume/0200.img.xml,Item/Item.wz/Consume/0200.img/02000017/info,Item/Item.wz/Consume/0200.img/02000017/info/icon.png,Item/Item.wz/Consume/0200.img/02000017/info/iconRaw.png
Consume,0200,2000018,Mana Elixir,A legendary potion.\nRecovers around 300 MP.,1,1,0,,,Item/Item.wz/Consume/0200.img.xml,Item/Item.wz/Consume/0200.img/02000018/info,Item/Item.wz/Consume/0200.img/02000018/info/icon.png,Item/Item.wz/Consume/0200.img/02000018/info/iconRaw.png
Consume,0200,2000019,Power Elixir,A legendary potion.\nRecovers all HP and MP.,1,1,0,,,Item/Item.wz/Consume/0200.img.xml,Item/Item.wz/Consume/0200.img/02000019/info,Item/Item.wz/Consume/0200.img/02000019/info/icon.png,Item/Item.wz/Consume/0200.img/02000019/info/iconRaw.png
Consume,0200,2000020,Red Potion for Noblesse,A special potion made out of herbs that exclusively grow in Ereve. Made specifically for Noblesss. nHP +50.,1,1,20,,,Item/Item.wz/Consume/0200.img.xml,Item/Item.wz/Consume/0200.img/02000020/info,Item/Item.wz/Consume/0200.img/02000020/info/icon.png,Item/Item.wz/Consume/0200.img/02000020/info/iconRaw.png
Consume,0200,2000021,Blue Potion for Noblesse,A special potion made out of herbs that exclusively grow in Ereve. Made specifically for Noblesss. nMP +100.,1,1,80,,,Item/Item.wz/Consume/0200.img.xml,Item/Item.wz/Consume/0200.img/02000021/info,Item/Item.wz/Consume/0200.img/02000021/info/icon.png,Item/Item.wz/Consume/0200.img/02000021/info/iconRaw.png
Consume,0200,2000022,Special Rien Red Potion,A special bottle of potion consisting of herbs that only grow in Rien. \nRecovers HP +100.,1,1,50,,,Item/Item.wz/Consume/0200.img.xml,Item/Item.wz/Consume/0200.img/02000022/info,Item/Item.wz/Consume/0200.img/02000022/info/icon.png,Item/Item.wz/Consume/0200.img/02000022/info/iconRaw.png
Consume,0200,2000023,Special Rien Blue Potion,A special bottle of potion consisting of herbs that only grow in Rien. \nRecovers MP +50.,1,1,50,,,Item/Item.wz/Consume/0200.img.xml,Item/Item.wz/Consume/0200.img/02000023/info,Item/Item.wz/Consume/0200.img/02000023/info/icon.png,Item/Item.wz/Consume/0200.img/02000023/info/iconRaw.png
Consume,0200,2001000,Watermelon,A very ripe watermelon.\nRecovers about 1000 HP and 1000 MP.,1,1,1600,,,Item/Item.wz/Consume/0200.img.xml,Item/Item.wz/Consume/0200.img/02001000/info,Item/Item.wz/Consume/0200.img/02001000/info/icon.png,Item/Item.wz/Consume/0200.img/02001000/info/iconRaw.png
Consume,0200,2001001,Ice Cream Pop,A tasty ice cream pop.\nRecovers around 2000 HP.,1,1,1150,,,Item/Item.wz/Consume/0200.img.xml,Item/Item.wz/Consume/0200.img/02001001/info,Item/Item.wz/Consume/0200.img/02001001/info/icon.png,Item/Item.wz/Consume/0200.img/02001001/info/iconRaw.png
Consume,0200,2001002,Red Bean Sundae,Definitely lets you forget about the hot hot summer. \nRecovers around 2000 MP.,1,1,2000,,,Item/Item.wz/Consume/0200.img.xml,Item/Item.wz/Consume/0200.img/02001002/info,Item/Item.wz/Consume/0200.img/02001002/info/icon.png,Item/Item.wz/Consume/0200.img/02001002/info/iconRaw.png
Consume,0200,2002000,Dexterity Potion,Adds quickness.\nAvoidability +5 for 3 min.,1,1,250,,,Item/Item.wz/Consume/0200.img.xml,Item/Item.wz/Consume/0200.img/02002000/info,Item/Item.wz/Consume/0200.img/02002000/info/icon.png,Item/Item.wz/Consume/0200.img/02002000/info/iconRaw.png
Consume,0200,2002001,Speed Potion,Increases speed.\nSpeed +8 for 3 min.,1,1,250,,,Item/Item.wz/Consume/0200.img.xml,Item/Item.wz/Consume/0200.img/02002001/info,Item/Item.wz/Consume/0200.img/02002001/info/icon.png,Item/Item.wz/Consume/0200.img/02002001/info/iconRaw.png
Consume,0200,2002002,Magic Potion,Increases magic attack.\nMagic Attack +5 for 3 min.,1,1,250,,,Item/Item.wz/Consume/0200.img.xml,Item/Item.wz/Consume/0200.img/02002002/info,Item/Item.wz/Consume/0200.img/02002002/info/icon.png,Item/Item.wz/Consume/0200.img/02002002/info/iconRaw.png
Consume,0200,2002003,Wizard Potion,Increases magic attack.\nMagic Attack +10 for 3 min.,1,1,550,,,Item/Item.wz/Consume/0200.img.xml,Item/Item.wz/Consume/0200.img/02002003/info,Item/Item.wz/Consume/0200.img/02002003/info/icon.png,Item/Item.wz/Consume/0200.img/02002003/info/iconRaw.png
Consume,0200,2002004,Warrior Potion,Increases attacking ability.\nAttack +5 for 3 min.,1,1,250,,,Item/Item.wz/Consume/0200.img.xml,Item/Item.wz/Consume/0200.img/02002004/info,Item/Item.wz/Consume/0200.img/02002004/info/icon.png,Item/Item.wz/Consume/0200.img/02002004/info/iconRaw.png
Consume,0200,2002005,Sniper Potion,Increases accuracy.\nAccuracy +5 for 5 min.,1,1,250,,,Item/Item.wz/Consume/0200.img.xml,Item/Item.wz/Consume/0200.img/02002005/info,Item/Item.wz/Consume/0200.img/02002005/info/icon.png,Item/Item.wz/Consume/0200.img/02002005/info/iconRaw.png
Consume,0200,2002006,Warrior Pill,A pill of concentrated warrior potion. Att. + 5 for 10 minutes,1,1,300,,,Item/Item.wz/Consume/0200.img.xml,Item/Item.wz/Consume/0200.img/02002006/info,Item/Item.wz/Consume/0200.img/02002006/info/icon.png,Item/Item.wz/Consume/0200.img/02002006/info/iconRaw.png
Consume,0200,2002007,Magic Pill,A pill of concentrated magic potion. Magic Att. + 5 for 10 minutes,1,1,300,,,Item/Item.wz/Consume/0200.img.xml,Item/Item.wz/Consume/0200.img/02002007/info,Item/Item.wz/Consume/0200.img/02002007/info/icon.png,Item/Item.wz/Consume/0200.img/02002007/info/iconRaw.png
Consume,0200,2002008,Sniper Pill,A pill of concentrated sniper potion. Accuracy + 10 for 10 minutes,1,1,300,,,Item/Item.wz/Consume/0200.img.xml,Item/Item.wz/Consume/0200.img/02002008/info,Item/Item.wz/Consume/0200.img/02002008/info/icon.png,Item/Item.wz/Consume/0200.img/02002008/info/iconRaw.png
Consume,0200,2002009,Dexterity Pill,A pill of concentrated dexterity potion. Avoidablity + 10 for 10 minutes,1,1,300,,,Item/Item.wz/Consume/0200.img.xml,Item/Item.wz/Consume/0200.img/02002009/info,Item/Item.wz/Consume/0200.img/02002009/info/icon.png,Item/Item.wz/Consume/0200.img/02002009/info/iconRaw.png
Consume,0200,2002010,Speed Pill,A pill of concentrated speed potion. Increased speed for 10 minutes,1,1,250,,,Item/Item.wz/Consume/0200.img.xml,Item/Item.wz/Consume/0200.img/02002010/info,Item/Item.wz/Consume/0200.img/02002010/info/icon.png,Item/Item.wz/Consume/0200.img/02002010/info/iconRaw.png
Consume,0200,2002011,Pain Reliever,A special pain reliever created in Omega Sector.nWeapon Def + 30 for 30 min.,1,1,600,,100,Item/Item.wz/Consume/0200.img.xml,Item/Item.wz/Consume/0200.img/02002011/info,Item/Item.wz/Consume/0200.img/02002011/info/icon.png,Item/Item.wz/Consume/0200.img/02002011/info/iconRaw.png
Consume,0200,2002015,Elpam Elixir,"A rare, powerful elixir from Versal. Restores 90% HP & MP, and gives a boost of +5 Att and +40 Def for a duration of 15 minutes.",1,1,1000,,,Item/Item.wz/Consume/0200.img.xml,Item/Item.wz/Consume/0200.img/02002015/info,Item/Item.wz/Consume/0200.img/02002015/info/icon.png,Item/Item.wz/Consume/0200.img/02002015/info/iconRaw.png
Consume,0200,2002016,Thief Elixir,A special elixir for Thieves. Gives +9 Accuracy and +15 Avoidability for 8 minutes.,1,1,1000,,,Item/Item.wz/Consume/0200.img.xml,Item/Item.wz/Consume/0200.img/02002016/info,Item/Item.wz/Consume/0200.img/02002016/info/icon.png,Item/Item.wz/Consume/0200.img/02002016/info/iconRaw.png
Consume,0200,2002017,Warrior Elixir,A special elixir for Warriors. Gives +12 W. Att for 8 minutes.,1,1,1000,,,Item/Item.wz/Consume/0200.img.xml,Item/Item.wz/Consume/0200.img/02002017/info,Item/Item.wz/Consume/0200.img/02002017/info/icon.png,Item/Item.wz/Consume/0200.img/02002017/info/iconRaw.png
Consume,0200,2002018,Wizard Elixir,A special elixir for Magicians. Gives +20 M.Att for 8 minutes.,1,1,1000,,,Item/Item.wz/Consume/0200.img.xml,Item/Item.wz/Consume/0200.img/02002018/info,Item/Item.wz/Consume/0200.img/02002018/info/icon.png,Item/Item.wz/Consume/0200.img/02002018/info/iconRaw.png
Consume,0200,2002019,Archer Elixir,A special elixir for Bowmen. Gives +20 Avoidability for 8 minutes.,1,1,1000,,,Item/Item.wz/Consume/0200.img.xml,Item/Item.wz/Consume/0200.img/02002019/info,Item/Item.wz/Consume/0200.img/02002019/info/icon.png,Item/Item.wz/Consume/0200.img/02002019/info/iconRaw.png
Consume,0200,2002020,Mana Bull,"A special potion made in New Leaf City, recovers 60% MP.",1,1,600,,150,Item/Item.wz/Consume/0200.img.xml,Item/Item.wz/Consume/0200.img/02002020/info,Item/Item.wz/Consume/0200.img/02002020/info/icon.png,Item/Item.wz/Consume/0200.img/02002020/info/iconRaw.png
Consume,0200,2002021,Honster,"A special potion made in New Leaf City, recovers 60% HP.",1,1,600,,150,Item/Item.wz/Consume/0200.img.xml,Item/Item.wz/Consume/0200.img/02002021/info,Item/Item.wz/Consume/0200.img/02002021/info/icon.png,Item/Item.wz/Consume/0200.img/02002021/info/iconRaw.png
Consume,0200,2002022,Ginseng Root,Pure ginseng extract that recovers 40% of HP and MP.,1,1,750,,,Item/Item.wz/Consume/0200.img.xml,Item/Item.wz/Consume/0200.img/02002022/info,Item/Item.wz/Consume/0200.img/02002022/info/icon.png,Item/Item.wz/Consume/0200.img/02002022/info/iconRaw.png
Consume,0200,2002023,Ginger Ale,Strong brewed Ginger Ale. Recovers 75% of HP and MP.,1,1,1100,,,Item/Item.wz/Consume/0200.img.xml,Item/Item.wz/Consume/0200.img/02002023/info,Item/Item.wz/Consume/0200.img/02002023/info/icon.png,Item/Item.wz/Consume/0200.img/02002023/info/iconRaw.png
Consume,0200,2002024,Sorcerer Elixir,A rare potion perfect for Magicians. Recovers 1500 MP.,1,1,500,,150,Item/Item.wz/Consume/0200.img.xml,Item/Item.wz/Consume/0200.img/02002024/info,Item/Item.wz/Consume/0200.img/02002024/info/icon.png,Item/Item.wz/Consume/0200.img/02002024/info/iconRaw.png
Consume,0200,2002025,Barbarian Elixir,A volatile potion mixed on the battlefield. Recovers 1500 HP.,1,1,500,,150,Item/Item.wz/Consume/0200.img.xml,Item/Item.wz/Consume/0200.img/02002025/info,Item/Item.wz/Consume/0200.img/02002025/info/icon.png,Item/Item.wz/Consume/0200.img/02002025/info/iconRaw.png
Consume,0200,2002026,Ginger Ale,Strong brewed Ginger Ale. Recovers 75% of HP and MP.,1,1,1100,,,Item/Item.wz/Consume/0200.img.xml,Item/Item.wz/Consume/0200.img/02002026/info,Item/Item.wz/Consume/0200.img/02002026/info/icon.png,Item/Item.wz/Consume/0200.img/02002026/info/iconRaw.png
Consume,0200,2002027,Stirge Signal,A makeshift device that looks like it's been duct-taped together.  Can be used to distract enemies... slightly.  [Gives +5 Avoidability for 20 minutes.],1,1,80,,,Item/Item.wz/Consume/0200.img.xml,Item/Item.wz/Consume/0200.img/02002027/info,Item/Item.wz/Consume/0200.img/02002027/info/icon.png,Item/Item.wz/Consume/0200.img/02002027/info/iconRaw.png
Consume,0200,2002028,T-1337 Supercharger,"A charger for an advanced model cyborg. Looks like it would give quite a shock to the system! [Gives +25 Weapon Attack, +60 Magic Attack for 20 minutes.]",1,1,160,,,Item/Item.wz/Consume/0200.img.xml,Item/Item.wz/Consume/0200.img/02002028/info,Item/Item.wz/Consume/0200.img/02002028/info/icon.png,Item/Item.wz/Consume/0200.img/02002028/info/iconRaw.png
Consume,0200,2002029,Ridley's Scroll of Defense,"Why wear cumbersome armor when Ridley can provide the same protection, weightlessly and more comfortably!  (Legal Disclaimer: Effect is temporary) [Gives +100 Overall Defense for 10 minutes.]",1,1,25,,,Item/Item.wz/Consume/0200.img.xml,Item/Item.wz/Consume/0200.img/02002029/info,Item/Item.wz/Consume/0200.img/02002029/info/icon.png,Item/Item.wz/Consume/0200.img/02002029/info/iconRaw.png
Consume,0200,2002030,Angelic Steps,Allows one to move fast. \nWill increase your speed for 10 minutes.,1,1,1,,,Item/Item.wz/Consume/0200.img.xml,Item/Item.wz/Consume/0200.img/02002030/info,Item/Item.wz/Consume/0200.img/02002030/info/icon.png,Item/Item.wz/Consume/0200.img/02002030/info/iconRaw.png
Consume,0201,2010000,Apple,"A red, ripe, and tasty apple.\nRecovers around 30 HP",1,1,15,,,Item/Item.wz/Consume/0201.img.xml,Item/Item.wz/Consume/0201.img/02010000/info,Item/Item.wz/Consume/0201.img/02010000/info/icon.png,Item/Item.wz/Consume/0201.img/02010000/info/iconRaw.png
Consume,0201,2010001,Meat,A tasty-looking meat. .\nRecovers around 100 HP.,1,1,53,,,Item/Item.wz/Consume/0201.img.xml,Item/Item.wz/Consume/0201.img/02010001/info,Item/Item.wz/Consume/0201.img/02010001/info/icon.png,Item/Item.wz/Consume/0201.img/02010001/info/iconRaw.png
Consume,0201,2010002,Egg,A nutritious egg.nImproves around 50 HP.,1,1,25,,,Item/Item.wz/Consume/0201.img.xml,Item/Item.wz/Consume/0201.img/02010002/info,Item/Item.wz/Consume/0201.img/02010002/info/icon.png,Item/Item.wz/Consume/0201.img/02010002/info/iconRaw.png
Consume,0201,2010003,Orange,"A sweet, tasty orange.\nRecovers around 50 MP.",1,1,50,,,Item/Item.wz/Consume/0201.img.xml,Item/Item.wz/Consume/0201.img/02010003/info,Item/Item.wz/Consume/0201.img/02010003/info/icon.png,Item/Item.wz/Consume/0201.img/02010003/info/iconRaw.png
Consume,0201,2010004,Lemon,Very sour.\nRecovers around 150 MP.,1,1,155,,,Item/Item.wz/Consume/0201.img.xml,Item/Item.wz/Consume/0201.img/02010004/info,Item/Item.wz/Consume/0201.img/02010004/info/icon.png,Item/Item.wz/Consume/0201.img/02010004/info/iconRaw.png
Consume,0201,2010005,Honey,Fresh honey extracted from the beehive. \nRecovers around 30% of both HP and MP.,1,1,750,,,Item/Item.wz/Consume/0201.img.xml,Item/Item.wz/Consume/0201.img/02010005/info,Item/Item.wz/Consume/0201.img/02010005/info/icon.png,Item/Item.wz/Consume/0201.img/02010005/info/iconRaw.png
Consume,0201,2010006,Pot of Honey,A pot full of fresh honey.\nRecovers 50% of both HP and MP.,1,1,1000,,,Item/Item.wz/Consume/0201.img.xml,Item/Item.wz/Consume/0201.img/02010006/info,Item/Item.wz/Consume/0201.img/02010006/info/icon.png,Item/Item.wz/Consume/0201.img/02010006/info/iconRaw.png
Consume,0201,2010007,Roger's Apple,"A ripe, red apple.\nRecovers HP 30.nn#cTo eat Roger's Apple, simply double-click on it in your use inventory#.",1,1,1,,,Item/Item.wz/Consume/0201.img.xml,Item/Item.wz/Consume/0201.img/02010007/info,Item/Item.wz/Consume/0201.img/02010007/info/icon.png,Item/Item.wz/Consume/0201.img/02010007/info/iconRaw.png
Consume,0201,2010009,Green Apple,Sour and crunchy green apple.\nRecovers MP +30.,1,1,30,,,Item/Item.wz/Consume/0201.img.xml,Item/Item.wz/Consume/0201.img/02010009/info,Item/Item.wz/Consume/0201.img/02010009/info/icon.png,Item/Item.wz/Consume/0201.img/02010009/info/iconRaw.png
Consume,0201,2011000,Poisonous Mushroom,A very poisonous mushroom.,1,1,,,,Item/Item.wz/Consume/0201.img.xml,Item/Item.wz/Consume/0201.img/02011000/info,Item/Item.wz/Consume/0201.img/02011000/info/icon.png,Item/Item.wz/Consume/0201.img/02011000/info/iconRaw.png
Consume,0201,2012000,Drake's Blood,Drake's blood. nAttack +8 for 5 min.,1,1,750,,,Item/Item.wz/Consume/0201.img.xml,Item/Item.wz/Consume/0201.img/02012000/info,Item/Item.wz/Consume/0201.img/02012000/info/icon.png,Item/Item.wz/Consume/0201.img/02012000/info/iconRaw.png
Consume,0201,2012001,Fairy's Honey,"It's honey, the fairies' favorite.nAvoidability +10 for 5 min.",1,1,500,,,Item/Item.wz/Consume/0201.img.xml,Item/Item.wz/Consume/0201.img/02012001/info,Item/Item.wz/Consume/0201.img/02012001/info/icon.png,Item/Item.wz/Consume/0201.img/02012001/info/iconRaw.png
Consume,0201,2012002,Sap of Ancient Tree,Sap of a thousands-of-years-old tree. \nMagic Attack +10 for 5 min.,1,1,700,,,Item/Item.wz/Consume/0201.img.xml,Item/Item.wz/Consume/0201.img/02012002/info,Item/Item.wz/Consume/0201.img/02012002/info/icon.png,Item/Item.wz/Consume/0201.img/02012002/info/iconRaw.png
Consume,0201,2012003,Drake's Meat,Drake's meat.nWeapon Def. +10 for 5 min.,1,1,500,,,Item/Item.wz/Consume/0201.img.xml,Item/Item.wz/Consume/0201.img/02012003/info,Item/Item.wz/Consume/0201.img/02012003/info/icon.png,Item/Item.wz/Consume/0201.img/02012003/info/iconRaw.png
Consume,0201,2012005,Angel Apple,"A red, ripe apple.\nRecovers 200 HP.",1,1,1,,,Item/Item.wz/Consume/0201.img.xml,Item/Item.wz/Consume/0201.img/02012005/info,Item/Item.wz/Consume/0201.img/02012005/info/icon.png,Item/Item.wz/Consume/0201.img/02012005/info/iconRaw.png
Consume,0201,2012006,Angel Lemon,A very sour fruit.\nRecovers 200 MP.,1,1,1,,,Item/Item.wz/Consume/0201.img.xml,Item/Item.wz/Consume/0201.img/02012006/info,Item/Item.wz/Consume/0201.img/02012006/info/icon.png,Item/Item.wz/Consume/0201.img/02012006/info/iconRaw.png
Consume,0201,2012008,Unripe Onyx Apple,"A mysterious and unripe Onyx Apple. When consumed, it grants the following: ATT +60, Magic ATT +70, DEF +10 for 1 minute.",1,1,1,,10,Item/Item.wz/Consume/0201.img.xml,Item/Item.wz/Consume/0201.img/02012008/info,Item/Item.wz/Consume/0201.img/02012008/info/icon.png,Item/Item.wz/Consume/0201.img/02012008/info/iconRaw.png
Consume,0202,2020000,Salad,Made out of fresh vegetable.\nRecovers 200 MP.,1,1,210,,,Item/Item.wz/Consume/0202.img.xml,Item/Item.wz/Consume/0202.img/02020000/info,Item/Item.wz/Consume/0202.img/02020000/info/icon.png,Item/Item.wz/Consume/0202.img/02020000/info/iconRaw.png
Consume,0202,2020001,Fried Chicken,Well-fried chicken.\nRecovers around 200 HP.,1,1,110,,,Item/Item.wz/Consume/0202.img.xml,Item/Item.wz/Consume/0202.img/02020001/info,Item/Item.wz/Consume/0202.img/02020001/info/icon.png,Item/Item.wz/Consume/0202.img/02020001/info/iconRaw.png
Consume,0202,2020002,Cake,A cake full of sweetness. Recovers 100 for both HP and MP.,1,1,160,,,Item/Item.wz/Consume/0202.img.xml,Item/Item.wz/Consume/0202.img/02020002/info,Item/Item.wz/Consume/0202.img/02020002/info/icon.png,Item/Item.wz/Consume/0202.img/02020002/info/iconRaw.png
Consume,0202,2020003,Pizza,A freshly-baked pizza. Recovers 400 HP.,1,1,225,,,Item/Item.wz/Consume/0202.img.xml,Item/Item.wz/Consume/0202.img/02020003/info,Item/Item.wz/Consume/0202.img/02020003/info/icon.png,Item/Item.wz/Consume/0202.img/02020003/info/iconRaw.png
Consume,0202,2020004,Hamburger,A hamburger with bulgogi in it. Recovers 400 HP.,1,1,225,,,Item/Item.wz/Consume/0202.img.xml,Item/Item.wz/Consume/0202.img/02020004/info,Item/Item.wz/Consume/0202.img/02020004/info/icon.png,Item/Item.wz/Consume/0202.img/02020004/info/iconRaw.png
Consume,0202,2020005,Hot Dog,A hotdog with ketchup on it. Recovers 300 HP.,1,1,160,,,Item/Item.wz/Consume/0202.img.xml,Item/Item.wz/Consume/0202.img/02020005/info,Item/Item.wz/Consume/0202.img/02020005/info/icon.png,Item/Item.wz/Consume/0202.img/02020005/info/iconRaw.png
Consume,0202,2020006,Hot Dog Supreme,A huge hot dog. Recovers 500 HP.,1,1,265,,,Item/Item.wz/Consume/0202.img.xml,Item/Item.wz/Consume/0202.img/02020006/info,Item/Item.wz/Consume/0202.img/02020006/info/icon.png,Item/Item.wz/Consume/0202.img/02020006/info/iconRaw.png
Consume,0202,2020007,Dried Squid,Well-dried. Recovers 600 HP.,1,1,310,,,Item/Item.wz/Consume/0202.img.xml,Item/Item.wz/Consume/0202.img/02020007/info,Item/Item.wz/Consume/0202.img/02020007/info/icon.png,Item/Item.wz/Consume/0202.img/02020007/info/iconRaw.png
Consume,0202,2020008,Fat Sausage,"Tastes great, and is quite nutritious. Recovers 1200 HP.",1,1,630,,,Item/Item.wz/Consume/0202.img.xml,Item/Item.wz/Consume/0202.img/02020008/info,Item/Item.wz/Consume/0202.img/02020008/info/icon.png,Item/Item.wz/Consume/0202.img/02020008/info/iconRaw.png
Consume,0202,2020009,Orange Juice,Pure OJ... Recovers 450 MP.,1,1,460,,,Item/Item.wz/Consume/0202.img.xml,Item/Item.wz/Consume/0202.img/02020009/info,Item/Item.wz/Consume/0202.img/02020009/info/icon.png,Item/Item.wz/Consume/0202.img/02020009/info/iconRaw.png
Consume,0202,2020010,Grape Juice,Used real grapes for this. Recovers 900 MP.,1,1,930,,,Item/Item.wz/Consume/0202.img.xml,Item/Item.wz/Consume/0202.img/02020010/info,Item/Item.wz/Consume/0202.img/02020010/info/icon.png,Item/Item.wz/Consume/0202.img/02020010/info/iconRaw.png
Consume,0202,2020011,W Ramen,A cup ramen with awesome soup.\nRecovers 40% of HP and MP..,1,1,1000,,,Item/Item.wz/Consume/0202.img.xml,Item/Item.wz/Consume/0202.img/02020011/info,Item/Item.wz/Consume/0202.img/02020011/info/icon.png,Item/Item.wz/Consume/0202.img/02020011/info/iconRaw.png
Consume,0202,2020012,Melting Cheese,A mouth-watering cheese made out of fresh milk.\nRecovers 4000 HP.,1,1,2250,,,Item/Item.wz/Consume/0202.img.xml,Item/Item.wz/Consume/0202.img/02020012/info,Item/Item.wz/Consume/0202.img/02020012/info/icon.png,Item/Item.wz/Consume/0202.img/02020012/info/iconRaw.png
Consume,0202,2020013,Reindeer Milk,Fresh milk squeezed out of a reindeer.\nRecovers 5000 HP.,1,1,2750,,,Item/Item.wz/Consume/0202.img.xml,Item/Item.wz/Consume/0202.img/02020013/info,Item/Item.wz/Consume/0202.img/02020013/info/icon.png,Item/Item.wz/Consume/0202.img/02020013/info/iconRaw.png
Consume,0202,2020014,Sunrise Dew,Dew collected early morning. Recovers 4000 MP,1,1,4050,,,Item/Item.wz/Consume/0202.img.xml,Item/Item.wz/Consume/0202.img/02020014/info,Item/Item.wz/Consume/0202.img/02020014/info/icon.png,Item/Item.wz/Consume/0202.img/02020014/info/iconRaw.png
Consume,0202,2020015,Sunset Dew,Dew collected late in the afternoon. Recovers 5000 MP.,1,1,5100,,,Item/Item.wz/Consume/0202.img.xml,Item/Item.wz/Consume/0202.img/02020015/info,Item/Item.wz/Consume/0202.img/02020015/info/icon.png,Item/Item.wz/Consume/0202.img/02020015/info/iconRaw.png
Consume,0202,2020016,Cheesecake,MapleStory's 4th Anniversary Cake. Recovers 1200 HP and MP.,1,1,1650,,,Item/Item.wz/Consume/0202.img.xml,Item/Item.wz/Consume/0202.img/02020016/info,Item/Item.wz/Consume/0202.img/02020016/info/icon.png,Item/Item.wz/Consume/0202.img/02020016/info/iconRaw.png
Consume,0202,2020017,Strawberry Cream Cake,MapleStory 4th Anniversary Cake. Recovers 1400 HP and MP.,1,1,1950,,,Item/Item.wz/Consume/0202.img.xml,Item/Item.wz/Consume/0202.img/02020017/info,Item/Item.wz/Consume/0202.img/02020017/info/icon.png,Item/Item.wz/Consume/0202.img/02020017/info/iconRaw.png
Consume,0202,2020018,Chocolate Cream Cake,MapleStory 4th Anniversary Cake. Recovers 1600 HP and MP.,1,1,2250,,,Item/Item.wz/Consume/0202.img.xml,Item/Item.wz/Consume/0202.img/02020018/info,Item/Item.wz/Consume/0202.img/02020018/info/icon.png,Item/Item.wz/Consume/0202.img/02020018/info/iconRaw.png
Consume,0202,2020019,Chocolate Cake,MapleStory 4th Anniversary Cake. Recovers 1800 HP and MP.,1,1,2550,,,Item/Item.wz/Consume/0202.img.xml,Item/Item.wz/Consume/0202.img/02020019/info,Item/Item.wz/Consume/0202.img/02020019/info/icon.png,Item/Item.wz/Consume/0202.img/02020019/info/iconRaw.png
Consume,0202,2020020,Wedding Cake,A Wedding cake that coming  Recovers 2000 HP and MP.,1,1,2850,,,Item/Item.wz/Consume/0202.img.xml,Item/Item.wz/Consume/0202.img/02020020/info,Item/Item.wz/Consume/0202.img/02020020/info/icon.png,Item/Item.wz/Consume/0202.img/02020020/info/iconRaw.png
Consume,0202,2020021,Nemi's Lunch Box,"A fresh-made lunch box made by Nemi of Ludibrium for her dad, Kaho of the Toy Factory. Recovers 10 HP.",1,1,1,,,Item/Item.wz/Consume/0202.img.xml,Item/Item.wz/Consume/0202.img/02020021/info,Item/Item.wz/Consume/0202.img/02020021/info/icon.png,Item/Item.wz/Consume/0202.img/02020021/info/iconRaw.png
Consume,0202,2020022,White Chocolate,"A very delicious, home-made white chocolate. Attack + 5 for 30 minutes.",1,1,1,,1,Item/Item.wz/Consume/0202.img.xml,Item/Item.wz/Consume/0202.img/02020022/info,Item/Item.wz/Consume/0202.img/02020022/info/icon.png,Item/Item.wz/Consume/0202.img/02020022/info/iconRaw.png
Consume,0202,2020023,Dark Chocolate,"A very delicious, home-made dark chocolate. Magic Attack + 5 for 30 minutes.",1,1,1,,1,Item/Item.wz/Consume/0202.img.xml,Item/Item.wz/Consume/0202.img/02020023/info,Item/Item.wz/Consume/0202.img/02020023/info/icon.png,Item/Item.wz/Consume/0202.img/02020023/info/iconRaw.png
Consume,0202,2020024,Chocolate Basket,"A basket full of delicious, home-made chocolate decorated with ribbons and marbles. Avoidability, speed and accuracy +10 each for 30 minutes.",1,1,1,,1,Item/Item.wz/Consume/0202.img.xml,Item/Item.wz/Consume/0202.img/02020024/info,Item/Item.wz/Consume/0202.img/02020024/info/icon.png,Item/Item.wz/Consume/0202.img/02020024/info/iconRaw.png
Consume,0202,2020025,Pineapple Candy,"A very sweet, home-made pineapple candy. Attack +5 for 30 minutes.",1,1,1,,1,Item/Item.wz/Consume/0202.img.xml,Item/Item.wz/Consume/0202.img/02020025/info,Item/Item.wz/Consume/0202.img/02020025/info/icon.png,Item/Item.wz/Consume/0202.img/02020025/info/iconRaw.png
Consume,0202,2020026,Strawberry Candy,"A very sweet, home-made strawberry candy. Magic Att. +5 for 30 minutes.",1,1,1,,1,Item/Item.wz/Consume/0202.img.xml,Item/Item.wz/Consume/0202.img/02020026/info,Item/Item.wz/Consume/0202.img/02020026/info/icon.png,Item/Item.wz/Consume/0202.img/02020026/info/iconRaw.png
Consume,0202,2020027,Candy Basket,"A basket full of sweet home-made fruit candies decorated with ribbons and marbles. Avoidability, speed and accuracy +10 each for 30 minutes.",1,1,1,,1,Item/Item.wz/Consume/0202.img.xml,Item/Item.wz/Consume/0202.img/02020027/info,Item/Item.wz/Consume/0202.img/02020027/info/icon.png,Item/Item.wz/Consume/0202.img/02020027/info/iconRaw.png
Consume,0202,2020028,Chocolate,Milk chocolate that has a strong sweet scent. This is used to make the chocolate-dipped cookie stick.\nRecovers each of HP and MP by 1000.,1,1,1500,,100,Item/Item.wz/Consume/0202.img.xml,Item/Item.wz/Consume/0202.img/02020028/info,Item/Item.wz/Consume/0202.img/02020028/info/icon.png,Item/Item.wz/Consume/0202.img/02020028/info/iconRaw.png
Consume,0202,2020029,Corn,A fresh corn plucked right off the stalk.\nRecovers 100 MP.,1,1,1,,,Item/Item.wz/Consume/0202.img.xml,Item/Item.wz/Consume/0202.img/02020029/info,Item/Item.wz/Consume/0202.img/02020029/info/icon.png,Item/Item.wz/Consume/0202.img/02020029/info/iconRaw.png
Consume,0202,2020030,Roasted Turkey,A well-roasted turkey enough to feed the whole family.\nRecovers 100 HP.,1,1,1,,,Item/Item.wz/Consume/0202.img.xml,Item/Item.wz/Consume/0202.img/02020030/info,Item/Item.wz/Consume/0202.img/02020030/info/icon.png,Item/Item.wz/Consume/0202.img/02020030/info/iconRaw.png
Consume,0202,2020031,Coca_Cola,Sweet refreshing #cCoca-Cola#.\nRecovers HP and MP by 30%.,1,1,750,,,Item/Item.wz/Consume/0202.img.xml,Item/Item.wz/Consume/0202.img/02020031/info,Item/Item.wz/Consume/0202.img/02020031/info/icon.png,Item/Item.wz/Consume/0202.img/02020031/info/iconRaw.png
Consume,0202,2020032,Birthday Cake,A tasty-looking cake full of whipped cream and fruit toppings.\nRecovers 365 MP and HP.,1,1,1,,10,Item/Item.wz/Consume/0202.img.xml,Item/Item.wz/Consume/0202.img/02020032/info,Item/Item.wz/Consume/0202.img/02020032/info/icon.png,Item/Item.wz/Consume/0202.img/02020032/info/iconRaw.png
Consume,0202,2022000,Pure Water,Very clean water.\nRecovers up to 800 MP.,1,1,825,,,Item/Item.wz/Consume/0202.img.xml,Item/Item.wz/Consume/0202.img/02022000/info,Item/Item.wz/Consume/0202.img/02022000/info/icon.png,Item/Item.wz/Consume/0202.img/02022000/info/iconRaw.png
Consume,0202,2022001,Red Bean Porridge,"A hot steamy porridge made out of red beans. At an HP-decreasing map, whenever such map damage is dealt, 10 HP will be protected.",1,1,200,,,Item/Item.wz/Consume/0202.img.xml,Item/Item.wz/Consume/0202.img/02022001/info,Item/Item.wz/Consume/0202.img/02022001/info/icon.png,Item/Item.wz/Consume/0202.img/02022001/info/iconRaw.png
Consume,0202,2022002,Cider,"A cold soft drink.\nIncreases weapon attack for 5 min.\nAccuracy -5 for 5 min., though.",1,1,1,,1,Item/Item.wz/Consume/0202.img.xml,Item/Item.wz/Consume/0202.img/02022002/info,Item/Item.wz/Consume/0202.img/02022002/info/icon.png,Item/Item.wz/Consume/0202.img/02022002/info/iconRaw.png
Consume,0202,2022003,Unagi,Well-seasoned eel.\nRecovers 1000 HP.,1,1,550,,,Item/Item.wz/Consume/0202.img.xml,Item/Item.wz/Consume/0202.img/02022003/info,Item/Item.wz/Consume/0202.img/02022003/info/icon.png,Item/Item.wz/Consume/0202.img/02022003/info/iconRaw.png
Consume,0202,2022004,Song Pyun,Filled with royal jelly.\nRecovers 1500 HP.,1,1,750,,,Item/Item.wz/Consume/0202.img.xml,Item/Item.wz/Consume/0202.img/02022004/info,Item/Item.wz/Consume/0202.img/02022004/info/icon.png,Item/Item.wz/Consume/0202.img/02022004/info/iconRaw.png
Consume,0202,2022005,Han Gwa,A traditional Korean snack.\nRecovers 1500 MP.,1,1,750,,,Item/Item.wz/Consume/0202.img.xml,Item/Item.wz/Consume/0202.img/02022005/info,Item/Item.wz/Consume/0202.img/02022005/info/icon.png,Item/Item.wz/Consume/0202.img/02022005/info/iconRaw.png
Consume,0202,2022006,Rice-Cake Soup,Just got done boiling.\nRecovers 500 for both HP and MP.,1,1,820,,,Item/Item.wz/Consume/0202.img.xml,Item/Item.wz/Consume/0202.img/02022006/info,Item/Item.wz/Consume/0202.img/02022006/info/icon.png,Item/Item.wz/Consume/0202.img/02022006/info/iconRaw.png
Consume,0202,2022007,Triangular Sushi(plum),A nice triangular sushi with plum in it. \nRecovers 20% of both HP and MP.,1,1,1,,,Item/Item.wz/Consume/0202.img.xml,Item/Item.wz/Consume/0202.img/02022007/info,Item/Item.wz/Consume/0202.img/02022007/info/icon.png,Item/Item.wz/Consume/0202.img/02022007/info/iconRaw.png
Consume,0202,2022008,Triangular Sushi(salmon),A nice triangular sushi with salmon in it. \nRecovers 30% of both HP and MP.,1,1,1,,,Item/Item.wz/Consume/0202.img.xml,Item/Item.wz/Consume/0202.img/02022008/info,Item/Item.wz/Consume/0202.img/02022008/info/icon.png,Item/Item.wz/Consume/0202.img/02022008/info/iconRaw.png
Consume,0202,2022009,Triangular Sushi(bonito),A nice triangular sushi with bonito in it. \nRecovers 40% of both HP and MP.,1,1,1,,,Item/Item.wz/Consume/0202.img.xml,Item/Item.wz/Consume/0202.img/02022009/info,Item/Item.wz/Consume/0202.img/02022009/info/icon.png,Item/Item.wz/Consume/0202.img/02022009/info/iconRaw.png
Consume,0202,2022010,Triangular Sushi(pollack),A nice triangular sushi with pollack in it. \nRecovers 50% of both HP and MP.,1,1,1,,,Item/Item.wz/Consume/0202.img.xml,Item/Item.wz/Consume/0202.img/02022010/info,Item/Item.wz/Consume/0202.img/02022010/info/icon.png,Item/Item.wz/Consume/0202.img/02022010/info/iconRaw.png
Consume,0202,2022011,Triangular Sushi(mushroom),A nice triangular sushi with mushroom in it. \nRecovers 60% of both HP and MP.,1,1,1,,,Item/Item.wz/Consume/0202.img.xml,Item/Item.wz/Consume/0202.img/02022011/info,Item/Item.wz/Consume/0202.img/02022011/info/icon.png,Item/Item.wz/Consume/0202.img/02022011/info/iconRaw.png
Consume,0202,2022012,Sushi(tuna),Sushi made out of fresh fish near Victoria Island.\nRecovers 1000 HP.,1,1,550,,,Item/Item.wz/Consume/0202.img.xml,Item/Item.wz/Consume/0202.img/02022012/info,Item/Item.wz/Consume/0202.img/02022012/info/icon.png,Item/Item.wz/Consume/0202.img/02022012/info/iconRaw.png
Consume,0202,2022013,Sushi(salmon),Sushi made out of fresh fish near Victoria Island.\nRecovers 500 HP.,1,1,250,,,Item/Item.wz/Consume/0202.img.xml,Item/Item.wz/Consume/0202.img/02022013/info,Item/Item.wz/Consume/0202.img/02022013/info/icon.png,Item/Item.wz/Consume/0202.img/02022013/info/iconRaw.png
Consume,0202,2022014,Dango,Taste the sweetness of this dango.\nRecovers 200 HP & MP.,1,1,325,,,Item/Item.wz/Consume/0202.img.xml,Item/Item.wz/Consume/0202.img/02022014/info,Item/Item.wz/Consume/0202.img/02022014/info/icon.png,Item/Item.wz/Consume/0202.img/02022014/info/iconRaw.png
Consume,0202,2022015,Mushroom Miso Ramen,Only the finest ingredients are used to make this Miso Ramen.\nRecovers 80% for both HP and  MP.,1,1,3000,,,Item/Item.wz/Consume/0202.img.xml,Item/Item.wz/Consume/0202.img/02022015/info,Item/Item.wz/Consume/0202.img/02022015/info/icon.png,Item/Item.wz/Consume/0202.img/02022015/info/iconRaw.png
Consume,0202,2022016,Maple Special Bento,A special bento with meat and mushroom.\nRecovers 500 for both HP and MP.,1,1,1000,,,Item/Item.wz/Consume/0202.img.xml,Item/Item.wz/Consume/0202.img/02022016/info,Item/Item.wz/Consume/0202.img/02022016/info/icon.png,Item/Item.wz/Consume/0202.img/02022016/info/iconRaw.png
Consume,0202,2022017,Ramen,A bowl of ramen cooked with Robo's special recipe.\nRecovers HP 1000.,1,1,550,,,Item/Item.wz/Consume/0202.img.xml,Item/Item.wz/Consume/0202.img/02022017/info,Item/Item.wz/Consume/0202.img/02022017/info/icon.png,Item/Item.wz/Consume/0202.img/02022017/info/iconRaw.png
Consume,0202,2022018,Kinoko Ramen(roasted pork),A bowl of ramen cooked with roasted pork in the soup.\nRecovers HP 1500.,1,1,800,,,Item/Item.wz/Consume/0202.img.xml,Item/Item.wz/Consume/0202.img/02022018/info,Item/Item.wz/Consume/0202.img/02022018/info/icon.png,Item/Item.wz/Consume/0202.img/02022018/info/iconRaw.png
Consume,0202,2022019,Kinoko Ramen(pig head),A bowl of ramen cooked with pig head in the soup.\nRecovers HP 800.,1,1,425,,,Item/Item.wz/Consume/0202.img.xml,Item/Item.wz/Consume/0202.img/02022019/info,Item/Item.wz/Consume/0202.img/02022019/info/icon.png,Item/Item.wz/Consume/0202.img/02022019/info/iconRaw.png
Consume,0202,2022020,Kinoko Ramen(salt),A bowl of ramen cooked with salt in the soup. Tastes a little peculiar...\nRecovers HP 500.,1,1,225,,,Item/Item.wz/Consume/0202.img.xml,Item/Item.wz/Consume/0202.img/02022020/info,Item/Item.wz/Consume/0202.img/02022020/info/icon.png,Item/Item.wz/Consume/0202.img/02022020/info/iconRaw.png
Consume,0202,2022021,Fish Cake(skewer),A Fish Cake skewer which also includes a bunch of vegetables.\nRecovers MP 250.,1,1,225,,,Item/Item.wz/Consume/0202.img.xml,Item/Item.wz/Consume/0202.img/02022021/info,Item/Item.wz/Consume/0202.img/02022021/info/icon.png,Item/Item.wz/Consume/0202.img/02022021/info/iconRaw.png
Consume,0202,2022022,Fish Cake(dish),A dish full of tasty Fish Cake.\nRecovers MP 500.,1,1,650,,,Item/Item.wz/Consume/0202.img.xml,Item/Item.wz/Consume/0202.img/02022022/info,Item/Item.wz/Consume/0202.img/02022022/info/icon.png,Item/Item.wz/Consume/0202.img/02022022/info/iconRaw.png
Consume,0202,2022023,Tri-colored Dango,A tri-colored dango that includes a handful of tasty dango.\nRecovers each of HP and MP by 400.,1,1,,,,Item/Item.wz/Consume/0202.img.xml,Item/Item.wz/Consume/0202.img/02022023/info,Item/Item.wz/Consume/0202.img/02022023/info/icon.png,Item/Item.wz/Consume/0202.img/02022023/info/iconRaw.png
Consume,0202,2022024,Takoyaki (Octopus Ball),"A hot, tasty-looking Takoyaki.nAttack +8 for 5 minutes.",1,1,1000,,,Item/Item.wz/Consume/0202.img.xml,Item/Item.wz/Consume/0202.img/02022024/info,Item/Item.wz/Consume/0202.img/02022024/info/icon.png,Item/Item.wz/Consume/0202.img/02022024/info/iconRaw.png
Consume,0202,2022025,Takoyaki (jumbo),Two servings worth of Takoyaki.nAttack +8 for 10 minutes.,1,1,2100,,,Item/Item.wz/Consume/0202.img.xml,Item/Item.wz/Consume/0202.img/02022025/info,Item/Item.wz/Consume/0202.img/02022025/info/icon.png,Item/Item.wz/Consume/0202.img/02022025/info/iconRaw.png
Consume,0202,2022026,Yakisoba,"A bowl of Yakisoba which includes vegetable, seafood, and noodles mixed with a delicious sauce.nMagic Attack +10 for 5 minutes.",1,1,900,,,Item/Item.wz/Consume/0202.img.xml,Item/Item.wz/Consume/0202.img/02022026/info,Item/Item.wz/Consume/0202.img/02022026/info/icon.png,Item/Item.wz/Consume/0202.img/02022026/info/iconRaw.png
Consume,0202,2022027,Yakisoba (x2),"Double the serving of a normal bowl of Yakisoba which includes vegetable, seafood, and noodles mixed with a delicious sauce.nMagic Attack +10 for 10 minutes.",1,1,1900,,,Item/Item.wz/Consume/0202.img.xml,Item/Item.wz/Consume/0202.img/02022027/info,Item/Item.wz/Consume/0202.img/02022027/info/icon.png,Item/Item.wz/Consume/0202.img/02022027/info/iconRaw.png
Consume,0202,2022028,Valentine Chocolate (Dark),"A rich, dark chocolate for your special someone on Valentine's Day. Recovers 50% of HP and MP.",1,1,1,,,Item/Item.wz/Consume/0202.img.xml,Item/Item.wz/Consume/0202.img/02022028/info,Item/Item.wz/Consume/0202.img/02022028/info/icon.png,Item/Item.wz/Consume/0202.img/02022028/info/iconRaw.png
Consume,0202,2022029,Valentine Chocolate (Strawberry),"A rich, dark chocolate for your special someone on Valentine's Day. Recovers 100% of HP and MP.",1,1,1,,,Item/Item.wz/Consume/0202.img.xml,Item/Item.wz/Consume/0202.img/02022029/info,Item/Item.wz/Consume/0202.img/02022029/info/icon.png,Item/Item.wz/Consume/0202.img/02022029/info/iconRaw.png
Consume,0202,2022030,Valentine Chocolate (White),A tasty white chocolate for your special someone on Valentine's Day. Accuracy +10 for 5 minutes.,1,1,1,,,Item/Item.wz/Consume/0202.img.xml,Item/Item.wz/Consume/0202.img/02022030/info,Item/Item.wz/Consume/0202.img/02022030/info/icon.png,Item/Item.wz/Consume/0202.img/02022030/info/iconRaw.png
Consume,0202,2022031,Cookie,"Crispy on the cover and soft inside, this cookie is definitely worth a bite.",1,1,1,,,Item/Item.wz/Consume/0202.img.xml,Item/Item.wz/Consume/0202.img/02022031/info,Item/Item.wz/Consume/0202.img/02022031/info/icon.png,Item/Item.wz/Consume/0202.img/02022031/info/iconRaw.png
Consume,0202,2022032,Marshmallow,"A mushy, yummy-looking marshmallow.",1,1,1,,,Item/Item.wz/Consume/0202.img.xml,Item/Item.wz/Consume/0202.img/02022032/info,Item/Item.wz/Consume/0202.img/02022032/info/icon.png,Item/Item.wz/Consume/0202.img/02022032/info/iconRaw.png
Consume,0202,2022033,Candy,A sparkling candy with a scent of tropical fruit.,1,1,1,,,Item/Item.wz/Consume/0202.img.xml,Item/Item.wz/Consume/0202.img/02022033/info,Item/Item.wz/Consume/0202.img/02022033/info/icon.png,Item/Item.wz/Consume/0202.img/02022033/info/iconRaw.png
Consume,0202,2022035,Maple Cola,none,1,1,200,,,Item/Item.wz/Consume/0202.img.xml,Item/Item.wz/Consume/0202.img/02022035/info,Item/Item.wz/Consume/0202.img/02022035/info/icon.png,Item/Item.wz/Consume/0202.img/02022035/info/iconRaw.png
Consume,0202,2022037,Pink Rice Cake,Recovers 500 HP and MP.,1,1,500,,,Item/Item.wz/Consume/0202.img.xml,Item/Item.wz/Consume/0202.img/02022037/info,Item/Item.wz/Consume/0202.img/02022037/info/icon.png,Item/Item.wz/Consume/0202.img/02022037/info/iconRaw.png
Consume,0202,2022038,Rice Cookie,Recovers 1500 for both HP and MP.,1,1,1500,,,Item/Item.wz/Consume/0202.img.xml,Item/Item.wz/Consume/0202.img/02022038/info,Item/Item.wz/Consume/0202.img/02022038/info/icon.png,Item/Item.wz/Consume/0202.img/02022038/info/iconRaw.png
Consume,0202,2022039,Nependeath's Honey,Recovers 1000 for both HP and MP.,1,1,1300,,,Item/Item.wz/Consume/0202.img.xml,Item/Item.wz/Consume/0202.img/02022039/info,Item/Item.wz/Consume/0202.img/02022039/info/icon.png,Item/Item.wz/Consume/0202.img/02022039/info/iconRaw.png
Consume,0202,2022040,Air Bubble,Air bubble enables breathing in the water for 15 minutes.,1,1,150,,,Item/Item.wz/Consume/0202.img.xml,Item/Item.wz/Consume/0202.img/02022040/info,Item/Item.wz/Consume/0202.img/02022040/info/icon.png,Item/Item.wz/Consume/0202.img/02022040/info/iconRaw.png
Consume,0202,2022041,Fried shrimp,Recovers 500 of HP and MP.,1,1,800,,,Item/Item.wz/Consume/0202.img.xml,Item/Item.wz/Consume/0202.img/02022041/info,Item/Item.wz/Consume/0202.img/02022041/info/icon.png,Item/Item.wz/Consume/0202.img/02022041/info/iconRaw.png
Consume,0202,2022042,Cookie,"Crispy on the outside, marshmellow-soft on the inside, this cookie can be traced from afar by its sweet smell.nWeapon & Magic Attack +20 for 30 minutes.",1,1,1,,,Item/Item.wz/Consume/0202.img.xml,Item/Item.wz/Consume/0202.img/02022042/info,Item/Item.wz/Consume/0202.img/02022042/info/icon.png,Item/Item.wz/Consume/0202.img/02022042/info/iconRaw.png
Consume,0202,2022043,Fruity Candy,"Multi-colored, fruity-flavored candies.nSpeed +10 for 30 minutes.",1,1,1,,,Item/Item.wz/Consume/0202.img.xml,Item/Item.wz/Consume/0202.img/02022043/info,Item/Item.wz/Consume/0202.img/02022043/info/icon.png,Item/Item.wz/Consume/0202.img/02022043/info/iconRaw.png
Consume,0202,2022044,New Year Rice Cake,Attack +20 for 10 min.,1,1,100,,,Item/Item.wz/Consume/0202.img.xml,Item/Item.wz/Consume/0202.img/02022044/info,Item/Item.wz/Consume/0202.img/02022044/info/icon.png,Item/Item.wz/Consume/0202.img/02022044/info/iconRaw.png
Consume,0202,2022045,New Year Lunchbox,Recovers 2000 HP & MP,1,1,100,,,Item/Item.wz/Consume/0202.img.xml,Item/Item.wz/Consume/0202.img/02022045/info,Item/Item.wz/Consume/0202.img/02022045/info/icon.png,Item/Item.wz/Consume/0202.img/02022045/info/iconRaw.png
Consume,0202,2022047,Cooked Sea Bream,Magic Attack +35 for 10 min.,1,1,100,,,Item/Item.wz/Consume/0202.img.xml,Item/Item.wz/Consume/0202.img/02022047/info,Item/Item.wz/Consume/0202.img/02022047/info/icon.png,Item/Item.wz/Consume/0202.img/02022047/info/iconRaw.png
Consume,0202,2022048,New Year Rice Soup,Accuracy +30 for 5 min.,1,1,100,,,Item/Item.wz/Consume/0202.img.xml,Item/Item.wz/Consume/0202.img/02022048/info,Item/Item.wz/Consume/0202.img/02022048/info/icon.png,Item/Item.wz/Consume/0202.img/02022048/info/iconRaw.png
Consume,0202,2022049,Steamed Crab,Weapon Def. +100 for 5 min.,1,1,100,,,Item/Item.wz/Consume/0202.img.xml,Item/Item.wz/Consume/0202.img/02022049/info,Item/Item.wz/Consume/0202.img/02022049/info/icon.png,Item/Item.wz/Consume/0202.img/02022049/info/iconRaw.png
Consume,0202,2022050,Roasted pork,"A piece of roasted pork that is favorite of Yellow King Goblin. Marinated just right, and it even looks delicious enough for one to salivate over it. Recovers 800 HP.",1,1,425,,,Item/Item.wz/Consume/0202.img.xml,Item/Item.wz/Consume/0202.img/02022050/info,Item/Item.wz/Consume/0202.img/02022050/info/icon.png,Item/Item.wz/Consume/0202.img/02022050/info/iconRaw.png
Consume,0202,2022051,Buckwheat paste,"A buckwheat paste that is the favorite of Green King Goblin. Bouncy like jelly, yet very nutritious. Recovers 800 MP.",1,1,800,,,Item/Item.wz/Consume/0202.img.xml,Item/Item.wz/Consume/0202.img/02022051/info,Item/Item.wz/Consume/0202.img/02022051/info/icon.png,Item/Item.wz/Consume/0202.img/02022051/info/iconRaw.png
Consume,0202,2022052,Rice Wine,A cup of wine made out of fermented rice that is the favorite of Blue King Goblin. An aroma of a combination of vinegar-like spike and smoothness of a tea tickles the nose of those near it. Recovers 400 each of HP and MP.,1,1,640,,,Item/Item.wz/Consume/0202.img.xml,Item/Item.wz/Consume/0202.img/02022052/info,Item/Item.wz/Consume/0202.img/02022052/info/icon.png,Item/Item.wz/Consume/0202.img/02022052/info/iconRaw.png
Consume,0202,2022053,Jujube,"A ripe, red jujube.\nRecovers 30 HP.",1,1,15,,,Item/Item.wz/Consume/0202.img.xml,Item/Item.wz/Consume/0202.img/02022053/info,Item/Item.wz/Consume/0202.img/02022053/info/icon.png,Item/Item.wz/Consume/0202.img/02022053/info/iconRaw.png
Consume,0202,2022054,Pear,"A big, juicy-looking pear.\nRecovers 30 HP.",1,1,15,,,Item/Item.wz/Consume/0202.img.xml,Item/Item.wz/Consume/0202.img/02022054/info,Item/Item.wz/Consume/0202.img/02022054/info/icon.png,Item/Item.wz/Consume/0202.img/02022054/info/iconRaw.png
Consume,0202,2022055,Persimmon,"A ripe, orangy Persimmon.\nRecovers 30 HP.",1,1,15,,,Item/Item.wz/Consume/0202.img.xml,Item/Item.wz/Consume/0202.img/02022055/info,Item/Item.wz/Consume/0202.img/02022055/info/icon.png,Item/Item.wz/Consume/0202.img/02022055/info/iconRaw.png
Consume,0202,2022056,Chestnut,"A ripe, brown chestnut just picked out of a tree.\nRecovers 30 HP.",1,1,15,,,Item/Item.wz/Consume/0202.img.xml,Item/Item.wz/Consume/0202.img/02022056/info,Item/Item.wz/Consume/0202.img/02022056/info/icon.png,Item/Item.wz/Consume/0202.img/02022056/info/iconRaw.png
Consume,0202,2022057,Tofu,"Made out of soy beans, it is one healthy food recommended for everyone.\nRecovers 50 HP.",1,1,25,,,Item/Item.wz/Consume/0202.img.xml,Item/Item.wz/Consume/0202.img/02022057/info,Item/Item.wz/Consume/0202.img/02022057/info/icon.png,Item/Item.wz/Consume/0202.img/02022057/info/iconRaw.png
Consume,0202,2022058,Dumpling,A mixture of pork and vegetable wrapped up in a thin layer of wheat.\nRecovers 1500 HP.,1,1,750,,,Item/Item.wz/Consume/0202.img.xml,Item/Item.wz/Consume/0202.img/02022058/info,Item/Item.wz/Consume/0202.img/02022058/info/icon.png,Item/Item.wz/Consume/0202.img/02022058/info/iconRaw.png
Consume,0202,2022060,Lotus Perfume,"A perfume that contains power-boosting aroma. nAttack, Defense, Magic Attack +10 for 20 min.",1,1,1000,,,Item/Item.wz/Consume/0202.img.xml,Item/Item.wz/Consume/0202.img/02022060/info,Item/Item.wz/Consume/0202.img/02022060/info/icon.png,Item/Item.wz/Consume/0202.img/02022060/info/iconRaw.png
Consume,0202,2022061,Oriental Perfume,"A perfume that contains power-boosting aroma. nAttack, Defense, Magic Attack +15 for 20 min.",1,1,1000,,,Item/Item.wz/Consume/0202.img.xml,Item/Item.wz/Consume/0202.img/02022061/info,Item/Item.wz/Consume/0202.img/02022061/info/icon.png,Item/Item.wz/Consume/0202.img/02022061/info/iconRaw.png
Consume,0202,2022062,Chrysanthemum Perfume,"A perfume that contains power-boosting aroma. nAttack, Defense, Magic Attack +20 for 20 min.",1,1,1000,,,Item/Item.wz/Consume/0202.img.xml,Item/Item.wz/Consume/0202.img/02022062/info,Item/Item.wz/Consume/0202.img/02022062/info/icon.png,Item/Item.wz/Consume/0202.img/02022062/info/iconRaw.png
Consume,0202,2022063,Corn Stick,A roasted corn on a skewer. Very delicious looking. \nRecovers HP 800.,1,1,340,,,Item/Item.wz/Consume/0202.img.xml,Item/Item.wz/Consume/0202.img/02022063/info,Item/Item.wz/Consume/0202.img/02022063/info/icon.png,Item/Item.wz/Consume/0202.img/02022063/info/iconRaw.png
Consume,0202,2022064,Fruit Stick,A snackery with fruity-flavored candies on the skewer.\nRecovers MP 800.,1,1,340,,,Item/Item.wz/Consume/0202.img.xml,Item/Item.wz/Consume/0202.img/02022064/info,Item/Item.wz/Consume/0202.img/02022064/info/icon.png,Item/Item.wz/Consume/0202.img/02022064/info/iconRaw.png
Consume,0202,2022065,Yellow Easter Egg,A freshly boiled egg colored in yellow. Recovers 100 HP and MP.,1,1,1,,100,Item/Item.wz/Consume/0202.img.xml,Item/Item.wz/Consume/0202.img/02022065/info,Item/Item.wz/Consume/0202.img/02022065/info/icon.png,Item/Item.wz/Consume/0202.img/02022065/info/iconRaw.png
Consume,0202,2022066,Green Easter Egg,A freshly boiled egg colored in green. \nRecovers 200 HP and MP.,1,1,1,,100,Item/Item.wz/Consume/0202.img.xml,Item/Item.wz/Consume/0202.img/02022066/info,Item/Item.wz/Consume/0202.img/02022066/info/icon.png,Item/Item.wz/Consume/0202.img/02022066/info/iconRaw.png
Consume,0202,2022068,Yellow Cider,A cold soft-drink. Magic Attack +35 for 5 min.,1,1,1,,,Item/Item.wz/Consume/0202.img.xml,Item/Item.wz/Consume/0202.img/02022068/info,Item/Item.wz/Consume/0202.img/02022068/info/icon.png,Item/Item.wz/Consume/0202.img/02022068/info/iconRaw.png
Consume,0202,2022069,Red Cider,A cold soft-drink. Attack +34 for 5 min.,1,1,1,,,Item/Item.wz/Consume/0202.img.xml,Item/Item.wz/Consume/0202.img/02022069/info,Item/Item.wz/Consume/0202.img/02022069/info/icon.png,Item/Item.wz/Consume/0202.img/02022069/info/iconRaw.png
Consume,0202,2022070,Congrats from GM,"A mystical spell that can only be casted by a GM as a sign of congratulation. Weapon & Magic Attack +20, Defense +100, Accuracy & Avoidability +50, Speed & Jump +10 for 1 HOUR.",1,1,,,,Item/Item.wz/Consume/0202.img.xml,Item/Item.wz/Consume/0202.img/02022070/info,Item/Item.wz/Consume/0202.img/02022070/info/icon.png,Item/Item.wz/Consume/0202.img/02022070/info/iconRaw.png
Consume,0202,2022071,Korean Warrior,"Weapon Attack +20, Magic Attack +20 for 10 min.",1,1,,,,Item/Item.wz/Consume/0202.img.xml,Item/Item.wz/Consume/0202.img/02022071/info,Item/Item.wz/Consume/0202.img/02022071/info/icon.png,Item/Item.wz/Consume/0202.img/02022071/info/iconRaw.png
Consume,0202,2022072,Forza Corea,Gives +50 Weapon Defense and +50 Magic Defense for 10 minutes.,1,1,,,,Item/Item.wz/Consume/0202.img.xml,Item/Item.wz/Consume/0202.img/02022072/info,Item/Item.wz/Consume/0202.img/02022072/info/icon.png,Item/Item.wz/Consume/0202.img/02022072/info/iconRaw.png
Consume,0202,2022073,A Prayer for Victory,"Increases Jump +10, Speed +20 for 20 minutes.",1,1,,,,Item/Item.wz/Consume/0202.img.xml,Item/Item.wz/Consume/0202.img/02022073/info,Item/Item.wz/Consume/0202.img/02022073/info/icon.png,Item/Item.wz/Consume/0202.img/02022073/info/iconRaw.png
Consume,0202,2022074,Oolleung Squid,Dried squid from Oolleung renowned for its taste. \nRecovers 500 HP & MP.,1,1,750,,,Item/Item.wz/Consume/0202.img.xml,Item/Item.wz/Consume/0202.img/02022074/info,Item/Item.wz/Consume/0202.img/02022074/info/icon.png,Item/Item.wz/Consume/0202.img/02022074/info/iconRaw.png
Consume,0202,2022075,Mini Coke,"A sweet, tasty, carbonated Coke featured in a Mini Can. nAttack +8, Magic Attack +8 for 20 minutes.",1,1,550,,,Item/Item.wz/Consume/0202.img.xml,Item/Item.wz/Consume/0202.img/02022075/info,Item/Item.wz/Consume/0202.img/02022075/info/icon.png,Item/Item.wz/Consume/0202.img/02022075/info/iconRaw.png
Consume,0202,2022076,Coke Pill,"A pill made out of a sweet, tasty, carbonated Coke. nAttack +10, Magic Attack +10, Defense +10 for 15 minutes.",1,1,300,,,Item/Item.wz/Consume/0202.img.xml,Item/Item.wz/Consume/0202.img/02022076/info,Item/Item.wz/Consume/0202.img/02022076/info/icon.png,Item/Item.wz/Consume/0202.img/02022076/info/iconRaw.png
Consume,0202,2022077,Coke Lite Pill,"A pill made out of a sweet, tasty, carbonated Coke. nAttack +12, Magic Attack +12, Defense +12 for 15 minutes.",1,1,400,,,Item/Item.wz/Consume/0202.img.xml,Item/Item.wz/Consume/0202.img/02022077/info,Item/Item.wz/Consume/0202.img/02022077/info/icon.png,Item/Item.wz/Consume/0202.img/02022077/info/iconRaw.png
Consume,0202,2022078,Coke Zero Pill,"A pill made out of a sweet, tasty, carbonated Coke. nAttack +15, Magic Attack +15, Defense +15 for 15 minutes.",1,1,500,,,Item/Item.wz/Consume/0202.img.xml,Item/Item.wz/Consume/0202.img/02022078/info,Item/Item.wz/Consume/0202.img/02022078/info/icon.png,Item/Item.wz/Consume/0202.img/02022078/info/iconRaw.png
Consume,0202,2022079,Barbecue,A fresh Barbecue meat.\nRecovers 1000 HP.,1,1,1,,10,Item/Item.wz/Consume/0202.img.xml,Item/Item.wz/Consume/0202.img/02022079/info,Item/Item.wz/Consume/0202.img/02022079/info/icon.png,Item/Item.wz/Consume/0202.img/02022079/info/iconRaw.png
Consume,0202,2022086,Red Fruit,A curious-looking fruit that increases Attack by 8 for 10 minutes. Kicks in as soon as the first bite is taken.,1,1,400,,,Item/Item.wz/Consume/0202.img.xml,Item/Item.wz/Consume/0202.img/02022086/info,Item/Item.wz/Consume/0202.img/02022086/info/icon.png,Item/Item.wz/Consume/0202.img/02022086/info/iconRaw.png
Consume,0202,2022087,Black Fruit,A curious-looking fruit that increases Defense by 15 for 10 minutes. Kicks in as soon as the first bite is taken.,1,1,400,,,Item/Item.wz/Consume/0202.img.xml,Item/Item.wz/Consume/0202.img/02022087/info,Item/Item.wz/Consume/0202.img/02022087/info/icon.png,Item/Item.wz/Consume/0202.img/02022087/info/iconRaw.png
Consume,0202,2022088,Blue Fruit,A curious-looking fruit that increases Magic Attack by 10 for 10 minutes. Kicks in as soon as the first bite is taken.,1,1,400,,,Item/Item.wz/Consume/0202.img.xml,Item/Item.wz/Consume/0202.img/02022088/info,Item/Item.wz/Consume/0202.img/02022088/info/icon.png,Item/Item.wz/Consume/0202.img/02022088/info/iconRaw.png
Consume,0202,2022089,Baby Dragon Food,A delicious bowl of baby food for the baby dragon. Attack +7 for 20 minutes.,1,1,1700,,,Item/Item.wz/Consume/0202.img.xml,Item/Item.wz/Consume/0202.img/02022089/info,Item/Item.wz/Consume/0202.img/02022089/info/icon.png,Item/Item.wz/Consume/0202.img/02022089/info/iconRaw.png
Consume,0202,2022090,Blessing from Wonky the Fairy,A blessing from Wonky the Fairy. Increases attack & magic attack.,1,1,,,,Item/Item.wz/Consume/0202.img.xml,Item/Item.wz/Consume/0202.img/02022090/info,Item/Item.wz/Consume/0202.img/02022090/info/icon.png,Item/Item.wz/Consume/0202.img/02022090/info/iconRaw.png
Consume,0202,2022091,Blessing from Wonky the Fairy,A blessing from Wonky the Fairy. Increases weapon defense & magic defense.,1,1,,,,Item/Item.wz/Consume/0202.img.xml,Item/Item.wz/Consume/0202.img/02022091/info,Item/Item.wz/Consume/0202.img/02022091/info/icon.png,Item/Item.wz/Consume/0202.img/02022091/info/iconRaw.png
Consume,0202,2022092,Blessing from Wonky the Fairy,A blessing from Wonky the Fairy. Increases accuracy and avoidability.,1,1,,,,Item/Item.wz/Consume/0202.img.xml,Item/Item.wz/Consume/0202.img/02022092/info,Item/Item.wz/Consume/0202.img/02022092/info/icon.png,Item/Item.wz/Consume/0202.img/02022092/info/iconRaw.png
Consume,0202,2022093,Blessing from Wonky the Fairy,A blessing from Wonky the Fairy. Increases speed and jump.,1,1,,,,Item/Item.wz/Consume/0202.img.xml,Item/Item.wz/Consume/0202.img/02022093/info,Item/Item.wz/Consume/0202.img/02022093/info/icon.png,Item/Item.wz/Consume/0202.img/02022093/info/iconRaw.png
Consume,0202,2022094,Chicken Soup,"Weapon Attack+20, Magic Attack +30 for 15 minutes.",1,1,,,,Item/Item.wz/Consume/0202.img.xml,Item/Item.wz/Consume/0202.img/02022094/info,Item/Item.wz/Consume/0202.img/02022094/info/icon.png,Item/Item.wz/Consume/0202.img/02022094/info/iconRaw.png
Consume,0202,2022096,Fried Chicken,"Crispy on the outside, soft on the inside. \nRecovers HP 400.",1,1,225,,,Item/Item.wz/Consume/0202.img.xml,Item/Item.wz/Consume/0202.img/02022096/info,Item/Item.wz/Consume/0202.img/02022096/info/icon.png,Item/Item.wz/Consume/0202.img/02022096/info/iconRaw.png
Consume,0202,2022097,Chun Gwon,A dish full of renowned Chun Gwon. nnRecovers MP 400.,1,1,400,,,Item/Item.wz/Consume/0202.img.xml,Item/Item.wz/Consume/0202.img/02022097/info,Item/Item.wz/Consume/0202.img/02022097/info/icon.png,Item/Item.wz/Consume/0202.img/02022097/info/iconRaw.png
Consume,0202,2022098,Bubble Gum,A fruity bubble gum that can make a huge bubble.n Jump +5 for 20 minutes.,1,1,500,,,Item/Item.wz/Consume/0202.img.xml,Item/Item.wz/Consume/0202.img/02022098/info,Item/Item.wz/Consume/0202.img/02022098/info/icon.png,Item/Item.wz/Consume/0202.img/02022098/info/iconRaw.png
Consume,0202,2022099,HP up,HP up,1,1,,,,Item/Item.wz/Consume/0202.img.xml,Item/Item.wz/Consume/0202.img/02022099/info,Item/Item.wz/Consume/0202.img/02022099/info/icon.png,Item/Item.wz/Consume/0202.img/02022099/info/iconRaw.png
Consume,0202,2022100,Song Pyun,"Weapon Attack +20, Magic Attack +30 for 15 minutes.",1,1,,,,Item/Item.wz/Consume/0202.img.xml,Item/Item.wz/Consume/0202.img/02022100/info,Item/Item.wz/Consume/0202.img/02022100/info/icon.png,Item/Item.wz/Consume/0202.img/02022100/info/iconRaw.png
Consume,0202,2022101,Han Gwa,"Weapon Attack +20, Magic Attack +30 for 15 minutes.",1,1,,,,Item/Item.wz/Consume/0202.img.xml,Item/Item.wz/Consume/0202.img/02022101/info,Item/Item.wz/Consume/0202.img/02022101/info/icon.png,Item/Item.wz/Consume/0202.img/02022101/info/iconRaw.png
Consume,0202,2022102,Massage Oil,A massage oil used for the Thai Body Massage session. Attack +8 for 10 minutes.,1,1,750,,,Item/Item.wz/Consume/0202.img.xml,Item/Item.wz/Consume/0202.img/02022102/info,Item/Item.wz/Consume/0202.img/02022102/info/icon.png,Item/Item.wz/Consume/0202.img/02022102/info/iconRaw.png
Consume,0202,2022103,Thai Cookie,"A sweet, Thai treat. \nRecovers HP 150.",1,1,80,,,Item/Item.wz/Consume/0202.img.xml,Item/Item.wz/Consume/0202.img/02022103/info,Item/Item.wz/Consume/0202.img/02022103/info/icon.png,Item/Item.wz/Consume/0202.img/02022103/info/iconRaw.png
Consume,0202,2022105,Green Malady's Candy,A magical concoction bewitched for wellness by Malady. \nRecovers 50% of the HP. Also recovers 50% of MP.,1,1,1,,100,Item/Item.wz/Consume/0202.img.xml,Item/Item.wz/Consume/0202.img/02022105/info,Item/Item.wz/Consume/0202.img/02022105/info/icon.png,Item/Item.wz/Consume/0202.img/02022105/info/iconRaw.png
Consume,0202,2022106,Red Malady's Candy,An enticing piece of candy straight from Malady's finest pot. \nRecovers around 300 MP.,1,1,1,,100,Item/Item.wz/Consume/0202.img.xml,Item/Item.wz/Consume/0202.img/02022106/info,Item/Item.wz/Consume/0202.img/02022106/info/icon.png,Item/Item.wz/Consume/0202.img/02022106/info/iconRaw.png
Consume,0202,2022107,Blue Malady's Candy,This delicious candy holds a special blessing from Malady. \nRecovers all HP and MP.,1,1,1,,100,Item/Item.wz/Consume/0202.img.xml,Item/Item.wz/Consume/0202.img/02022107/info,Item/Item.wz/Consume/0202.img/02022107/info/icon.png,Item/Item.wz/Consume/0202.img/02022107/info/iconRaw.png
Consume,0202,2022108,Horntail Squad : Victory,"Weapon Attack +30, Magic Attack +40, Weapon Defense +200, Magic Defense +200 for one hour.",1,1,,,,Item/Item.wz/Consume/0202.img.xml,Item/Item.wz/Consume/0202.img/02022108/info,Item/Item.wz/Consume/0202.img/02022108/info/icon.png,Item/Item.wz/Consume/0202.img/02022108/info/iconRaw.png
Consume,0202,2022109,The Breath of Nine Spirit,"Weapon Attack +25, Magic Attack +35, Weapon Defense +150, Magic Defense +150 for one hour.",1,1,,,,Item/Item.wz/Consume/0202.img.xml,Item/Item.wz/Consume/0202.img/02022109/info,Item/Item.wz/Consume/0202.img/02022109/info/icon.png,Item/Item.wz/Consume/0202.img/02022109/info/iconRaw.png
Consume,0202,2022112,Baby Witch,"Weapon Attack +20, Magic Attack +30 nfor 15 minutes.",1,1,,,,Item/Item.wz/Consume/0202.img.xml,Item/Item.wz/Consume/0202.img/02022112/info,Item/Item.wz/Consume/0202.img/02022112/info/icon.png,Item/Item.wz/Consume/0202.img/02022112/info/iconRaw.png
Consume,0202,2022113,Pumpkin Pie,"A piping hot, delicious pie right from Grandma Benson's oven. Eat up! \nRecovers 700 HP, 400 MP and Defense +50 for 10 mins.",1,1,100,,100,Item/Item.wz/Consume/0202.img.xml,Item/Item.wz/Consume/0202.img/02022113/info,Item/Item.wz/Consume/0202.img/02022113/info/icon.png,Item/Item.wz/Consume/0202.img/02022113/info/iconRaw.png
Consume,0202,2022116,Peach,Recovers a set amount of HP and MP. Only obtainable in Mu Lung.,1,1,200,,,Item/Item.wz/Consume/0202.img.xml,Item/Item.wz/Consume/0202.img/02022116/info,Item/Item.wz/Consume/0202.img/02022116/info/icon.png,Item/Item.wz/Consume/0202.img/02022116/info/iconRaw.png
Consume,0202,2022117,Maple Syrup,"A mystical syrup from maple tree. Weapon & Magic Attack +20, Defense +50, Accuracy & Avoidability +30, Speed & Jump +10 for 20 MINUTES.",1,1,1,,,Item/Item.wz/Consume/0202.img.xml,Item/Item.wz/Consume/0202.img/02022117/info,Item/Item.wz/Consume/0202.img/02022117/info/icon.png,Item/Item.wz/Consume/0202.img/02022117/info/iconRaw.png
Consume,0202,2022118,Admin's Congrats,"A mysterious form of bless given by the administrator. Attack +10, Magic Attack +10, Defense+ 30, Accuracy +20, Avoidability +20, Speed +3 and Jump +3 for 20 minutes",1,1,,,,Item/Item.wz/Consume/0202.img.xml,Item/Item.wz/Consume/0202.img/02022118/info,Item/Item.wz/Consume/0202.img/02022118/info/icon.png,Item/Item.wz/Consume/0202.img/02022118/info/iconRaw.png
Consume,0202,2022119,Tree Ornament,"Weapon Attack +20, Magic Attack +30 forn15 minutes.",1,1,,,,Item/Item.wz/Consume/0202.img.xml,Item/Item.wz/Consume/0202.img/02022119/info,Item/Item.wz/Consume/0202.img/02022119/info/icon.png,Item/Item.wz/Consume/0202.img/02022119/info/iconRaw.png
Consume,0202,2022120,Christmas Melon,A special melon imbued with Holiday blessings. Delicious! nRecovers 2000 HP and 1000 MP.,1,1,1500,,,Item/Item.wz/Consume/0202.img.xml,Item/Item.wz/Consume/0202.img/02022120/info,Item/Item.wz/Consume/0202.img/02022120/info/icon.png,Item/Item.wz/Consume/0202.img/02022120/info/iconRaw.png
Consume,0202,2022121,Gelt Chocolate,"A special piece of tasty chocolate given out at the Festival of Lights. \nRecovers 100 HP & MP, and +120 Attack +120 Weapon Def. +30 Accuracy +30 Avoidability + 10 Speed +10 Jump for 10 minutes.",1,1,8000,,,Item/Item.wz/Consume/0202.img.xml,Item/Item.wz/Consume/0202.img/02022121/info,Item/Item.wz/Consume/0202.img/02022121/info/icon.png,Item/Item.wz/Consume/0202.img/02022121/info/iconRaw.png
Consume,0202,2022123,Banana Graham Pie,"This scrumptious pie is sure to lighten your spirits! nRecovers 400 HP & 500 MP, and +120 Magic +120 Magic Def. +30 Accuracy +30 Avoidability + 10 Speed +10 Jump for 10 minutes.",1,1,5000,,,Item/Item.wz/Consume/0202.img.xml,Item/Item.wz/Consume/0202.img/02022123/info,Item/Item.wz/Consume/0202.img/02022123/info/icon.png,Item/Item.wz/Consume/0202.img/02022123/info/iconRaw.png
Consume,0202,2022124,Magic of Kasandra,Double the meso drop rate.,1,1,,,,Item/Item.wz/Consume/0202.img.xml,Item/Item.wz/Consume/0202.img/02022124/info,Item/Item.wz/Consume/0202.img/02022124/info/icon.png,Item/Item.wz/Consume/0202.img/02022124/info/iconRaw.png
Consume,0202,2022125,Increase in Weapon Defense,An increase in weapon defense with a little help from a Dark Spirit.,1,1,,,,Item/Item.wz/Consume/0202.img.xml,Item/Item.wz/Consume/0202.img/02022125/info,Item/Item.wz/Consume/0202.img/02022125/info/icon.png,Item/Item.wz/Consume/0202.img/02022125/info/iconRaw.png
Consume,0202,2022126,Increase in Magic Defense,An increase in magic defense with a little help from a Dark Spirit.,1,1,,,,Item/Item.wz/Consume/0202.img.xml,Item/Item.wz/Consume/0202.img/02022126/info,Item/Item.wz/Consume/0202.img/02022126/info/icon.png,Item/Item.wz/Consume/0202.img/02022126/info/iconRaw.png
Consume,0202,2022127,Increase in Accuracy,An increase in accuracy with a little help from a Dark Spirit.,1,1,,,,Item/Item.wz/Consume/0202.img.xml,Item/Item.wz/Consume/0202.img/02022127/info,Item/Item.wz/Consume/0202.img/02022127/info/icon.png,Item/Item.wz/Consume/0202.img/02022127/info/iconRaw.png
Consume,0202,2022128,Increase in Avoidablility,An increase in avoidability with a little help from a Dark Spirit.,1,1,,,,Item/Item.wz/Consume/0202.img.xml,Item/Item.wz/Consume/0202.img/02022128/info,Item/Item.wz/Consume/0202.img/02022128/info/icon.png,Item/Item.wz/Consume/0202.img/02022128/info/iconRaw.png
Consume,0202,2022129,Increase in Attack,An increase in attack with a little help from a Dark Spirit.,1,1,,,,Item/Item.wz/Consume/0202.img.xml,Item/Item.wz/Consume/0202.img/02022129/info,Item/Item.wz/Consume/0202.img/02022129/info/icon.png,Item/Item.wz/Consume/0202.img/02022129/info/iconRaw.png
Consume,0202,2022130,Blossom Juice,"A special energy drink made from crushed Cherry Blossoms and other mystic ingredients. Recovers 1200 HP, 900 MP and +12 to DEF for 20 minutes.",1,1,0,,,Item/Item.wz/Consume/0202.img.xml,Item/Item.wz/Consume/0202.img/02022130/info,Item/Item.wz/Consume/0202.img/02022130/info/icon.png,Item/Item.wz/Consume/0202.img/02022130/info/iconRaw.png
Consume,0202,2022131,Ginseng Concentrate,A ginseng concentrate. Recovers both HP and MP by 400.,1,1,1,,,Item/Item.wz/Consume/0202.img.xml,Item/Item.wz/Consume/0202.img/02022131/info,Item/Item.wz/Consume/0202.img/02022131/info/icon.png,Item/Item.wz/Consume/0202.img/02022131/info/iconRaw.png
Consume,0202,2022132,Bellflower Concentrate,A Bellflower concentrate. Recovers both HP and MP by 200.,1,1,1,,,Item/Item.wz/Consume/0202.img.xml,Item/Item.wz/Consume/0202.img/02022132/info,Item/Item.wz/Consume/0202.img/02022132/info/icon.png,Item/Item.wz/Consume/0202.img/02022132/info/iconRaw.png
Consume,0202,2022142,Mind & Heart Medicine,"A hot, soup-like medicine made out of bear paws. Drinking this will revitalize the brain to the tune of Accuracy +10 for 15 minutes.",1,1,700,,,Item/Item.wz/Consume/0202.img.xml,Item/Item.wz/Consume/0202.img/02022142/info,Item/Item.wz/Consume/0202.img/02022142/info/icon.png,Item/Item.wz/Consume/0202.img/02022142/info/iconRaw.png
Consume,0202,2022143,Mastery Medicine,"A hot, soup-like medicine that allegedly turns students into bona-fide Masters. Magic Attack +10 for 15 minutes.",1,1,2900,,,Item/Item.wz/Consume/0202.img.xml,Item/Item.wz/Consume/0202.img/02022143/info,Item/Item.wz/Consume/0202.img/02022143/info/icon.png,Item/Item.wz/Consume/0202.img/02022143/info/iconRaw.png
Consume,0202,2022144,Body & Physics Medicine,"A hot, soup-like medicine made out of snake tails. Drinking this will revitalize the body to the tune of Attack +8 for 15 minutes.",1,1,3200,,,Item/Item.wz/Consume/0202.img.xml,Item/Item.wz/Consume/0202.img/02022144/info,Item/Item.wz/Consume/0202.img/02022144/info/icon.png,Item/Item.wz/Consume/0202.img/02022144/info/iconRaw.png
Consume,0202,2022145,Canned Peach,"Homemade canned peach made by the weird pharmacist in Mu Lung, Dr. Do.\nRecovers around 1000 nHP.",1,1,550,,,Item/Item.wz/Consume/0202.img.xml,Item/Item.wz/Consume/0202.img/02022145/info,Item/Item.wz/Consume/0202.img/02022145/info/icon.png,Item/Item.wz/Consume/0202.img/02022145/info/iconRaw.png
Consume,0202,2022146,Peach Juice,"Peace juice made by the weird pharmacist in Mu Lung, Dr. DonRecovers around 500 MP.",1,1,550,,,Item/Item.wz/Consume/0202.img.xml,Item/Item.wz/Consume/0202.img/02022146/info,Item/Item.wz/Consume/0202.img/02022146/info/icon.png,Item/Item.wz/Consume/0202.img/02022146/info/iconRaw.png
Consume,0202,2022147,Bellflower Medicine Soup,A herb medicine made from bellflowers and snake.nAttack + 6 for 10 minutes.,1,1,750,,,Item/Item.wz/Consume/0202.img.xml,Item/Item.wz/Consume/0202.img/02022147/info,Item/Item.wz/Consume/0202.img/02022147/info/icon.png,Item/Item.wz/Consume/0202.img/02022147/info/iconRaw.png
Consume,0202,2022148,Pill of Tunnel Vision,A pill of acorn powder.  The marksman's liquid medicine.  Increases +12 accuracy for 10 minutes.,1,1,1,,,Item/Item.wz/Consume/0202.img.xml,Item/Item.wz/Consume/0202.img/02022148/info,Item/Item.wz/Consume/0202.img/02022148/info/icon.png,Item/Item.wz/Consume/0202.img/02022148/info/iconRaw.png
Consume,0202,2022149,Pill of Intelligence,A pill of powdered deer antler and wild ginseng.  Increases Magic Attack by +10 for 10 minutes.,1,1,1,,,Item/Item.wz/Consume/0202.img.xml,Item/Item.wz/Consume/0202.img/02022149/info,Item/Item.wz/Consume/0202.img/02022149/info/icon.png,Item/Item.wz/Consume/0202.img/02022149/info/iconRaw.png
Consume,0202,2022150,Slithering Balm,Ointment medicine made from Mr. Alli's skin.  Gives +12 Avoidability for 10 minutes.,1,1,1,,,Item/Item.wz/Consume/0202.img.xml,Item/Item.wz/Consume/0202.img/02022150/info,Item/Item.wz/Consume/0202.img/02022150/info/icon.png,Item/Item.wz/Consume/0202.img/02022150/info/iconRaw.png
Consume,0202,2022151,Cassandra's Magic,"A mysterious spell cast by Cassandra.  Gives +20 Att and Magic, +100 Defense, +50 accuracy and avoidability, and +10 speed and jump for 1 hour.",1,1,,,,Item/Item.wz/Consume/0202.img.xml,Item/Item.wz/Consume/0202.img/02022151/info,Item/Item.wz/Consume/0202.img/02022151/info/icon.png,Item/Item.wz/Consume/0202.img/02022151/info/iconRaw.png
Consume,0202,2022152,Cassandra's Magic,"A mysterious spell cast by Cassandra.  Gives +10 Att and Magic, +30 Defense, +20 accuracy and avoidability, and +3 speed and jump for 20 minutes.",1,1,,,,Item/Item.wz/Consume/0202.img.xml,Item/Item.wz/Consume/0202.img/02022152/info,Item/Item.wz/Consume/0202.img/02022152/info/icon.png,Item/Item.wz/Consume/0202.img/02022152/info/iconRaw.png
Consume,0202,2022153,Happy birthday,"Gives +20 W. Att, +30 M. Att for 15 minutes to all the characters in the map when item was used.",1,1,,,,Item/Item.wz/Consume/0202.img.xml,Item/Item.wz/Consume/0202.img/02022153/info,Item/Item.wz/Consume/0202.img/02022153/info/icon.png,Item/Item.wz/Consume/0202.img/02022153/info/iconRaw.png
Consume,0202,2022154,Petit Rose,"Gives +20 Weapon Attack, +30 Magic Attack for 15 minutes.",1,1,,,,Item/Item.wz/Consume/0202.img.xml,Item/Item.wz/Consume/0202.img/02022154/info,Item/Item.wz/Consume/0202.img/02022154/info/icon.png,Item/Item.wz/Consume/0202.img/02022154/info/iconRaw.png
Consume,0202,2022155,Desert Mist,Pure water extracted from Katuse roots.  Recovers 200 MP.,1,1,400,,,Item/Item.wz/Consume/0202.img.xml,Item/Item.wz/Consume/0202.img/02022155/info,Item/Item.wz/Consume/0202.img/02022155/info/icon.png,Item/Item.wz/Consume/0202.img/02022155/info/iconRaw.png
Consume,0202,2022156,Black Bean Noodle,Nothing like a hot bowl of noodles to cap off a great day. Increases Weapon Attack and Magic Attack by +13 for 30 minutes.,1,1,1,,,Item/Item.wz/Consume/0202.img.xml,Item/Item.wz/Consume/0202.img/02022156/info,Item/Item.wz/Consume/0202.img/02022156/info/icon.png,Item/Item.wz/Consume/0202.img/02022156/info/iconRaw.png
Consume,0202,2022157,Carnival Point 1,Enhances CP 3.,1,1,1,,,Item/Item.wz/Consume/0202.img.xml,Item/Item.wz/Consume/0202.img/02022157/info,Item/Item.wz/Consume/0202.img/02022157/info/icon.png,Item/Item.wz/Consume/0202.img/02022157/info/iconRaw.png
Consume,0202,2022158,Carnival Point 2,Enhances CP 3.,1,1,1,,,Item/Item.wz/Consume/0202.img.xml,Item/Item.wz/Consume/0202.img/02022158/info,Item/Item.wz/Consume/0202.img/02022158/info/icon.png,Item/Item.wz/Consume/0202.img/02022158/info/iconRaw.png
Consume,0202,2022159,Carnival Point 3,Enhances CP 3.,1,1,1,,,Item/Item.wz/Consume/0202.img.xml,Item/Item.wz/Consume/0202.img/02022159/info,Item/Item.wz/Consume/0202.img/02022159/info/icon.png,Item/Item.wz/Consume/0202.img/02022159/info/iconRaw.png
Consume,0202,2022160,Party Mana Elixir,Recovers 300 MP for all members of your party.,1,1,1,,,Item/Item.wz/Consume/0202.img.xml,Item/Item.wz/Consume/0202.img/02022160/info,Item/Item.wz/Consume/0202.img/02022160/info/icon.png,Item/Item.wz/Consume/0202.img/02022160/info/iconRaw.png
Consume,0202,2022161,Party Elixir,Recovers 50% of HP and MP for all members of your party.,1,1,1,,,Item/Item.wz/Consume/0202.img.xml,Item/Item.wz/Consume/0202.img/02022161/info,Item/Item.wz/Consume/0202.img/02022161/info/icon.png,Item/Item.wz/Consume/0202.img/02022161/info/iconRaw.png
Consume,0202,2022162,Party Power Elixir,Recovers all HP and HP for all members of your party.,1,1,1,,,Item/Item.wz/Consume/0202.img.xml,Item/Item.wz/Consume/0202.img/02022162/info,Item/Item.wz/Consume/0202.img/02022162/info/icon.png,Item/Item.wz/Consume/0202.img/02022162/info/iconRaw.png
Consume,0202,2022163,Party All Cure Potion,Cures any abnormal state affecting any members of your party.,1,1,1,,,Item/Item.wz/Consume/0202.img.xml,Item/Item.wz/Consume/0202.img/02022163/info,Item/Item.wz/Consume/0202.img/02022163/info/icon.png,Item/Item.wz/Consume/0202.img/02022163/info/iconRaw.png
Consume,0202,2022164,Mini Cube of Darkness,One of the members in the opposing party will have their buffs nullified.,1,1,1,,,Item/Item.wz/Consume/0202.img.xml,Item/Item.wz/Consume/0202.img/02022164/info,Item/Item.wz/Consume/0202.img/02022164/info/icon.png,Item/Item.wz/Consume/0202.img/02022164/info/iconRaw.png
Consume,0202,2022165,Cube of Darkness,Everyone in the opposing party will have their buffs nullified.,1,1,1,,,Item/Item.wz/Consume/0202.img.xml,Item/Item.wz/Consume/0202.img/02022165/info,Item/Item.wz/Consume/0202.img/02022165/info/icon.png,Item/Item.wz/Consume/0202.img/02022165/info/iconRaw.png
Consume,0202,2022166,Stunner,One of the members of the opposing party will be stunned.,1,1,1,,,Item/Item.wz/Consume/0202.img.xml,Item/Item.wz/Consume/0202.img/02022166/info,Item/Item.wz/Consume/0202.img/02022166/info/icon.png,Item/Item.wz/Consume/0202.img/02022166/info/iconRaw.png
Consume,0202,2022174,White Potion,A highly-concentrated potion made out of red herbs.\nRecovers 300 HP.,1,1,160,,,Item/Item.wz/Consume/0202.img.xml,Item/Item.wz/Consume/0202.img/02022174/info,Item/Item.wz/Consume/0202.img/02022174/info/icon.png,Item/Item.wz/Consume/0202.img/02022174/info/iconRaw.png
Consume,0202,2022175,Elixir,A legendary potion.\nRecovers about 50% of HP and MP. (Exclusively for Monster Carnival),1,1,1000,,,Item/Item.wz/Consume/0202.img.xml,Item/Item.wz/Consume/0202.img/02022175/info,Item/Item.wz/Consume/0202.img/02022175/info/icon.png,Item/Item.wz/Consume/0202.img/02022175/info/iconRaw.png
Consume,0202,2022176,Power Elixir,A legendary Potion.\nRecovers all HP and MP. (Exclusively for Monster Carnival),1,1,2500,,,Item/Item.wz/Consume/0202.img.xml,Item/Item.wz/Consume/0202.img/02022176/info,Item/Item.wz/Consume/0202.img/02022176/info/icon.png,Item/Item.wz/Consume/0202.img/02022176/info/iconRaw.png
Consume,0202,2022177,Mana Elixir,A legendary potion.\nRecovers about 300 MP. (Exclusively for Monster Carnival),1,1,310,,,Item/Item.wz/Consume/0202.img.xml,Item/Item.wz/Consume/0202.img/02022177/info,Item/Item.wz/Consume/0202.img/02022177/info/icon.png,Item/Item.wz/Consume/0202.img/02022177/info/iconRaw.png
Consume,0202,2022178,All-Cure Potion,Recovers the character from any abnormal state. (Exclusively for Monster Carnival),1,1,200,,,Item/Item.wz/Consume/0202.img.xml,Item/Item.wz/Consume/0202.img/02022178/info,Item/Item.wz/Consume/0202.img/02022178/info/icon.png,Item/Item.wz/Consume/0202.img/02022178/info/iconRaw.png
Consume,0202,2022179,Onyx Apple,"A rare, ripe apple imbued with power. Recovers 90% HP & MP, and provides +100 W.Att, +100 M.Att, +20 Def for 10 minutes.",1,1,1,,,Item/Item.wz/Consume/0202.img.xml,Item/Item.wz/Consume/0202.img/02022179/info,Item/Item.wz/Consume/0202.img/02022179/info/icon.png,Item/Item.wz/Consume/0202.img/02022179/info/iconRaw.png
Consume,0202,2022180,Amorian Rice Cookie,A special Rice Cookie from Amos. Recovers 3000 HP and MP.,1,1,1500,,,Item/Item.wz/Consume/0202.img.xml,Item/Item.wz/Consume/0202.img/02022180/info,Item/Item.wz/Consume/0202.img/02022180/info/icon.png,Item/Item.wz/Consume/0202.img/02022180/info/iconRaw.png
Consume,0202,2022181,Victoria's Amorian Basket,"Victoria's special basket, made just for Amos. Provides a boost of +40 to Avoidability, speed and accuracy for 10 minutes",1,1,1,,1,Item/Item.wz/Consume/0202.img.xml,Item/Item.wz/Consume/0202.img/02022181/info,Item/Item.wz/Consume/0202.img/02022181/info/icon.png,Item/Item.wz/Consume/0202.img/02022181/info/iconRaw.png
Consume,0202,2022182,Crystalized Pineapple Chew,"A very sweet, home-made pineapple chew. Provides a bonus of +20 ATT for 7 minutes.",1,1,1,,,Item/Item.wz/Consume/0202.img.xml,Item/Item.wz/Consume/0202.img/02022182/info,Item/Item.wz/Consume/0202.img/02022182/info/icon.png,Item/Item.wz/Consume/0202.img/02022182/info/iconRaw.png
Consume,0202,2022183,Flower Shower,"Increases physical attack by 20, Magic attack by 30 for 15 minutes.",1,1,,,,Item/Item.wz/Consume/0202.img.xml,Item/Item.wz/Consume/0202.img/02022183/info,Item/Item.wz/Consume/0202.img/02022183/info/icon.png,Item/Item.wz/Consume/0202.img/02022183/info/iconRaw.png
Consume,0202,2022184,Maple BBQ,"Delicious, succulent BBQ meat. Take a big bite--you know you want to.  Weapon attack +13, Magic Attack +13 for 20 min.",1,1,1,,,Item/Item.wz/Consume/0202.img.xml,Item/Item.wz/Consume/0202.img/02022184/info,Item/Item.wz/Consume/0202.img/02022184/info/icon.png,Item/Item.wz/Consume/0202.img/02022184/info/iconRaw.png
Consume,0202,2022185,Fireworks,"The fireworks for celebrating MV's defeat. Attack +20, Magic Attack +20 for 10 min.",1,1,,,1,Item/Item.wz/Consume/0202.img.xml,Item/Item.wz/Consume/0202.img/02022185/info,Item/Item.wz/Consume/0202.img/02022185/info/icon.png,Item/Item.wz/Consume/0202.img/02022185/info/iconRaw.png
Consume,0202,2022186,Soft White Bun,"Freshly baked bread, hot from the oven!  Makes you warm inside and prevents HP loss for 30 minutes in the El Nath region.",1,1,1200,,,Item/Item.wz/Consume/0202.img.xml,Item/Item.wz/Consume/0202.img/02022186/info,Item/Item.wz/Consume/0202.img/02022186/info/icon.png,Item/Item.wz/Consume/0202.img/02022186/info/iconRaw.png
Consume,0202,2022187,Cassandra's Magic,Breathe comfortably underwater for 30 minutes with Cassandra's magic.  Prevents the constant HP damage you receive for every 10 seconds underwater.,1,1,150,,,Item/Item.wz/Consume/0202.img.xml,Item/Item.wz/Consume/0202.img/02022187/info,Item/Item.wz/Consume/0202.img/02022187/info/icon.png,Item/Item.wz/Consume/0202.img/02022187/info/iconRaw.png
Consume,0202,2022189,Grilled Cheese,"A tasty, golden brown, grilled cheese sandwich. Recovers 500 HP & MP and gives a boost of +20 Def for 30 mins.",1,1,250,,,Item/Item.wz/Consume/0202.img.xml,Item/Item.wz/Consume/0202.img/02022189/info,Item/Item.wz/Consume/0202.img/02022189/info/icon.png,Item/Item.wz/Consume/0202.img/02022189/info/iconRaw.png
Consume,0202,2022190,Cherry Pie,A piping hot pie that warrants eating. Recovers 2000 HP/MP and has a bonus of +2 ATT for 8 minutes.,1,1,1500,,,Item/Item.wz/Consume/0202.img.xml,Item/Item.wz/Consume/0202.img/02022190/info,Item/Item.wz/Consume/0202.img/02022190/info/icon.png,Item/Item.wz/Consume/0202.img/02022190/info/iconRaw.png
Consume,0202,2022191,Supreme Pizza,A piping hot pizza with all toppings. Recovers 900 HP and 600 MP.,1,1,500,,,Item/Item.wz/Consume/0202.img.xml,Item/Item.wz/Consume/0202.img/02022191/info,Item/Item.wz/Consume/0202.img/02022191/info/icon.png,Item/Item.wz/Consume/0202.img/02022191/info/iconRaw.png
Consume,0202,2022192,Waffle,"A hot, buttery waffle that's ready to eat. Recovers 300 HP and MP",1,1,300,,,Item/Item.wz/Consume/0202.img.xml,Item/Item.wz/Consume/0202.img/02022192/info,Item/Item.wz/Consume/0202.img/02022192/info/icon.png,Item/Item.wz/Consume/0202.img/02022192/info/iconRaw.png
Consume,0202,2022193,Merlin Orb,A majestic orb said to have been the property of a powerful mage. Gives a boost of +40 M. Att for 15 mins.,1,1,1,,1,Item/Item.wz/Consume/0202.img.xml,Item/Item.wz/Consume/0202.img/02022193/info,Item/Item.wz/Consume/0202.img/02022193/info/icon.png,Item/Item.wz/Consume/0202.img/02022193/info/iconRaw.png
Consume,0202,2022194,Leaf Crystal,"An uncommon crystal formed by the leaves of an Ellinian vine. Provides a boost of +12 W. Att, +20 M. Att, +20 DEF/M. DEF, +8 Avoidability/Accuracy for 20 minutes. May only be used 5 times before it vanishes.",1,1,1,,5,Item/Item.wz/Consume/0202.img.xml,Item/Item.wz/Consume/0202.img/02022194/info,Item/Item.wz/Consume/0202.img/02022194/info/icon.png,Item/Item.wz/Consume/0202.img/02022194/info/iconRaw.png
Consume,0202,2022195,Mapleade,"Refreshing drink for thirsty travelers! Recovers 80% HP, 90% MP and gives a boost of +2 Att for 30 mins.",1,1,7500,,150,Item/Item.wz/Consume/0202.img.xml,Item/Item.wz/Consume/0202.img/02022195/info,Item/Item.wz/Consume/0202.img/02022195/info/icon.png,Item/Item.wz/Consume/0202.img/02022195/info/iconRaw.png
Consume,0202,2022196,Wedding Bouquet,A special wedding bouquet.  Gives +5 Weapon Attack and +3 Magic Attack for 5 minutes.,1,1,150,,,Item/Item.wz/Consume/0202.img.xml,Item/Item.wz/Consume/0202.img/02022196/info,Item/Item.wz/Consume/0202.img/02022196/info/icon.png,Item/Item.wz/Consume/0202.img/02022196/info/iconRaw.png
Consume,0202,2022197,Wedding Bouquet,A special wedding bouquet.  Gives +8 Weapon Attack and +5 Magic Attack for 5 minutes.,1,1,150,,,Item/Item.wz/Consume/0202.img.xml,Item/Item.wz/Consume/0202.img/02022197/info,Item/Item.wz/Consume/0202.img/02022197/info/icon.png,Item/Item.wz/Consume/0202.img/02022197/info/iconRaw.png
Consume,0202,2022198,Russellon's Pills,A pill made by Russellon from Magatia.  The actual effects of this pill remain a mystery...,1,1,1,,,Item/Item.wz/Consume/0202.img.xml,Item/Item.wz/Consume/0202.img/02022198/info,Item/Item.wz/Consume/0202.img/02022198/info/icon.png,Item/Item.wz/Consume/0202.img/02022198/info/iconRaw.png
Consume,0202,2022199,Russellon's Potion,A potion made by Russellon from Magatia. The actual effects of this potion remain a mystery...,1,1,150,,,Item/Item.wz/Consume/0202.img.xml,Item/Item.wz/Consume/0202.img/02022199/info,Item/Item.wz/Consume/0202.img/02022199/info/icon.png,Item/Item.wz/Consume/0202.img/02022199/info/iconRaw.png
Consume,0202,2022200,Wedding Bouquet,A special wedding bouquet.  Gives +10 Weapon Attack and +8 Magic Attack for 5 minutes.,1,1,150,,,Item/Item.wz/Consume/0202.img.xml,Item/Item.wz/Consume/0202.img/02022200/info,Item/Item.wz/Consume/0202.img/02022200/info/icon.png,Item/Item.wz/Consume/0202.img/02022200/info/iconRaw.png
Consume,0202,2022203,Laksa,Singapore local speciality spicy noodle. It triggers one to sweat after consumpsion.\nRecovers 800 HP.,1,1,400,,,Item/Item.wz/Consume/0202.img.xml,Item/Item.wz/Consume/0202.img/02022203/info,Item/Item.wz/Consume/0202.img/02022203/info/icon.png,Item/Item.wz/Consume/0202.img/02022203/info/iconRaw.png
Consume,0202,2022204,Hokkien Mee,"Singapore's local speciality prawn noodles. It is normally served with prawns, chili & lime. \nRecovers 1200 HP.",1,1,600,,,Item/Item.wz/Consume/0202.img.xml,Item/Item.wz/Consume/0202.img/02022204/info,Item/Item.wz/Consume/0202.img/02022204/info/icon.png,Item/Item.wz/Consume/0202.img/02022204/info/iconRaw.png
Consume,0202,2022205,Carrot Cake,A delicious local traditional food. It is made up of carrot extracts & secret recipes. \nRecovers 1800 HP.,1,1,900,,,Item/Item.wz/Consume/0202.img.xml,Item/Item.wz/Consume/0202.img/02022205/info,Item/Item.wz/Consume/0202.img/02022205/info/icon.png,Item/Item.wz/Consume/0202.img/02022205/info/iconRaw.png
Consume,0202,2022206,Chicken Rice,A delicious Singapore local traditional food. The rice is covered with the fragrant secret recipes of chicken extracts.\nRecovers 2200 HP.,1,1,1100,,,Item/Item.wz/Consume/0202.img.xml,Item/Item.wz/Consume/0202.img/02022206/info,Item/Item.wz/Consume/0202.img/02022206/info/icon.png,Item/Item.wz/Consume/0202.img/02022206/info/iconRaw.png
Consume,0202,2022207,Satay,A delicious Singapore local traditional BBQ food. It is normally served with curry sauces. Its fragrance can be sensed a distance away.\nRecovers 2600 HP.,1,1,1300,,,Item/Item.wz/Consume/0202.img.xml,Item/Item.wz/Consume/0202.img/02022207/info,Item/Item.wz/Consume/0202.img/02022207/info/icon.png,Item/Item.wz/Consume/0202.img/02022207/info/iconRaw.png
Consume,0202,2022208,Guava,A fruit that is hard & sour. Its nutritional value improves our digestive system.\nRecovers 500 MP.,1,1,500,,,Item/Item.wz/Consume/0202.img.xml,Item/Item.wz/Consume/0202.img/02022208/info,Item/Item.wz/Consume/0202.img/02022208/info/icon.png,Item/Item.wz/Consume/0202.img/02022208/info/iconRaw.png
Consume,0202,2022209,Rambutan,A fruit that is delicious & juicy. It is so sweet that it attracts ants if they are not well attended to. \nRecovers 800 MP,1,1,800,,,Item/Item.wz/Consume/0202.img.xml,Item/Item.wz/Consume/0202.img/02022209/info,Item/Item.wz/Consume/0202.img/02022209/info/icon.png,Item/Item.wz/Consume/0202.img/02022209/info/iconRaw.png
Consume,0202,2022210,Dragon Fruit,"Another fruit that is delicious & juicy, similar to Rambutan, it will attract unwanted pests if they are not attended. \nRecovers 1600 MP.",1,1,1600,,,Item/Item.wz/Consume/0202.img.xml,Item/Item.wz/Consume/0202.img/02022210/info,Item/Item.wz/Consume/0202.img/02022210/info/icon.png,Item/Item.wz/Consume/0202.img/02022210/info/iconRaw.png
Consume,0202,2022211,Durian,"The fruit is nominated as the King of Fruits around the region. Despite having a hard & thorny shell, the fruit that lies within is extremely fragrant, and it tastes great! nRecovers 3200 MP.",1,1,3200,,,Item/Item.wz/Consume/0202.img.xml,Item/Item.wz/Consume/0202.img/02022211/info,Item/Item.wz/Consume/0202.img/02022211/info/icon.png,Item/Item.wz/Consume/0202.img/02022211/info/iconRaw.png
Consume,0202,2022212,Nasi Lemak,"A popular Malay Traditional Dish mainly made up of rice, egg & cucumber, soaked with pandan fragrant.nImproves Magic Attack +8 for 5 minutes.",1,1,1600,,,Item/Item.wz/Consume/0202.img.xml,Item/Item.wz/Consume/0202.img/02022212/info,Item/Item.wz/Consume/0202.img/02022212/info/icon.png,Item/Item.wz/Consume/0202.img/02022212/info/iconRaw.png
Consume,0202,2022213,Roti Prata,A popular Indian Traditional Dish made up of flour. It is normally served with sugar & curry sauces.n Improves Magic Attack +8 for 10 Minutes.,1,1,3400,,,Item/Item.wz/Consume/0202.img.xml,Item/Item.wz/Consume/0202.img/02022213/info,Item/Item.wz/Consume/0202.img/02022213/info/icon.png,Item/Item.wz/Consume/0202.img/02022213/info/iconRaw.png
Consume,0202,2022214,Pepper Crab,"A popular Chinese traditional dish made of up fresh steam crab, pepper, egg & secret recipes.nImproves Weapon Attack +8 for 5 minutes.",1,1,1600,,,Item/Item.wz/Consume/0202.img.xml,Item/Item.wz/Consume/0202.img/02022214/info,Item/Item.wz/Consume/0202.img/02022214/info/icon.png,Item/Item.wz/Consume/0202.img/02022214/info/iconRaw.png
Consume,0202,2022215,Chili Crab,"A popular Chinese traditional dish made of up fresh steam crab, chili power, egg & secret recipes.nImproves Weapon Attack +8 for 10 minutes.",1,1,3400,,,Item/Item.wz/Consume/0202.img.xml,Item/Item.wz/Consume/0202.img/02022215/info,Item/Item.wz/Consume/0202.img/02022215/info/icon.png,Item/Item.wz/Consume/0202.img/02022215/info/iconRaw.png
Consume,0202,2022224,Russellon's Potion,A potion made by Russellon from Magatia. The actual effects of this potion remain a mystery...,1,1,150,,,Item/Item.wz/Consume/0202.img.xml,Item/Item.wz/Consume/0202.img/02022224/info,Item/Item.wz/Consume/0202.img/02022224/info/icon.png,Item/Item.wz/Consume/0202.img/02022224/info/iconRaw.png
Consume,0202,2022225,Russellon's Potion,A potion made by Russellon from Magatia. The actual effects of this potion remain a mystery...,1,1,150,,,Item/Item.wz/Consume/0202.img.xml,Item/Item.wz/Consume/0202.img/02022225/info,Item/Item.wz/Consume/0202.img/02022225/info/icon.png,Item/Item.wz/Consume/0202.img/02022225/info/iconRaw.png
Consume,0202,2022226,Russellon's Potion,A potion made by Russellon from Magatia. The actual effects of this potion remain a mystery...,1,1,150,,,Item/Item.wz/Consume/0202.img.xml,Item/Item.wz/Consume/0202.img/02022226/info,Item/Item.wz/Consume/0202.img/02022226/info/icon.png,Item/Item.wz/Consume/0202.img/02022226/info/iconRaw.png
Consume,0202,2022227,Russellon's Potion,A potion made by Russellon from Magatia. The actual effects of this potion remain a mystery...,1,1,150,,,Item/Item.wz/Consume/0202.img.xml,Item/Item.wz/Consume/0202.img/02022227/info,Item/Item.wz/Consume/0202.img/02022227/info/icon.png,Item/Item.wz/Consume/0202.img/02022227/info/iconRaw.png
Consume,0202,2022228,Russellon's Potion,A potion made by Russellon from Magatia. The actual effects of this potion remain a mystery...,1,1,150,,,Item/Item.wz/Consume/0202.img.xml,Item/Item.wz/Consume/0202.img/02022228/info,Item/Item.wz/Consume/0202.img/02022228/info/icon.png,Item/Item.wz/Consume/0202.img/02022228/info/iconRaw.png
Consume,0202,2022238,MesoGears Ring,"An ancient ring of wondrous power. There appears to be a faded inscription along the side...""Subani"". Provides a boost of +8 W. Att, +15 M. Att, +12 Def/M. Def. for 8 minutes.",1,1,1,,10,Item/Item.wz/Consume/0202.img.xml,Item/Item.wz/Consume/0202.img/02022238/info,Item/Item.wz/Consume/0202.img/02022238/info/icon.png,Item/Item.wz/Consume/0202.img/02022238/info/iconRaw.png
Consume,0202,2022239,Cassandra's Magic,"A special magic spell cast by Cassandra. For 30 minutes, Attack +10, Magic Attack +10, DEF +30, Accuracy +20, Avoidability +20, Speed +7, and Jump +5.",1,1,,,,Item/Item.wz/Consume/0202.img.xml,Item/Item.wz/Consume/0202.img/02022239/info,Item/Item.wz/Consume/0202.img/02022239/info/icon.png,Item/Item.wz/Consume/0202.img/02022239/info/iconRaw.png
Consume,0202,2022240,Cassandra's Magic,"A special magic spell cast by Cassandra. For 1 hour, Attack +10, Magic Attack +10, DEF +30, Accuracy +20, Avoidability +20, Speed +7, and Jump +5.",1,1,,,,Item/Item.wz/Consume/0202.img.xml,Item/Item.wz/Consume/0202.img/02022240/info,Item/Item.wz/Consume/0202.img/02022240/info/icon.png,Item/Item.wz/Consume/0202.img/02022240/info/iconRaw.png
Consume,0202,2022242,Edmund's Special Brew,"A healing tonic made with Edmund's secret recipe.  Just the thing when you're feeling under the weather!  [Restores 50% of HP and MP, also gives +14 W. Att + 30 M.Att, for 10 minutes.]",1,1,1,,100,Item/Item.wz/Consume/0202.img.xml,Item/Item.wz/Consume/0202.img/02022242/info,Item/Item.wz/Consume/0202.img/02022242/info/icon.png,Item/Item.wz/Consume/0202.img/02022242/info/iconRaw.png
Consume,0202,2022243,Sophilia's Necklace,"A jewel crafted by Prendergast for his daughter, intended as a protective gift for her 16th birthday.",1,1,1,,5,Item/Item.wz/Consume/0202.img.xml,Item/Item.wz/Consume/0202.img/02022243/info,Item/Item.wz/Consume/0202.img/02022243/info/icon.png,Item/Item.wz/Consume/0202.img/02022243/info/iconRaw.png
Consume,0202,2022244,Smore,"A tasty, hot smore. Perfect for a toasty Halloween night!",1,1,1,,100,Item/Item.wz/Consume/0202.img.xml,Item/Item.wz/Consume/0202.img/02022244/info,Item/Item.wz/Consume/0202.img/02022244/info/icon.png,Item/Item.wz/Consume/0202.img/02022244/info/iconRaw.png
Consume,0202,2022245,Heartstopper,Just one taste of this spicy candy and it'll feel like your heart's on fire!,1,1,1,,100,Item/Item.wz/Consume/0202.img.xml,Item/Item.wz/Consume/0202.img/02022245/info,Item/Item.wz/Consume/0202.img/02022245/info/icon.png,Item/Item.wz/Consume/0202.img/02022245/info/iconRaw.png
Consume,0202,2022246,Pumpkin Taffy,"Sweetened pumpkin taffy on a candy cane stick.  [Gives +15 Weapon Defense, +15 Magic Defense for 5 minutes]",1,1,1,,100,Item/Item.wz/Consume/0202.img.xml,Item/Item.wz/Consume/0202.img/02022246/info,Item/Item.wz/Consume/0202.img/02022246/info/icon.png,Item/Item.wz/Consume/0202.img/02022246/info/iconRaw.png
Consume,0202,2022247,Red Gummy Slime,"Super-chewy gummy slimes. This one is cherry-flavored.  If only real Slimes tasted this good. [Restore 1200HP, 1200MP]",1,1,1,,100,Item/Item.wz/Consume/0202.img.xml,Item/Item.wz/Consume/0202.img/02022247/info,Item/Item.wz/Consume/0202.img/02022247/info/icon.png,Item/Item.wz/Consume/0202.img/02022247/info/iconRaw.png
Consume,0202,2022248,Green Gummy Slime,Super-chewy gummy slimes. This one is lime-flavored.  If only real Slimes tasted this good. [Restores 600 HP],1,1,1,,100,Item/Item.wz/Consume/0202.img.xml,Item/Item.wz/Consume/0202.img/02022248/info,Item/Item.wz/Consume/0202.img/02022248/info/icon.png,Item/Item.wz/Consume/0202.img/02022248/info/iconRaw.png
Consume,0202,2022249,Purple Gummy Slime,Super-chewy gummy slimes. This one is grape-flavored.  If only real Slimes tasted this good. [Restores 600 MP],1,1,1,,100,Item/Item.wz/Consume/0202.img.xml,Item/Item.wz/Consume/0202.img/02022249/info,Item/Item.wz/Consume/0202.img/02022249/info/icon.png,Item/Item.wz/Consume/0202.img/02022249/info/iconRaw.png
Consume,0202,2022250,Orange Gummy Slime,"Super-chewy gummy slimes. This one is orange-flavored.  If only real Slimes tasted this good. [Restores 600HP, 600MP]",1,1,1,,100,Item/Item.wz/Consume/0202.img.xml,Item/Item.wz/Consume/0202.img/02022250/info,Item/Item.wz/Consume/0202.img/02022250/info/icon.png,Item/Item.wz/Consume/0202.img/02022250/info/iconRaw.png
Consume,0202,2022251,Maple Pop,"A mouth-watering, delectable sweet treat! [Gives +100 Accuracy for 1 minute]",1,1,1,,100,Item/Item.wz/Consume/0202.img.xml,Item/Item.wz/Consume/0202.img/02022251/info,Item/Item.wz/Consume/0202.img/02022251/info/icon.png,Item/Item.wz/Consume/0202.img/02022251/info/iconRaw.png
Consume,0202,2022252,Tae Roon's Note,"A small note written by Tae Roon. This note is enchanted, so it boosts weapon attack and magic attack by 3 for 1 minute.",1,1,,,,Item/Item.wz/Consume/0202.img.xml,Item/Item.wz/Consume/0202.img/02022252/info,Item/Item.wz/Consume/0202.img/02022252/info/icon.png,Item/Item.wz/Consume/0202.img/02022252/info/iconRaw.png
Consume,0202,2022253,Mushroom Candy,"Delicious mushroom candy from Sen. This candy makes anyone feel good about themselves. So good, that it boosts Jump +3 for 3 minutes.",1,1,,,,Item/Item.wz/Consume/0202.img.xml,Item/Item.wz/Consume/0202.img/02022253/info,Item/Item.wz/Consume/0202.img/02022253/info/icon.png,Item/Item.wz/Consume/0202.img/02022253/info/iconRaw.png
Consume,0202,2022255,Pumpkin Pieces,"Pieces of pumpkin left over from making halloween Jack-o'-Lanterns. The pumpkin, perfectly ripe, has an aroma that is sweeter than ever. Each piece recovers 50 HP and 50 MP.",1,1,1,,,Item/Item.wz/Consume/0202.img.xml,Item/Item.wz/Consume/0202.img/02022255/info,Item/Item.wz/Consume/0202.img/02022255/info/icon.png,Item/Item.wz/Consume/0202.img/02022255/info/iconRaw.png
Consume,0202,2022256,Halloween Candy,A candy wrapped in stripes. Kids love it. Recovers 20 HP and MP.,1,1,1,,,Item/Item.wz/Consume/0202.img.xml,Item/Item.wz/Consume/0202.img/02022256/info,Item/Item.wz/Consume/0202.img/02022256/info/icon.png,Item/Item.wz/Consume/0202.img/02022256/info/iconRaw.png
Consume,0202,2022257,Power of the Glowing Rock,Received a mysterious power from the Glowing Rock. Boosts the weapon attack and magic attack slightly for 10 minutes.,1,1,150,,,Item/Item.wz/Consume/0202.img.xml,Item/Item.wz/Consume/0202.img/02022257/info,Item/Item.wz/Consume/0202.img/02022257/info/icon.png,Item/Item.wz/Consume/0202.img/02022257/info/iconRaw.png
Consume,0202,2022258,Coconut Juice,"A small hole is up on the top of the Coconut, where the straw goes in. Drink the juice with the straw for maximum refreshment. Recovers 100 HP.",1,1,50,,,Item/Item.wz/Consume/0202.img.xml,Item/Item.wz/Consume/0202.img/02022258/info,Item/Item.wz/Consume/0202.img/02022258/info/icon.png,Item/Item.wz/Consume/0202.img/02022258/info/iconRaw.png
Consume,0202,2022259,Attack Crystal,A red crystal with a mysterious power packed in. Attack +5 for 5 minutes.,1,1,105,,,Item/Item.wz/Consume/0202.img.xml,Item/Item.wz/Consume/0202.img/02022259/info,Item/Item.wz/Consume/0202.img/02022259/info/icon.png,Item/Item.wz/Consume/0202.img/02022259/info/iconRaw.png
Consume,0202,2022260,Accuracy Crystal,A blue crystal with a mysterious power packed in. Accuracy +5 for 5 minutes.,1,1,105,,,Item/Item.wz/Consume/0202.img.xml,Item/Item.wz/Consume/0202.img/02022260/info,Item/Item.wz/Consume/0202.img/02022260/info/icon.png,Item/Item.wz/Consume/0202.img/02022260/info/iconRaw.png
Consume,0202,2022261,Stuffing Scoop,A delicious scoop of stuffing. This treat comes around only once in a while so eat it up before it gets cold. \n[Restores 600 HP/ 600 MP],1,1,1,,100,Item/Item.wz/Consume/0202.img.xml,Item/Item.wz/Consume/0202.img/02022261/info,Item/Item.wz/Consume/0202.img/02022261/info/icon.png,Item/Item.wz/Consume/0202.img/02022261/info/iconRaw.png
Consume,0202,2022262,Cranberry Sauce,This delicious cranberry sauce complements almost any meal! \n[Gives + 30 Magic Attack for 3 minutes],1,1,1,,100,Item/Item.wz/Consume/0202.img.xml,Item/Item.wz/Consume/0202.img/02022262/info,Item/Item.wz/Consume/0202.img/02022262/info/icon.png,Item/Item.wz/Consume/0202.img/02022262/info/iconRaw.png
Consume,0202,2022263,Mashed Potato,It looks like someone dropped this potato. \n[Restores 800 HP],1,1,1,,100,Item/Item.wz/Consume/0202.img.xml,Item/Item.wz/Consume/0202.img/02022263/info,Item/Item.wz/Consume/0202.img/02022263/info/icon.png,Item/Item.wz/Consume/0202.img/02022263/info/iconRaw.png
Consume,0202,2022264,Gravy,The only thing better than a gravy boat is a gravy train. \n[Restores 800 MP],1,1,1,,100,Item/Item.wz/Consume/0202.img.xml,Item/Item.wz/Consume/0202.img/02022264/info,Item/Item.wz/Consume/0202.img/02022264/info/icon.png,Item/Item.wz/Consume/0202.img/02022264/info/iconRaw.png
Consume,0202,2022265,Snowing Fishbread,Increases Physical Attack Power by 20 and Magic Attack Power by 30 for 15 minutes.,1,1,,,,Item/Item.wz/Consume/0202.img.xml,Item/Item.wz/Consume/0202.img/02022265/info,Item/Item.wz/Consume/0202.img/02022265/info/icon.png,Item/Item.wz/Consume/0202.img/02022265/info/iconRaw.png
Consume,0202,2022266,Power Punch,A fist used during the Hunting Tournament. Boosts weapon and magic attack.,1,1,1,,,Item/Item.wz/Consume/0202.img.xml,Item/Item.wz/Consume/0202.img/02022266/info,Item/Item.wz/Consume/0202.img/02022266/info/icon.png,Item/Item.wz/Consume/0202.img/02022266/info/iconRaw.png
Consume,0202,2022267,Wing of the Wind,A set of wings used during the Hunting Tournament. Boosts speed and jump.,1,1,1,,,Item/Item.wz/Consume/0202.img.xml,Item/Item.wz/Consume/0202.img/02022267/info,Item/Item.wz/Consume/0202.img/02022267/info/icon.png,Item/Item.wz/Consume/0202.img/02022267/info/iconRaw.png
Consume,0202,2022268,Crazy Skull,An eyeball-rotating skull used during the Hunting Tournament. Inverts directions.,1,1,1,,,Item/Item.wz/Consume/0202.img.xml,Item/Item.wz/Consume/0202.img/02022268/info,Item/Item.wz/Consume/0202.img/02022268/info/icon.png,Item/Item.wz/Consume/0202.img/02022268/info/iconRaw.png
Consume,0202,2022269,Shield,A shield used during the Hunting Tournament. Protects the owner from the bomb once.,1,1,1,,,Item/Item.wz/Consume/0202.img.xml,Item/Item.wz/Consume/0202.img/02022269/info,Item/Item.wz/Consume/0202.img/02022269/info/icon.png,Item/Item.wz/Consume/0202.img/02022269/info/iconRaw.png
Consume,0202,2022271,Maplemas Ham,A delicious looking Christmas Ham with a sprig of mistletoe on top.\nRecovers 3000 HP and MP.,1,1,1,,100,Item/Item.wz/Consume/0202.img.xml,Item/Item.wz/Consume/0202.img/02022271/info,Item/Item.wz/Consume/0202.img/02022271/info/icon.png,Item/Item.wz/Consume/0202.img/02022271/info/iconRaw.png
Consume,0202,2022272,Smoken Salmon,The traditional Versalmas dinner.  Smells... like fish. \nRecovers 2385 HP and 3791 MP.,1,1,1,,100,Item/Item.wz/Consume/0202.img.xml,Item/Item.wz/Consume/0202.img/02022272/info,Item/Item.wz/Consume/0202.img/02022272/info/icon.png,Item/Item.wz/Consume/0202.img/02022272/info/iconRaw.png
Consume,0202,2022273,Ssiws Cheese,Cheese from the alternate dimension of Versal.  Looks funny but smells quite nice.  nGives +220 Magic Attack for 2 minutes,1,1,1,,100,Item/Item.wz/Consume/0202.img.xml,Item/Item.wz/Consume/0202.img/02022273/info,Item/Item.wz/Consume/0202.img/02022273/info/icon.png,Item/Item.wz/Consume/0202.img/02022273/info/iconRaw.png
Consume,0202,2022274,Sugar-Coated Olives,Olives frosted with pink sugar -- a special treat beloved by children from Versal! nGives +40 Speed and + 25 Jump for 5 minutes.,1,1,1,,100,Item/Item.wz/Consume/0202.img.xml,Item/Item.wz/Consume/0202.img/02022274/info,Item/Item.wz/Consume/0202.img/02022274/info/icon.png,Item/Item.wz/Consume/0202.img/02022274/info/iconRaw.png
Consume,0202,2022275,Caramel Onion,O-Pongo's favorite treat!  Creamy caramel with a crunchy onion center! nRestores 800 HP and MP.,1,1,1,,100,Item/Item.wz/Consume/0202.img.xml,Item/Item.wz/Consume/0202.img/02022275/info,Item/Item.wz/Consume/0202.img/02022275/info/icon.png,Item/Item.wz/Consume/0202.img/02022275/info/iconRaw.png
Consume,0202,2022276,Chocolate Wafers,A crispy wafer layered with chocolate creme. nGives +40 Weapon Attack for 3 minutes,1,1,1,,100,Item/Item.wz/Consume/0202.img.xml,Item/Item.wz/Consume/0202.img/02022276/info,Item/Item.wz/Consume/0202.img/02022276/info/icon.png,Item/Item.wz/Consume/0202.img/02022276/info/iconRaw.png
Consume,0202,2022277,Sunblock,"SPF 1000.  Blocks all harmful rays, including magical ones. nGives +200 Magic Defense for 10 minutes.",1,1,1,,100,Item/Item.wz/Consume/0202.img.xml,Item/Item.wz/Consume/0202.img/02022277/info,Item/Item.wz/Consume/0202.img/02022277/info/icon.png,Item/Item.wz/Consume/0202.img/02022277/info/iconRaw.png
Consume,0202,2022278,Lump of Coal,Restores 1 HP and 1 MP.,1,1,1,,100,Item/Item.wz/Consume/0202.img.xml,Item/Item.wz/Consume/0202.img/02022278/info,Item/Item.wz/Consume/0202.img/02022278/info/icon.png,Item/Item.wz/Consume/0202.img/02022278/info/iconRaw.png
Consume,0202,2022279,Snow Cake Piece,A piece of cake that consists of snow-white whipped cream and cherry. Recovers 300 HP and MP.,1,1,1,,200,Item/Item.wz/Consume/0202.img.xml,Item/Item.wz/Consume/0202.img/02022279/info,Item/Item.wz/Consume/0202.img/02022279/info/icon.png,Item/Item.wz/Consume/0202.img/02022279/info/iconRaw.png
Consume,0202,2022280,A Flurry of Snow,Increases Physical Attack Power by 20 and Magic Attack Power by 30 for 15 minutes.,1,1,,,,Item/Item.wz/Consume/0202.img.xml,Item/Item.wz/Consume/0202.img/02022280/info,Item/Item.wz/Consume/0202.img/02022280/info/icon.png,Item/Item.wz/Consume/0202.img/02022280/info/iconRaw.png
Consume,0202,2022281,Chinese Firecrackers,A string of Chinese firecrackers known to scare away ghoulish spirits.,1,1,,,1,Item/Item.wz/Consume/0202.img.xml,Item/Item.wz/Consume/0202.img/02022281/info,Item/Item.wz/Consume/0202.img/02022281/info/icon.png,Item/Item.wz/Consume/0202.img/02022281/info/iconRaw.png
Consume,0202,2022282,Naricain's Demon Elixir,A fiery black liquid that gives the user the power of a thousand demons when consumed. [Gives +140 Weapon Attack for 8 minutes],1,1,1,,10,Item/Item.wz/Consume/0202.img.xml,Item/Item.wz/Consume/0202.img/02022282/info,Item/Item.wz/Consume/0202.img/02022282/info/icon.png,Item/Item.wz/Consume/0202.img/02022282/info/iconRaw.png
Consume,0202,2022283,Subani's Mystic Cauldron,"Drinking the swirling blue liquid within this small iron pot fills the user with an energy that emanates a protective aura. [Gives +100 Overall Defense, +200 Magic Attack for 10 minutes]",1,1,1,,10,Item/Item.wz/Consume/0202.img.xml,Item/Item.wz/Consume/0202.img/02022283/info,Item/Item.wz/Consume/0202.img/02022283/info/icon.png,Item/Item.wz/Consume/0202.img/02022283/info/iconRaw.png
Consume,0202,2022284,Barricade Booster,"John Barricade's special concoction, used to get him out of tight jams.  For use in emergencies!  [Gives +50 Avoidability, +50 Accuracy, +10 Jump for 5 minutes]",1,1,1,,10,Item/Item.wz/Consume/0202.img.xml,Item/Item.wz/Consume/0202.img/02022284/info,Item/Item.wz/Consume/0202.img/02022284/info/icon.png,Item/Item.wz/Consume/0202.img/02022284/info/iconRaw.png
Consume,0202,2022285,Sweet Heart,"Weapon attack +20, Magic attack +30 for 15 minutes.",1,1,,,,Item/Item.wz/Consume/0202.img.xml,Item/Item.wz/Consume/0202.img/02022285/info,Item/Item.wz/Consume/0202.img/02022285/info/icon.png,Item/Item.wz/Consume/0202.img/02022285/info/iconRaw.png
Consume,0202,2022296,Power Scream,"A power scream from Maple Admin. Weapon attack +8, Magic attack +12 for 30 minutes.",1,1,,,,Item/Item.wz/Consume/0202.img.xml,Item/Item.wz/Consume/0202.img/02022296/info,Item/Item.wz/Consume/0202.img/02022296/info/icon.png,Item/Item.wz/Consume/0202.img/02022296/info/iconRaw.png
Consume,0202,2022302,Party Bear,"Weapon attack +20, Magic attack +30 for 15 minutes.",1,1,,,,Item/Item.wz/Consume/0202.img.xml,Item/Item.wz/Consume/0202.img/02022302/info,Item/Item.wz/Consume/0202.img/02022302/info/icon.png,Item/Item.wz/Consume/0202.img/02022302/info/iconRaw.png
Consume,0202,2022303,,,1,1,,,,Item/Item.wz/Consume/0202.img.xml,Item/Item.wz/Consume/0202.img/02022303/info,Item/Item.wz/Consume/0202.img/02022303/info/icon.png,Item/Item.wz/Consume/0202.img/02022303/info/iconRaw.png
Consume,0202,2022305,Taru Face Paint,This mystical camouflage allows the user to blend into his or her surroundings. [Gives +100 Avoidability for 5 minutes.],1,1,100,,,Item/Item.wz/Consume/0202.img.xml,Item/Item.wz/Consume/0202.img/02022305/info,Item/Item.wz/Consume/0202.img/02022305/info/icon.png,Item/Item.wz/Consume/0202.img/02022305/info/iconRaw.png
Consume,0202,2022306,Primal Brew,"A mixture made from an ancient Taru shaman recipe.  Instills warriors with the primal strength of the Jungle Spirit. [Gives +35 Weapon Attack, +10 Accuracy for 20 minutes.]",1,1,100,,,Item/Item.wz/Consume/0202.img.xml,Item/Item.wz/Consume/0202.img/02022306/info,Item/Item.wz/Consume/0202.img/02022306/info/icon.png,Item/Item.wz/Consume/0202.img/02022306/info/iconRaw.png
Consume,0202,2022307,Spirit Herbs,Special incense used by ancient Taru shamans for communion rituals with the Jungle Spirit. [Gives +90 Magic Attack for 20 minutes.],1,1,100,,,Item/Item.wz/Consume/0202.img.xml,Item/Item.wz/Consume/0202.img/02022307/info,Item/Item.wz/Consume/0202.img/02022307/info/icon.png,Item/Item.wz/Consume/0202.img/02022307/info/iconRaw.png
Consume,0202,2022308,Jungle Juice,"A delicious natural beverage made from a secret blend of jungle fruits, flowers, roots, and vines. The perfect thing to fuel a Taru brave through a long jungle trek!  [Restores 1000 HP and 2000 MP.]",1,1,100,,,Item/Item.wz/Consume/0202.img.xml,Item/Item.wz/Consume/0202.img/02022308/info,Item/Item.wz/Consume/0202.img/02022308/info/icon.png,Item/Item.wz/Consume/0202.img/02022308/info/iconRaw.png
Consume,0202,2022309,Treasure Hunt Note,"Spread all over the Maple World for the 4th anniversary of MapleStory, this note contains the prizes that you'll win when this is found.",1,1,100,,,Item/Item.wz/Consume/0202.img.xml,Item/Item.wz/Consume/0202.img/02022309/info,Item/Item.wz/Consume/0202.img/02022309/info/icon.png,Item/Item.wz/Consume/0202.img/02022309/info/iconRaw.png
Consume,0202,2022310,Chocolate Cream Cupcake,"A delicious chocolate cupcake with vanilla cream filling. One taste and you'll be hooked!  [Restores 300 HP & MP, and gives +30 Accuracy, +30 Speed, and +30 Jump for 3 minutes.]",1,1,1,,,Item/Item.wz/Consume/0202.img.xml,Item/Item.wz/Consume/0202.img/02022310/info,Item/Item.wz/Consume/0202.img/02022310/info/icon.png,Item/Item.wz/Consume/0202.img/02022310/info/iconRaw.png
Consume,0202,2022311,Big Cream Puff,"A rare, tasty dessert. Known as the 'Warrior's Dessert' to some and the 'Fattening Treat' to others. [Gives +30 Weapon Attack for 3 minutes.]",1,1,1,,,Item/Item.wz/Consume/0202.img.xml,Item/Item.wz/Consume/0202.img/02022311/info,Item/Item.wz/Consume/0202.img/02022311/info/icon.png,Item/Item.wz/Consume/0202.img/02022311/info/iconRaw.png
Consume,0202,2022323,Fish Net with a Catch,The fish net seems to have caught something. Let's double-click it to check its content.,1,1,1,,,Item/Item.wz/Consume/0202.img.xml,Item/Item.wz/Consume/0202.img/02022323/info,Item/Item.wz/Consume/0202.img/02022323/info/icon.png,Item/Item.wz/Consume/0202.img/02022323/info/iconRaw.png
Consume,0202,2022324,Big Belly Fish,A fish that apparently swallowed something. Let's double-click on the fish to check its content.,1,1,1,,,Item/Item.wz/Consume/0202.img.xml,Item/Item.wz/Consume/0202.img/02022324/info,Item/Item.wz/Consume/0202.img/02022324/info/icon.png,Item/Item.wz/Consume/0202.img/02022324/info/iconRaw.png
Consume,0202,2022326,Blessing of the Forest,"With the purified forest raining gold rain, all affected will receive a temporary boost on speed and jump.",1,1,1,,,Item/Item.wz/Consume/0202.img.xml,Item/Item.wz/Consume/0202.img/02022326/info,Item/Item.wz/Consume/0202.img/02022326/info/icon.png,Item/Item.wz/Consume/0202.img/02022326/info/iconRaw.png
Consume,0202,2022332,Agent O's Encouragement,An encouraging message from Agent O.  Jump rate will be increased by 20 for 30 minutes.,1,1,1,,,Item/Item.wz/Consume/0202.img.xml,Item/Item.wz/Consume/0202.img/02022332/info,Item/Item.wz/Consume/0202.img/02022332/info/icon.png,Item/Item.wz/Consume/0202.img/02022332/info/iconRaw.png
Consume,0202,2022333,Agent O's Encouragement,An encouraging message from Agent O.  Speed will be increased by 40 for 30 minutes.,1,1,1,,,Item/Item.wz/Consume/0202.img.xml,Item/Item.wz/Consume/0202.img/02022333/info,Item/Item.wz/Consume/0202.img/02022333/info/icon.png,Item/Item.wz/Consume/0202.img/02022333/info/iconRaw.png
Consume,0202,2022335,Baby Chick Cookie,This is a cookie shaped like a baby chick. Recovers 1000 HP and MP.,1,1,1,,,Item/Item.wz/Consume/0202.img.xml,Item/Item.wz/Consume/0202.img/02022335/info,Item/Item.wz/Consume/0202.img/02022335/info/icon.png,Item/Item.wz/Consume/0202.img/02022335/info/iconRaw.png
Consume,0202,2022336,Secret Box,Secret Box,1,1,1,,,Item/Item.wz/Consume/0202.img.xml,Item/Item.wz/Consume/0202.img/02022336/info,Item/Item.wz/Consume/0202.img/02022336/info/icon.png,Item/Item.wz/Consume/0202.img/02022336/info/iconRaw.png
Consume,0202,2022337,Sorcerer's Potion,"This is a potion that you can buy from Sorcerer. It's potent, but its side-effects are equally strong. It's also very expensive, so be careful with it.",1,1,1,,,Item/Item.wz/Consume/0202.img.xml,Item/Item.wz/Consume/0202.img/02022337/info,Item/Item.wz/Consume/0202.img/02022337/info/icon.png,Item/Item.wz/Consume/0202.img/02022337/info/iconRaw.png
Consume,0202,2022338,VitroJuice,A futuristic power pack full of liquid fuel synthesized by T-1337.  Looks suspiciously like an energy drink.  Drink at your own risk! [Gives +14 Weapon Attack for 15 minutes],1,1,110,,,Item/Item.wz/Consume/0202.img.xml,Item/Item.wz/Consume/0202.img/02022338/info,Item/Item.wz/Consume/0202.img/02022338/info/icon.png,Item/Item.wz/Consume/0202.img/02022338/info/iconRaw.png
Consume,0202,2022339,NitroJuice,A futuristic power pack full of liquid fuel synthesized by T-1337.  Looks suspiciously like an energy drink.  Drink at your own risk! [Gives +22 Weapon Attack for 10 minutes],1,1,160,,,Item/Item.wz/Consume/0202.img.xml,Item/Item.wz/Consume/0202.img/02022339/info,Item/Item.wz/Consume/0202.img/02022339/info/icon.png,Item/Item.wz/Consume/0202.img/02022339/info/iconRaw.png
Consume,0202,2022340,BlastroJuice,A futuristic power pack full of liquid fuel synthesized by T-1337.  Looks suspiciously like an energy drink.  Drink at your own risk! [Gives +90 Weapon Attack for 1 minute],1,1,225,,,Item/Item.wz/Consume/0202.img.xml,Item/Item.wz/Consume/0202.img/02022340/info,Item/Item.wz/Consume/0202.img/02022340/info/icon.png,Item/Item.wz/Consume/0202.img/02022340/info/iconRaw.png
Consume,0202,2022341,ElectroJuice,"A futuristic power pack full of liquid fuel synthesized by T-1337.  Looks suspiciously like an energy drink, but drink at your own risk! [Gives +50 Magic Attack for 10 minutes.]",1,1,225,,,Item/Item.wz/Consume/0202.img.xml,Item/Item.wz/Consume/0202.img/02022341/info,Item/Item.wz/Consume/0202.img/02022341/info/icon.png,Item/Item.wz/Consume/0202.img/02022341/info/iconRaw.png
Consume,0202,2022342,MegaJuice,"A futuristic power pack full of liquid fuel synthesized by T-1337.  Looks suspiciously like an energy drink, but drink at your own risk! [Gives +200 Magic Attack for 30 seconds.]",1,1,160,,,Item/Item.wz/Consume/0202.img.xml,Item/Item.wz/Consume/0202.img/02022342/info,Item/Item.wz/Consume/0202.img/02022342/info/icon.png,Item/Item.wz/Consume/0202.img/02022342/info/iconRaw.png
Consume,0202,2022343,GigaJuice,A futuristic power pack full of liquid fuel synthesized by T-1337.  Tasty and strong enough to dissolve rust from machinery!  Drink at your own risk! [Gives +700 Magic Attack for 10 seconds.],1,1,265,,,Item/Item.wz/Consume/0202.img.xml,Item/Item.wz/Consume/0202.img/02022343/info,Item/Item.wz/Consume/0202.img/02022343/info/icon.png,Item/Item.wz/Consume/0202.img/02022343/info/iconRaw.png
Consume,0202,2022344,JigaJuice,"A futuristic power pack full of liquid fuel synthesized by T-1337.  Drink at your own risk!   Gives the user a sudden jolting surge of energy, so use it or lose it! [Gives +1000 Magic Attack for 5 seconds.]",1,1,310,,,Item/Item.wz/Consume/0202.img.xml,Item/Item.wz/Consume/0202.img/02022344/info,Item/Item.wz/Consume/0202.img/02022344/info/icon.png,Item/Item.wz/Consume/0202.img/02022344/info/iconRaw.png
Consume,0202,2022345,The Energizer Drink,"An energizing drink packed with electrolytes. For 30 minutes, you will receive a boost of: Attack +25, Magic Attack +30, Defense +30",1,1,1,,,Item/Item.wz/Consume/0202.img.xml,Item/Item.wz/Consume/0202.img/02022345/info,Item/Item.wz/Consume/0202.img/02022345/info/icon.png,Item/Item.wz/Consume/0202.img/02022345/info/iconRaw.png
Consume,0202,2022352,Fire Grill Skewer,"A delicious holiday food made out of beef, mushroom, and bellflower on a skewer.",1,1,1500,,,Item/Item.wz/Consume/0202.img.xml,Item/Item.wz/Consume/0202.img/02022352/info,Item/Item.wz/Consume/0202.img/02022352/info/icon.png,Item/Item.wz/Consume/0202.img/02022352/info/iconRaw.png
Consume,0202,2022354,Tick-Tock's Egg,This is Tick-Tock's egg. There must be something inside.,1,1,1,,,Item/Item.wz/Consume/0202.img.xml,Item/Item.wz/Consume/0202.img/02022354/info,Item/Item.wz/Consume/0202.img/02022354/info/icon.png,Item/Item.wz/Consume/0202.img/02022354/info/iconRaw.png
Consume,0202,2022355,Cronos' Egg,This is Cronos' egg. There must be something inside.,1,1,1,,,Item/Item.wz/Consume/0202.img.xml,Item/Item.wz/Consume/0202.img/02022355/info,Item/Item.wz/Consume/0202.img/02022355/info/icon.png,Item/Item.wz/Consume/0202.img/02022355/info/iconRaw.png
Consume,0202,2022356,Sweet Rice Cake,"A sweet, tasty rice cake. Recovers 1,500 HP and MP.",1,1,1,,,Item/Item.wz/Consume/0202.img.xml,Item/Item.wz/Consume/0202.img/02022356/info,Item/Item.wz/Consume/0202.img/02022356/info/icon.png,Item/Item.wz/Consume/0202.img/02022356/info/iconRaw.png
Consume,0202,2022357,Sweet Rice Cake,"A sweet, tasty rice cake. ATT +8, MP +8 for 15 minutes.",1,1,1,,,Item/Item.wz/Consume/0202.img.xml,Item/Item.wz/Consume/0202.img/02022357/info,Item/Item.wz/Consume/0202.img/02022357/info/icon.png,Item/Item.wz/Consume/0202.img/02022357/info/iconRaw.png
Consume,0202,2022358,Sweet Rice Cake,"A sweet, tasty rice cake. For 15 min., Speed +5, Jump +3.",1,1,1,,,Item/Item.wz/Consume/0202.img.xml,Item/Item.wz/Consume/0202.img/02022358/info,Item/Item.wz/Consume/0202.img/02022358/info/icon.png,Item/Item.wz/Consume/0202.img/02022358/info/iconRaw.png
Consume,0202,2022359,Increases Physical Attack Rat.,An item that only works inside Mu Lung Dojo.,1,1,,,,Item/Item.wz/Consume/0202.img.xml,Item/Item.wz/Consume/0202.img/02022359/info,Item/Item.wz/Consume/0202.img/02022359/info/icon.png,Item/Item.wz/Consume/0202.img/02022359/info/iconRaw.png
Consume,0202,2022360,Increases Magic Attack Rate.,An item that only works inside Mu Lung Dojo.,1,1,,,,Item/Item.wz/Consume/0202.img.xml,Item/Item.wz/Consume/0202.img/02022360/info,Item/Item.wz/Consume/0202.img/02022360/info/icon.png,Item/Item.wz/Consume/0202.img/02022360/info/iconRaw.png
Consume,0202,2022361,Increases Physical Defense Rate.,An item that only works inside Mu Lung Dojo.,1,1,,,,Item/Item.wz/Consume/0202.img.xml,Item/Item.wz/Consume/0202.img/02022361/info,Item/Item.wz/Consume/0202.img/02022361/info/icon.png,Item/Item.wz/Consume/0202.img/02022361/info/iconRaw.png
Consume,0202,2022362,Increases Magic Defense Rate.,An item that only works inside Mu Lung Dojo.,1,1,,,,Item/Item.wz/Consume/0202.img.xml,Item/Item.wz/Consume/0202.img/02022362/info,Item/Item.wz/Consume/0202.img/02022362/info/icon.png,Item/Item.wz/Consume/0202.img/02022362/info/iconRaw.png
Consume,0202,2022363,Increases Accuracy,An item that only works inside Mu Lung Dojo.,1,1,,,,Item/Item.wz/Consume/0202.img.xml,Item/Item.wz/Consume/0202.img/02022363/info,Item/Item.wz/Consume/0202.img/02022363/info/icon.png,Item/Item.wz/Consume/0202.img/02022363/info/iconRaw.png
Consume,0202,2022364,Increases Avoidability,An item that only works inside Mu Lung Dojo.,1,1,,,,Item/Item.wz/Consume/0202.img.xml,Item/Item.wz/Consume/0202.img/02022364/info,Item/Item.wz/Consume/0202.img/02022364/info/icon.png,Item/Item.wz/Consume/0202.img/02022364/info/iconRaw.png
Consume,0202,2022365,Increases Speed,An item that only works inside Mu Lung Dojo.,1,1,,,,Item/Item.wz/Consume/0202.img.xml,Item/Item.wz/Consume/0202.img/02022365/info,Item/Item.wz/Consume/0202.img/02022365/info/icon.png,Item/Item.wz/Consume/0202.img/02022365/info/iconRaw.png
Consume,0202,2022366,Increases Max HP,An item that only works inside Mu Lung Dojo.,1,1,,,,Item/Item.wz/Consume/0202.img.xml,Item/Item.wz/Consume/0202.img/02022366/info,Item/Item.wz/Consume/0202.img/02022366/info/icon.png,Item/Item.wz/Consume/0202.img/02022366/info/iconRaw.png
Consume,0202,2022367,Increases Max MP,An item that only works inside Mu Lung Dojo.,1,1,,,,Item/Item.wz/Consume/0202.img.xml,Item/Item.wz/Consume/0202.img/02022367/info,Item/Item.wz/Consume/0202.img/02022367/info/icon.png,Item/Item.wz/Consume/0202.img/02022367/info/iconRaw.png
Consume,0202,2022368,Increases Physical Attack Rate,An item that only works inside Mu Lung Dojo.,1,1,,,,Item/Item.wz/Consume/0202.img.xml,Item/Item.wz/Consume/0202.img/02022368/info,Item/Item.wz/Consume/0202.img/02022368/info/icon.png,Item/Item.wz/Consume/0202.img/02022368/info/iconRaw.png
Consume,0202,2022369,Increases Magic Attack Rate,An item that only works inside Mu Lung Dojo.,1,1,,,,Item/Item.wz/Consume/0202.img.xml,Item/Item.wz/Consume/0202.img/02022369/info,Item/Item.wz/Consume/0202.img/02022369/info/icon.png,Item/Item.wz/Consume/0202.img/02022369/info/iconRaw.png
Consume,0202,2022370,Increases Physical Defense Rate,An item that only works inside Mu Lung Dojo.,1,1,,,,Item/Item.wz/Consume/0202.img.xml,Item/Item.wz/Consume/0202.img/02022370/info,Item/Item.wz/Consume/0202.img/02022370/info/icon.png,Item/Item.wz/Consume/0202.img/02022370/info/iconRaw.png
Consume,0202,2022371,Increases Magic Defense Rate,An item that only works inside Mu Lung Dojo.,1,1,,,,Item/Item.wz/Consume/0202.img.xml,Item/Item.wz/Consume/0202.img/02022371/info,Item/Item.wz/Consume/0202.img/02022371/info/icon.png,Item/Item.wz/Consume/0202.img/02022371/info/iconRaw.png
Consume,0202,2022372,Increases Accuracy,An item that only works inside Mu Lung Dojo.,1,1,,,,Item/Item.wz/Consume/0202.img.xml,Item/Item.wz/Consume/0202.img/02022372/info,Item/Item.wz/Consume/0202.img/02022372/info/icon.png,Item/Item.wz/Consume/0202.img/02022372/info/iconRaw.png
Consume,0202,2022373,Increases Avoidability,An item that only works inside Mu Lung Dojo.,1,1,,,,Item/Item.wz/Consume/0202.img.xml,Item/Item.wz/Consume/0202.img/02022373/info,Item/Item.wz/Consume/0202.img/02022373/info/icon.png,Item/Item.wz/Consume/0202.img/02022373/info/iconRaw.png
Consume,0202,2022374,Increases Speed,An item that only works inside Mu Lung Dojo.,1,1,,,,Item/Item.wz/Consume/0202.img.xml,Item/Item.wz/Consume/0202.img/02022374/info,Item/Item.wz/Consume/0202.img/02022374/info/icon.png,Item/Item.wz/Consume/0202.img/02022374/info/iconRaw.png
Consume,0202,2022375,Increases MaxHP,An item that only works inside Mu Lung Dojo.,1,1,,,,Item/Item.wz/Consume/0202.img.xml,Item/Item.wz/Consume/0202.img/02022375/info,Item/Item.wz/Consume/0202.img/02022375/info/icon.png,Item/Item.wz/Consume/0202.img/02022375/info/iconRaw.png
Consume,0202,2022376,Increases Max MP,An item that only works inside Mu Lung Dojo.,1,1,,,,Item/Item.wz/Consume/0202.img.xml,Item/Item.wz/Consume/0202.img/02022376/info,Item/Item.wz/Consume/0202.img/02022376/info/icon.png,Item/Item.wz/Consume/0202.img/02022376/info/iconRaw.png
Consume,0202,2022377,Increases Physical Attack Rate,An item that only works inside Mu Lung Dojo.,1,1,,,,Item/Item.wz/Consume/0202.img.xml,Item/Item.wz/Consume/0202.img/02022377/info,Item/Item.wz/Consume/0202.img/02022377/info/icon.png,Item/Item.wz/Consume/0202.img/02022377/info/iconRaw.png
Consume,0202,2022378,Increases Magic Attack Rate,An item that only works inside Mu Lung Dojo.,1,1,,,,Item/Item.wz/Consume/0202.img.xml,Item/Item.wz/Consume/0202.img/02022378/info,Item/Item.wz/Consume/0202.img/02022378/info/icon.png,Item/Item.wz/Consume/0202.img/02022378/info/iconRaw.png
Consume,0202,2022379,Increases Physical Defense Rate,An item that only works inside Mu Lung Dojo.,1,1,,,,Item/Item.wz/Consume/0202.img.xml,Item/Item.wz/Consume/0202.img/02022379/info,Item/Item.wz/Consume/0202.img/02022379/info/icon.png,Item/Item.wz/Consume/0202.img/02022379/info/iconRaw.png
Consume,0202,2022380,Increases Magic Defense Rate,An item that only works inside Mu Lung Dojo.,1,1,,,,Item/Item.wz/Consume/0202.img.xml,Item/Item.wz/Consume/0202.img/02022380/info,Item/Item.wz/Consume/0202.img/02022380/info/icon.png,Item/Item.wz/Consume/0202.img/02022380/info/iconRaw.png
Consume,0202,2022381,Increases Accuracy,An item that only works inside Mu Lung Dojo.,1,1,,,,Item/Item.wz/Consume/0202.img.xml,Item/Item.wz/Consume/0202.img/02022381/info,Item/Item.wz/Consume/0202.img/02022381/info/icon.png,Item/Item.wz/Consume/0202.img/02022381/info/iconRaw.png
Consume,0202,2022382,Increases Avoidability,An item that only works inside Mu Lung Dojo.,1,1,,,,Item/Item.wz/Consume/0202.img.xml,Item/Item.wz/Consume/0202.img/02022382/info,Item/Item.wz/Consume/0202.img/02022382/info/icon.png,Item/Item.wz/Consume/0202.img/02022382/info/iconRaw.png
Consume,0202,2022383,Increases Speed,An item that only works inside Mu Lung Dojo.,1,1,,,,Item/Item.wz/Consume/0202.img.xml,Item/Item.wz/Consume/0202.img/02022383/info,Item/Item.wz/Consume/0202.img/02022383/info/icon.png,Item/Item.wz/Consume/0202.img/02022383/info/iconRaw.png
Consume,0202,2022384,Increases Max HP,An item that only works inside Mu Lung Dojo.,1,1,,,,Item/Item.wz/Consume/0202.img.xml,Item/Item.wz/Consume/0202.img/02022384/info,Item/Item.wz/Consume/0202.img/02022384/info/icon.png,Item/Item.wz/Consume/0202.img/02022384/info/iconRaw.png
Consume,0202,2022385,Increases Max MP,An item that only works inside Mu Lung Dojo.,1,1,,,,Item/Item.wz/Consume/0202.img.xml,Item/Item.wz/Consume/0202.img/02022385/info,Item/Item.wz/Consume/0202.img/02022385/info/icon.png,Item/Item.wz/Consume/0202.img/02022385/info/iconRaw.png
Consume,0202,2022386,Increases Physical Attack Rate,An item that only works inside Mu Lung Dojo.,1,1,,,,Item/Item.wz/Consume/0202.img.xml,Item/Item.wz/Consume/0202.img/02022386/info,Item/Item.wz/Consume/0202.img/02022386/info/icon.png,Item/Item.wz/Consume/0202.img/02022386/info/iconRaw.png
Consume,0202,2022387,Increases Magic Attack Rate,An item that only works inside Mu Lung Dojo.,1,1,,,,Item/Item.wz/Consume/0202.img.xml,Item/Item.wz/Consume/0202.img/02022387/info,Item/Item.wz/Consume/0202.img/02022387/info/icon.png,Item/Item.wz/Consume/0202.img/02022387/info/iconRaw.png
Consume,0202,2022388,Increases Physical Defense Rate,An item that only works inside Mu Lung Dojo.,1,1,,,,Item/Item.wz/Consume/0202.img.xml,Item/Item.wz/Consume/0202.img/02022388/info,Item/Item.wz/Consume/0202.img/02022388/info/icon.png,Item/Item.wz/Consume/0202.img/02022388/info/iconRaw.png
Consume,0202,2022389,Increases Magic Defense Rate,An item that only works inside Mu Lung Dojo.,1,1,,,,Item/Item.wz/Consume/0202.img.xml,Item/Item.wz/Consume/0202.img/02022389/info,Item/Item.wz/Consume/0202.img/02022389/info/icon.png,Item/Item.wz/Consume/0202.img/02022389/info/iconRaw.png
Consume,0202,2022390,Increases Accuracy,An item that only works inside Mu Lung Dojo.,1,1,,,,Item/Item.wz/Consume/0202.img.xml,Item/Item.wz/Consume/0202.img/02022390/info,Item/Item.wz/Consume/0202.img/02022390/info/icon.png,Item/Item.wz/Consume/0202.img/02022390/info/iconRaw.png
Consume,0202,2022391,Increases Avoidability,An item that only works inside Mu Lung Dojo.,1,1,,,,Item/Item.wz/Consume/0202.img.xml,Item/Item.wz/Consume/0202.img/02022391/info,Item/Item.wz/Consume/0202.img/02022391/info/icon.png,Item/Item.wz/Consume/0202.img/02022391/info/iconRaw.png
Consume,0202,2022392,Increases Speed,An item that only works inside Mu Lung Dojo.,1,1,,,,Item/Item.wz/Consume/0202.img.xml,Item/Item.wz/Consume/0202.img/02022392/info,Item/Item.wz/Consume/0202.img/02022392/info/icon.png,Item/Item.wz/Consume/0202.img/02022392/info/iconRaw.png
Consume,0202,2022393,Increases Max HP,An item that only works inside Mu Lung Dojo.,1,1,,,,Item/Item.wz/Consume/0202.img.xml,Item/Item.wz/Consume/0202.img/02022393/info,Item/Item.wz/Consume/0202.img/02022393/info/icon.png,Item/Item.wz/Consume/0202.img/02022393/info/iconRaw.png
Consume,0202,2022394,Increases Max MP,An item that only works inside Mu Lung Dojo.,1,1,,,,Item/Item.wz/Consume/0202.img.xml,Item/Item.wz/Consume/0202.img/02022394/info,Item/Item.wz/Consume/0202.img/02022394/info/icon.png,Item/Item.wz/Consume/0202.img/02022394/info/iconRaw.png
Consume,0202,2022395,Increases Physical Attack Rate,An item that only works inside Mu Lung Dojo.,1,1,,,,Item/Item.wz/Consume/0202.img.xml,Item/Item.wz/Consume/0202.img/02022395/info,Item/Item.wz/Consume/0202.img/02022395/info/icon.png,Item/Item.wz/Consume/0202.img/02022395/info/iconRaw.png
Consume,0202,2022396,Increases Magic Attack Rate,An item that only works inside Mu Lung Dojo.,1,1,,,,Item/Item.wz/Consume/0202.img.xml,Item/Item.wz/Consume/0202.img/02022396/info,Item/Item.wz/Consume/0202.img/02022396/info/icon.png,Item/Item.wz/Consume/0202.img/02022396/info/iconRaw.png
Consume,0202,2022397,Increases Physical Defense Rate,An item that only works inside Mu Lung Dojo.,1,1,,,,Item/Item.wz/Consume/0202.img.xml,Item/Item.wz/Consume/0202.img/02022397/info,Item/Item.wz/Consume/0202.img/02022397/info/icon.png,Item/Item.wz/Consume/0202.img/02022397/info/iconRaw.png
Consume,0202,2022398,Increases Magic Defense Rate,An item that only works inside Mu Lung Dojo.,1,1,,,,Item/Item.wz/Consume/0202.img.xml,Item/Item.wz/Consume/0202.img/02022398/info,Item/Item.wz/Consume/0202.img/02022398/info/icon.png,Item/Item.wz/Consume/0202.img/02022398/info/iconRaw.png
Consume,0202,2022399,Increases Accuracy,An item that only works inside Mu Lung Dojo.,1,1,,,,Item/Item.wz/Consume/0202.img.xml,Item/Item.wz/Consume/0202.img/02022399/info,Item/Item.wz/Consume/0202.img/02022399/info/icon.png,Item/Item.wz/Consume/0202.img/02022399/info/iconRaw.png
Consume,0202,2022400,Increases Avoidability,An item that only works inside Mu Lung Dojo.,1,1,,,,Item/Item.wz/Consume/0202.img.xml,Item/Item.wz/Consume/0202.img/02022400/info,Item/Item.wz/Consume/0202.img/02022400/info/icon.png,Item/Item.wz/Consume/0202.img/02022400/info/iconRaw.png
Consume,0202,2022401,Increases Speed,An item that only works inside Mu Lung Dojo.,1,1,,,,Item/Item.wz/Consume/0202.img.xml,Item/Item.wz/Consume/0202.img/02022401/info,Item/Item.wz/Consume/0202.img/02022401/info/icon.png,Item/Item.wz/Consume/0202.img/02022401/info/iconRaw.png
Consume,0202,2022402,Increases Max HP,An item that only works inside Mu Lung Dojo.,1,1,,,,Item/Item.wz/Consume/0202.img.xml,Item/Item.wz/Consume/0202.img/02022402/info,Item/Item.wz/Consume/0202.img/02022402/info/icon.png,Item/Item.wz/Consume/0202.img/02022402/info/iconRaw.png
Consume,0202,2022403,Increases Max MP,An item that only works inside Mu Lung Dojo.,1,1,,,,Item/Item.wz/Consume/0202.img.xml,Item/Item.wz/Consume/0202.img/02022403/info,Item/Item.wz/Consume/0202.img/02022403/info/icon.png,Item/Item.wz/Consume/0202.img/02022403/info/iconRaw.png
Consume,0202,2022404,Increases Physical Attack Rate,An item that only works inside Mu Lung Dojo.,1,1,,,,Item/Item.wz/Consume/0202.img.xml,Item/Item.wz/Consume/0202.img/02022404/info,Item/Item.wz/Consume/0202.img/02022404/info/icon.png,Item/Item.wz/Consume/0202.img/02022404/info/iconRaw.png
Consume,0202,2022405,Increases Magic Attack Rate,An item that only works inside Mu Lung Dojo.,1,1,,,,Item/Item.wz/Consume/0202.img.xml,Item/Item.wz/Consume/0202.img/02022405/info,Item/Item.wz/Consume/0202.img/02022405/info/icon.png,Item/Item.wz/Consume/0202.img/02022405/info/iconRaw.png
Consume,0202,2022406,Increases Physical Defense Rate,An item that only works inside Mu Lung Dojo.,1,1,,,,Item/Item.wz/Consume/0202.img.xml,Item/Item.wz/Consume/0202.img/02022406/info,Item/Item.wz/Consume/0202.img/02022406/info/icon.png,Item/Item.wz/Consume/0202.img/02022406/info/iconRaw.png
Consume,0202,2022407,Increases Magic Defense Rate,An item that only works inside Mu Lung Dojo.,1,1,,,,Item/Item.wz/Consume/0202.img.xml,Item/Item.wz/Consume/0202.img/02022407/info,Item/Item.wz/Consume/0202.img/02022407/info/icon.png,Item/Item.wz/Consume/0202.img/02022407/info/iconRaw.png
Consume,0202,2022408,Increases Accuracy,An item that only works inside Mu Lung Dojo.,1,1,,,,Item/Item.wz/Consume/0202.img.xml,Item/Item.wz/Consume/0202.img/02022408/info,Item/Item.wz/Consume/0202.img/02022408/info/icon.png,Item/Item.wz/Consume/0202.img/02022408/info/iconRaw.png
Consume,0202,2022409,Increases Avoidability,An item that only works inside Mu Lung Dojo.,1,1,,,,Item/Item.wz/Consume/0202.img.xml,Item/Item.wz/Consume/0202.img/02022409/info,Item/Item.wz/Consume/0202.img/02022409/info/icon.png,Item/Item.wz/Consume/0202.img/02022409/info/iconRaw.png
Consume,0202,2022410,Increases Speed,An item that only works inside Mu Lung Dojo.,1,1,,,,Item/Item.wz/Consume/0202.img.xml,Item/Item.wz/Consume/0202.img/02022410/info,Item/Item.wz/Consume/0202.img/02022410/info/icon.png,Item/Item.wz/Consume/0202.img/02022410/info/iconRaw.png
Consume,0202,2022411,Increases Max HP,An item that only works inside Mu Lung Dojo.,1,1,,,,Item/Item.wz/Consume/0202.img.xml,Item/Item.wz/Consume/0202.img/02022411/info,Item/Item.wz/Consume/0202.img/02022411/info/icon.png,Item/Item.wz/Consume/0202.img/02022411/info/iconRaw.png
Consume,0202,2022412,Increases Max MP,An item that only works inside Mu Lung Dojo.,1,1,,,,Item/Item.wz/Consume/0202.img.xml,Item/Item.wz/Consume/0202.img/02022412/info,Item/Item.wz/Consume/0202.img/02022412/info/icon.png,Item/Item.wz/Consume/0202.img/02022412/info/iconRaw.png
Consume,0202,2022413,Increases Physical Attack Rate,An item that only works inside Mu Lung Dojo.,1,1,,,,Item/Item.wz/Consume/0202.img.xml,Item/Item.wz/Consume/0202.img/02022413/info,Item/Item.wz/Consume/0202.img/02022413/info/icon.png,Item/Item.wz/Consume/0202.img/02022413/info/iconRaw.png
Consume,0202,2022414,Increases Magic Attack Rate,An item that only works inside Mu Lung Dojo.,1,1,,,,Item/Item.wz/Consume/0202.img.xml,Item/Item.wz/Consume/0202.img/02022414/info,Item/Item.wz/Consume/0202.img/02022414/info/icon.png,Item/Item.wz/Consume/0202.img/02022414/info/iconRaw.png
Consume,0202,2022415,Increases Physical Defense Rate,An item that only works inside Mu Lung Dojo.,1,1,,,,Item/Item.wz/Consume/0202.img.xml,Item/Item.wz/Consume/0202.img/02022415/info,Item/Item.wz/Consume/0202.img/02022415/info/icon.png,Item/Item.wz/Consume/0202.img/02022415/info/iconRaw.png
Consume,0202,2022416,Increases Magic Defense Rate,An item that only works inside Mu Lung Dojo.,1,1,,,,Item/Item.wz/Consume/0202.img.xml,Item/Item.wz/Consume/0202.img/02022416/info,Item/Item.wz/Consume/0202.img/02022416/info/icon.png,Item/Item.wz/Consume/0202.img/02022416/info/iconRaw.png
Consume,0202,2022417,Increases Accuracy,An item that only works inside Mu Lung Dojo.,1,1,,,,Item/Item.wz/Consume/0202.img.xml,Item/Item.wz/Consume/0202.img/02022417/info,Item/Item.wz/Consume/0202.img/02022417/info/icon.png,Item/Item.wz/Consume/0202.img/02022417/info/iconRaw.png
Consume,0202,2022418,Increases Avoidability,An item that only works inside Mu Lung Dojo.,1,1,,,,Item/Item.wz/Consume/0202.img.xml,Item/Item.wz/Consume/0202.img/02022418/info,Item/Item.wz/Consume/0202.img/02022418/info/icon.png,Item/Item.wz/Consume/0202.img/02022418/info/iconRaw.png
Consume,0202,2022419,Increases Speed,An item that only works inside Mu Lung Dojo.,1,1,,,,Item/Item.wz/Consume/0202.img.xml,Item/Item.wz/Consume/0202.img/02022419/info,Item/Item.wz/Consume/0202.img/02022419/info/icon.png,Item/Item.wz/Consume/0202.img/02022419/info/iconRaw.png
Consume,0202,2022420,Increases Max HP,An item that only works inside Mu Lung Dojo.,1,1,,,,Item/Item.wz/Consume/0202.img.xml,Item/Item.wz/Consume/0202.img/02022420/info,Item/Item.wz/Consume/0202.img/02022420/info/icon.png,Item/Item.wz/Consume/0202.img/02022420/info/iconRaw.png
Consume,0202,2022421,Increases Max MP,An item that only works inside Mu Lung Dojo.,1,1,,,,Item/Item.wz/Consume/0202.img.xml,Item/Item.wz/Consume/0202.img/02022421/info,Item/Item.wz/Consume/0202.img/02022421/info/icon.png,Item/Item.wz/Consume/0202.img/02022421/info/iconRaw.png
Consume,0202,2022422,Small Stories,A tape that contains various small stories from daily life. You can fine view its content by double-clicking on it.,1,1,1,,,Item/Item.wz/Consume/0202.img.xml,Item/Item.wz/Consume/0202.img/02022422/info,Item/Item.wz/Consume/0202.img/02022422/info/icon.png,Item/Item.wz/Consume/0202.img/02022422/info/iconRaw.png
Consume,0202,2022423,Gaga's Appreciation,"Gaga's appreciation. For an hour, your attack and magic rate will go up 20, defense rate 100, accuracy and avoidability 50, and speed and jump ability will go up 10.",1,1,,,,Item/Item.wz/Consume/0202.img.xml,Item/Item.wz/Consume/0202.img/02022423/info,Item/Item.wz/Consume/0202.img/02022423/info/icon.png,Item/Item.wz/Consume/0202.img/02022423/info/iconRaw.png
Consume,0202,2022424,Gaga's Appreciation,"Gaga's appreciation. For 20 minutes, your attack rate and magic will go up 10, defense rate 30, accuracy and avoidability 20, and speed and jump ability will go up 3.",1,1,,,,Item/Item.wz/Consume/0202.img.xml,Item/Item.wz/Consume/0202.img/02022424/info,Item/Item.wz/Consume/0202.img/02022424/info/icon.png,Item/Item.wz/Consume/0202.img/02022424/info/iconRaw.png
Consume,0202,2022428,Mysterious Box,"A box with something mysterious inside. I should open it to see what it could be. If it's my lucky day, I might find an awesome gift inside.n#cYou can open it by double-clicking on it.#",1,1,1,,,Item/Item.wz/Consume/0202.img.xml,Item/Item.wz/Consume/0202.img/02022428/info,Item/Item.wz/Consume/0202.img/02022428/info/icon.png,Item/Item.wz/Consume/0202.img/02022428/info/iconRaw.png
Consume,0202,2022429,Protective Shield,It can only be used in Mu Lung Dojo. It blocks an attack up to 3 times.,1,1,1,,,Item/Item.wz/Consume/0202.img.xml,Item/Item.wz/Consume/0202.img/02022429/info,Item/Item.wz/Consume/0202.img/02022429/info/icon.png,Item/Item.wz/Consume/0202.img/02022429/info/iconRaw.png
Consume,0202,2022430,Mu Lung Dojo Mana Elixir,It recovers your MP.,1,1,1,,,Item/Item.wz/Consume/0202.img.xml,Item/Item.wz/Consume/0202.img/02022430/info,Item/Item.wz/Consume/0202.img/02022430/info/icon.png,Item/Item.wz/Consume/0202.img/02022430/info/iconRaw.png
Consume,0202,2022431,Mu Lung Dojo Elixir,It recovers 50% of your HP and MP.,1,1,1,,,Item/Item.wz/Consume/0202.img.xml,Item/Item.wz/Consume/0202.img/02022431/info,Item/Item.wz/Consume/0202.img/02022431/info/icon.png,Item/Item.wz/Consume/0202.img/02022431/info/iconRaw.png
Consume,0202,2022432,Mu Lung Dojo Power Elixir,It recovers both HP and MP.,1,1,1,,,Item/Item.wz/Consume/0202.img.xml,Item/Item.wz/Consume/0202.img/02022432/info,Item/Item.wz/Consume/0202.img/02022432/info/icon.png,Item/Item.wz/Consume/0202.img/02022432/info/iconRaw.png
Consume,0202,2022433,Mu Lung Dojo Cure-All Medicine,It recovers any status error.,1,1,1,,,Item/Item.wz/Consume/0202.img.xml,Item/Item.wz/Consume/0202.img/02022433/info,Item/Item.wz/Consume/0202.img/02022433/info/icon.png,Item/Item.wz/Consume/0202.img/02022433/info/iconRaw.png
Consume,0202,2022434,Warm and Fuzzy Winter,"Weapon Att +20, Magic Att +30 for 15 minutes.",1,1,,,,Item/Item.wz/Consume/0202.img.xml,Item/Item.wz/Consume/0202.img/02022434/info,Item/Item.wz/Consume/0202.img/02022434/info/icon.png,Item/Item.wz/Consume/0202.img/02022434/info/iconRaw.png
Consume,0202,2022436,Holiday Buff,"A Holiday present from the Snow Spirit. For 15 min., Speed +5.",1,1,,,,Item/Item.wz/Consume/0202.img.xml,Item/Item.wz/Consume/0202.img/02022436/info,Item/Item.wz/Consume/0202.img/02022436/info/icon.png,Item/Item.wz/Consume/0202.img/02022436/info/iconRaw.png
Consume,0202,2022437,Holiday Buff,"A Holiday present from the Snow Spirit. For 15 min., Jump +7.",1,1,,,,Item/Item.wz/Consume/0202.img.xml,Item/Item.wz/Consume/0202.img/02022437/info,Item/Item.wz/Consume/0202.img/02022437/info/icon.png,Item/Item.wz/Consume/0202.img/02022437/info/iconRaw.png
Consume,0202,2022438,Holiday Buff,"A Holiday present from the Snow Spirit. For 15 min., Speed and Jump +10.",1,1,,,,Item/Item.wz/Consume/0202.img.xml,Item/Item.wz/Consume/0202.img/02022438/info,Item/Item.wz/Consume/0202.img/02022438/info/icon.png,Item/Item.wz/Consume/0202.img/02022438/info/iconRaw.png
Consume,0202,2022439,Elixir of Darkness,"A mysterious concoction of herbs brewed deep within the mountains of El Nath. [Gives +200 Magic Attack, -25 Defense for 5 minutes.]",1,1,1,,,Item/Item.wz/Consume/0202.img.xml,Item/Item.wz/Consume/0202.img/02022439/info,Item/Item.wz/Consume/0202.img/02022439/info/icon.png,Item/Item.wz/Consume/0202.img/02022439/info/iconRaw.png
Consume,0202,2022440,Gold Dust,Ancient dust found long ago by the miners in El Nath. [Gives +20 Defense for 5 minutes.],1,1,1,,,Item/Item.wz/Consume/0202.img.xml,Item/Item.wz/Consume/0202.img/02022440/info,Item/Item.wz/Consume/0202.img/02022440/info/icon.png,Item/Item.wz/Consume/0202.img/02022440/info/iconRaw.png
Consume,0202,2022441,Adonis Cauldron,"A rather clumsy attempt at potion creation by Adonis. Still useful in the hands of a skilled warrior. [Gives +40 Weapon Attack, +50 Avoidability, -30 Defense for 10 minutes.]",1,1,1,,,Item/Item.wz/Consume/0202.img.xml,Item/Item.wz/Consume/0202.img/02022441/info,Item/Item.wz/Consume/0202.img/02022441/info/icon.png,Item/Item.wz/Consume/0202.img/02022441/info/iconRaw.png
Consume,0202,2022442,Maze Reward,The EXP awarded by completing the maze created by Richie Gold.,1,1,1,,,Item/Item.wz/Consume/0202.img.xml,Item/Item.wz/Consume/0202.img/02022442/info,Item/Item.wz/Consume/0202.img/02022442/info/icon.png,Item/Item.wz/Consume/0202.img/02022442/info/iconRaw.png
Consume,0202,2022443,Fireworks,"The fireworks for celebrating MV's defeat. Speed +5, Physical & Magic Attack +5 for 20 min.",1,1,1,,,Item/Item.wz/Consume/0202.img.xml,Item/Item.wz/Consume/0202.img/02022443/info,Item/Item.wz/Consume/0202.img/02022443/info/icon.png,Item/Item.wz/Consume/0202.img/02022443/info/iconRaw.png
Consume,0202,2022444,Mihile's Blessing,"Once I used the 'Torn Cygnus' Book', a mysterious power covered me and blessed me.",1,1,,,1,Item/Item.wz/Consume/0202.img.xml,Item/Item.wz/Consume/0202.img/02022444/info,Item/Item.wz/Consume/0202.img/02022444/info/icon.png,Item/Item.wz/Consume/0202.img/02022444/info/iconRaw.png
Consume,0202,2022445,Oz's Blessing,"Once I used the 'Torn Cygnus' Book', a mysterious power covered me and blessed me.",1,1,,,1,Item/Item.wz/Consume/0202.img.xml,Item/Item.wz/Consume/0202.img/02022445/info,Item/Item.wz/Consume/0202.img/02022445/info/icon.png,Item/Item.wz/Consume/0202.img/02022445/info/iconRaw.png
Consume,0202,2022446,Irena's Blessing,"Once I used the 'Torn Cygnus' Book', a mysterious power covered me and blessed me.",1,1,,,1,Item/Item.wz/Consume/0202.img.xml,Item/Item.wz/Consume/0202.img/02022446/info,Item/Item.wz/Consume/0202.img/02022446/info/icon.png,Item/Item.wz/Consume/0202.img/02022446/info/iconRaw.png
Consume,0202,2022447,Eckhart's Blessing,"Once I used the 'Torn Cygnus' Book', a mysterious power covered me and blessed me.",1,1,,,1,Item/Item.wz/Consume/0202.img.xml,Item/Item.wz/Consume/0202.img/02022447/info,Item/Item.wz/Consume/0202.img/02022447/info/icon.png,Item/Item.wz/Consume/0202.img/02022447/info/iconRaw.png
Consume,0202,2022448,Hawkeye's Blessing,"Once I used the 'Torn Cygnus' Book', a mysterious power covered me and blessed me.",1,1,,,1,Item/Item.wz/Consume/0202.img.xml,Item/Item.wz/Consume/0202.img/02022448/info,Item/Item.wz/Consume/0202.img/02022448/info/icon.png,Item/Item.wz/Consume/0202.img/02022448/info/iconRaw.png
Consume,0202,2022449,Pink Bean Squad : Victory,"Weapon Attack +35, Magic Attack +45, Weapon Defense +250, Magic Defense +250 for one hour.",1,1,,,,Item/Item.wz/Consume/0202.img.xml,Item/Item.wz/Consume/0202.img/02022449/info,Item/Item.wz/Consume/0202.img/02022449/info/icon.png,Item/Item.wz/Consume/0202.img/02022449/info/iconRaw.png
Consume,0202,2022450,EXP Increase(S),Provides 50 Bonus EXP.,1,1,,,1,Item/Item.wz/Consume/0202.img.xml,Item/Item.wz/Consume/0202.img/02022450/info,Item/Item.wz/Consume/0202.img/02022450/info/icon.png,Item/Item.wz/Consume/0202.img/02022450/info/iconRaw.png
Consume,0202,2022451,EXP Increase(M),Provides 200 Bonus EXP.,1,1,,,1,Item/Item.wz/Consume/0202.img.xml,Item/Item.wz/Consume/0202.img/02022451/info,Item/Item.wz/Consume/0202.img/02022451/info/icon.png,Item/Item.wz/Consume/0202.img/02022451/info/iconRaw.png
Consume,0202,2022452,EXP Increase(L),Provides 500 Bonus EXP.,1,1,,,1,Item/Item.wz/Consume/0202.img.xml,Item/Item.wz/Consume/0202.img/02022452/info,Item/Item.wz/Consume/0202.img/02022452/info/icon.png,Item/Item.wz/Consume/0202.img/02022452/info/iconRaw.png
Consume,0202,2022453,Fireworks,"The fireworks for celebrating MV's defeat. Speed +5, Physical & Magic Attack +5 for 20 min.",1,1,,,10,Item/Item.wz/Consume/0202.img.xml,Item/Item.wz/Consume/0202.img/02022453/info,Item/Item.wz/Consume/0202.img/02022453/info/icon.png,Item/Item.wz/Consume/0202.img/02022453/info/iconRaw.png
Consume,0202,2022454,Cygnus's Blessing,"Once I completed Cygnus' Book, the spirit's power covered me and blessed me.  It increased my Attack Rate by 10, Physical Defense Rate by 80 and  Speed by 5 for 10 minutes.",1,1,,,1,Item/Item.wz/Consume/0202.img.xml,Item/Item.wz/Consume/0202.img/02022454/info,Item/Item.wz/Consume/0202.img/02022454/info/icon.png,Item/Item.wz/Consume/0202.img/02022454/info/iconRaw.png
Consume,0202,2022455,Happy New Year!,"Weapon Att +20, Magic Att +30 for 15 min.",1,1,,,,Item/Item.wz/Consume/0202.img.xml,Item/Item.wz/Consume/0202.img/02022455/info,Item/Item.wz/Consume/0202.img/02022455/info/icon.png,Item/Item.wz/Consume/0202.img/02022455/info/iconRaw.png
Consume,0202,2022456,Elixir,A legendary potion.\nRecovers 50% of HP and MP.,1,1,0,,,Item/Item.wz/Consume/0202.img.xml,Item/Item.wz/Consume/0202.img/02022456/info,Item/Item.wz/Consume/0202.img/02022456/info/icon.png,Item/Item.wz/Consume/0202.img/02022456/info/iconRaw.png
Consume,0202,2022457,Power Elixir,A legendary potion.nFully recovers HP and MP.,1,1,0,,,Item/Item.wz/Consume/0202.img.xml,Item/Item.wz/Consume/0202.img/02022457/info,Item/Item.wz/Consume/0202.img/02022457/info/icon.png,Item/Item.wz/Consume/0202.img/02022457/info/iconRaw.png
Consume,0202,2022458,Shinsoo's Blessing,"For 1 hour, Weapon Att +5, MP +10, Weapon DEF +20, Magic DEF +20, Speed +10.",1,1,,,,Item/Item.wz/Consume/0202.img.xml,Item/Item.wz/Consume/0202.img/02022458/info,Item/Item.wz/Consume/0202.img/02022458/info/icon.png,Item/Item.wz/Consume/0202.img/02022458/info/iconRaw.png
Consume,0202,2022459,Cassandra's Reward 1,"For 1 hour, Meso Drop Rate +30%.",1,1,,,,Item/Item.wz/Consume/0202.img.xml,Item/Item.wz/Consume/0202.img/02022459/info,Item/Item.wz/Consume/0202.img/02022459/info/icon.png,Item/Item.wz/Consume/0202.img/02022459/info/iconRaw.png
Consume,0202,2022460,Cassandra's Reward 2,"For 40 minutes, Meso Drop Rate +50%.",1,1,,,,Item/Item.wz/Consume/0202.img.xml,Item/Item.wz/Consume/0202.img/02022460/info,Item/Item.wz/Consume/0202.img/02022460/info/icon.png,Item/Item.wz/Consume/0202.img/02022460/info/iconRaw.png
Consume,0202,2022461,Cassandra's Reward 3,"For 30 min., Meso Drop Rate 2x.",1,1,,,,Item/Item.wz/Consume/0202.img.xml,Item/Item.wz/Consume/0202.img/02022461/info,Item/Item.wz/Consume/0202.img/02022461/info/icon.png,Item/Item.wz/Consume/0202.img/02022461/info/iconRaw.png
Consume,0202,2022462,Cassandra's Reward 4,"For 1 hour, Item Drop Rate +50%.",1,1,,,,Item/Item.wz/Consume/0202.img.xml,Item/Item.wz/Consume/0202.img/02022462/info,Item/Item.wz/Consume/0202.img/02022462/info/icon.png,Item/Item.wz/Consume/0202.img/02022462/info/iconRaw.png
Consume,0202,2022463,Cassandra's Reward 5,"For 30 min., Item Drop Rate 2x.",1,1,,,,Item/Item.wz/Consume/0202.img.xml,Item/Item.wz/Consume/0202.img/02022463/info,Item/Item.wz/Consume/0202.img/02022463/info/icon.png,Item/Item.wz/Consume/0202.img/02022463/info/iconRaw.png
Consume,0202,2022465,Heartpounding Box,"A box in which no one has a clue what's in it. If the luck in is your side, then a beautiful present might be in store.n#cDouble-click to open.#",1,1,1,,,Item/Item.wz/Consume/0202.img.xml,Item/Item.wz/Consume/0202.img/02022465/info,Item/Item.wz/Consume/0202.img/02022465/info/icon.png,Item/Item.wz/Consume/0202.img/02022465/info/iconRaw.png
Consume,0202,2022466,Heartpounding Box,"A box in which no one has a clue what's in it. If the luck in is your side, then a beautiful present might be in store.n#cDouble-click to open.#",1,1,1,,,Item/Item.wz/Consume/0202.img.xml,Item/Item.wz/Consume/0202.img/02022466/info,Item/Item.wz/Consume/0202.img/02022466/info/icon.png,Item/Item.wz/Consume/0202.img/02022466/info/iconRaw.png
Consume,0202,2022467,Heartpounding Box,"A box in which no one has a clue what's in it. If the luck in is your side, then a beautiful present might be in store.n#cDouble-click to open.#",1,1,1,,,Item/Item.wz/Consume/0202.img.xml,Item/Item.wz/Consume/0202.img/02022467/info,Item/Item.wz/Consume/0202.img/02022467/info/icon.png,Item/Item.wz/Consume/0202.img/02022467/info/iconRaw.png
Consume,0202,2022468,Heartpounding Box,"A box in which no one has a clue what's in it. If the luck in is your side, then a beautiful present might be in store.n#cDouble-click to open.#",1,1,1,,,Item/Item.wz/Consume/0202.img.xml,Item/Item.wz/Consume/0202.img/02022468/info,Item/Item.wz/Consume/0202.img/02022468/info/icon.png,Item/Item.wz/Consume/0202.img/02022468/info/iconRaw.png
Consume,0202,2022476,Chicken Kapitan,"A popular Malaysian dish. This mild curry contains chicken pieces with rich coconut milk, onions and spices. \nRecovers 4000 HP.",1,1,2100,,,Item/Item.wz/Consume/0202.img.xml,Item/Item.wz/Consume/0202.img/02022476/info,Item/Item.wz/Consume/0202.img/02022476/info/icon.png,Item/Item.wz/Consume/0202.img/02022476/info/iconRaw.png
Consume,0202,2022477,Mee Siam,"A popular Malaysian dish made up of thin rice noodles. Served with salted soy beans, dried bean curd, boiled egg and tamarind. \nRecovers 4000 MP.",1,1,4600,,,Item/Item.wz/Consume/0202.img.xml,Item/Item.wz/Consume/0202.img/02022477/info,Item/Item.wz/Consume/0202.img/02022477/info/icon.png,Item/Item.wz/Consume/0202.img/02022477/info/iconRaw.png
Consume,0202,2022478,Rojak,"This famous dish is served with generous amounts of sweet thick, spicy peanut sauce with bean curds, prawn fritters, hard-boiled eggs and bean sprouts.\nRecovers 1000 HP and 1000 MP.",1,1,1600,,,Item/Item.wz/Consume/0202.img.xml,Item/Item.wz/Consume/0202.img/02022478/info,Item/Item.wz/Consume/0202.img/02022478/info/icon.png,Item/Item.wz/Consume/0202.img/02022478/info/iconRaw.png
Consume,0202,2022479,Kangkung belacan,This spicy vegetable dish is served with KanKung (water spinach) and spicy sambal.nImproves Weapon Attack and Magic Attack +8 for 10 minutes.,1,1,1900,,,Item/Item.wz/Consume/0202.img.xml,Item/Item.wz/Consume/0202.img/02022479/info,Item/Item.wz/Consume/0202.img/02022479/info/icon.png,Item/Item.wz/Consume/0202.img/02022479/info/iconRaw.png
Consume,0202,2022480,Kuih,"These sweet, bite-sized delights are a favorite pastry dish served during parties and just for tea.nImproves Speed +10 for 30 minutes.",1,1,6000,,,Item/Item.wz/Consume/0202.img.xml,Item/Item.wz/Consume/0202.img/02022480/info,Item/Item.wz/Consume/0202.img/02022480/info/icon.png,Item/Item.wz/Consume/0202.img/02022480/info/iconRaw.png
Consume,0202,2022481,Mysterious Maple,The excitement of waiting for an adventure makes you feel good. Weapon and Magic Defense +10.,1,1,1,,,Item/Item.wz/Consume/0202.img.xml,Item/Item.wz/Consume/0202.img/02022481/info,Item/Item.wz/Consume/0202.img/02022481/info/icon.png,Item/Item.wz/Consume/0202.img/02022481/info/iconRaw.png
Consume,0202,2022482,Pigmy's Wings,Pigmy's Wings can be used to grant Speed +8.,1,1,1,,,Item/Item.wz/Consume/0202.img.xml,Item/Item.wz/Consume/0202.img/02022482/info,Item/Item.wz/Consume/0202.img/02022482/info/icon.png,Item/Item.wz/Consume/0202.img/02022482/info/iconRaw.png
Consume,0202,2022496,Cassandra's Star,Blessings from the star given to explorers who participated in the Starlight Festival. Weapon and Magic Defense +5 for 15 minutes.,1,1,1,,,Item/Item.wz/Consume/0202.img.xml,Item/Item.wz/Consume/0202.img/02022496/info,Item/Item.wz/Consume/0202.img/02022496/info/icon.png,Item/Item.wz/Consume/0202.img/02022496/info/iconRaw.png
Consume,0202,2022499,Point Improvement Treasure Chest,Improves point acquisition in the Biscuit Map.,1,1,1,,,Item/Item.wz/Consume/0202.img.xml,Item/Item.wz/Consume/0202.img/02022499/info,Item/Item.wz/Consume/0202.img/02022499/info/icon.png,Item/Item.wz/Consume/0202.img/02022499/info/iconRaw.png
Consume,0202,2022500,Point Increase Treasure Chest,Improves point acquisition in the Biscuit Map for 1 minute.,1,1,1,,,Item/Item.wz/Consume/0202.img.xml,Item/Item.wz/Consume/0202.img/02022500/info,Item/Item.wz/Consume/0202.img/02022500/info/icon.png,Item/Item.wz/Consume/0202.img/02022500/info/iconRaw.png
Consume,0202,2022501,Geppetto's Writing Analysis,Your Speed and Jump skills have increased because Geppetto has deciphered the letters.,1,1,,,,Item/Item.wz/Consume/0202.img.xml,Item/Item.wz/Consume/0202.img/02022501/info,Item/Item.wz/Consume/0202.img/02022501/info/icon.png,Item/Item.wz/Consume/0202.img/02022501/info/iconRaw.png
Consume,0202,2022502,Hero's Gladius,Tristan's Powerful Strength,1,1,,,,Item/Item.wz/Consume/0202.img.xml,Item/Item.wz/Consume/0202.img/02022502/info,Item/Item.wz/Consume/0202.img/02022502/info/icon.png,Item/Item.wz/Consume/0202.img/02022502/info/iconRaw.png
Consume,0202,2022503,Golden Pig's Shiny Egg,An egg from a Golden Pig. You cannot tell what's inside. Double-click to crack it open.,1,1,1,,,Item/Item.wz/Consume/0202.img.xml,Item/Item.wz/Consume/0202.img/02022503/info,Item/Item.wz/Consume/0202.img/02022503/info/icon.png,Item/Item.wz/Consume/0202.img/02022503/info/iconRaw.png
Consume,0202,2022504,Golden Pig's Shiny Egg,An egg from a Golden Pig. You cannot tell what's inside. Double-click to crack it open.,1,1,1,,,Item/Item.wz/Consume/0202.img.xml,Item/Item.wz/Consume/0202.img/02022504/info,Item/Item.wz/Consume/0202.img/02022504/info/icon.png,Item/Item.wz/Consume/0202.img/02022504/info/iconRaw.png
Consume,0202,2022505,Golden Pig's Shiny Egg,An egg from a Golden Pig. You cannot tell what's inside. Double-click to crack it open.,1,1,1,,,Item/Item.wz/Consume/0202.img.xml,Item/Item.wz/Consume/0202.img/02022505/info,Item/Item.wz/Consume/0202.img/02022505/info/icon.png,Item/Item.wz/Consume/0202.img/02022505/info/iconRaw.png
Consume,0202,2022506,Golden Pig's Shiny Egg,An egg from a Golden Pig. You cannot tell what's inside. Double-click to crack it open.,1,1,1,,,Item/Item.wz/Consume/0202.img.xml,Item/Item.wz/Consume/0202.img/02022506/info,Item/Item.wz/Consume/0202.img/02022506/info/icon.png,Item/Item.wz/Consume/0202.img/02022506/info/iconRaw.png
Consume,0202,2022507,Golden Pig's Shiny Egg,An egg from a Golden Pig. You cannot tell what's inside. Double-click to crack it open.,1,1,1,,,Item/Item.wz/Consume/0202.img.xml,Item/Item.wz/Consume/0202.img/02022507/info,Item/Item.wz/Consume/0202.img/02022507/info/icon.png,Item/Item.wz/Consume/0202.img/02022507/info/iconRaw.png
Consume,0202,2022508,Golden Pig's Shiny Egg,An egg from a Golden Pig. You cannot tell what's inside. Double-click to crack it open.,1,1,1,,,Item/Item.wz/Consume/0202.img.xml,Item/Item.wz/Consume/0202.img/02022508/info,Item/Item.wz/Consume/0202.img/02022508/info/icon.png,Item/Item.wz/Consume/0202.img/02022508/info/iconRaw.png
Consume,0202,2022509,Golden Pig's Shiny Egg,An egg from a Golden Pig. You cannot tell what's inside. Double-click to crack it open.,1,1,1,,,Item/Item.wz/Consume/0202.img.xml,Item/Item.wz/Consume/0202.img/02022509/info,Item/Item.wz/Consume/0202.img/02022509/info/icon.png,Item/Item.wz/Consume/0202.img/02022509/info/iconRaw.png
Consume,0202,2022510,Golden Pig's Shiny Egg,An egg from a Golden Pig. You cannot tell what's inside. Double-click to crack it open.,1,1,1,,,Item/Item.wz/Consume/0202.img.xml,Item/Item.wz/Consume/0202.img/02022510/info,Item/Item.wz/Consume/0202.img/02022510/info/icon.png,Item/Item.wz/Consume/0202.img/02022510/info/iconRaw.png
Consume,0202,2022511,Golden Pig's Shiny Egg,An egg from a Golden Pig. You cannot tell what's inside. Double-click to crack it open.,1,1,1,,,Item/Item.wz/Consume/0202.img.xml,Item/Item.wz/Consume/0202.img/02022511/info,Item/Item.wz/Consume/0202.img/02022511/info/icon.png,Item/Item.wz/Consume/0202.img/02022511/info/iconRaw.png
Consume,0202,2022512,Golden Pig's Shiny Egg,An egg from a Golden Pig. You cannot tell what's inside. Double-click to crack it open.,1,1,1,,,Item/Item.wz/Consume/0202.img.xml,Item/Item.wz/Consume/0202.img/02022512/info,Item/Item.wz/Consume/0202.img/02022512/info/icon.png,Item/Item.wz/Consume/0202.img/02022512/info/iconRaw.png
Consume,0202,2022513,Golden Pig's Shiny Egg,An egg from a Golden Pig. You cannot tell what's inside. Double-click to crack it open.,1,1,1,,,Item/Item.wz/Consume/0202.img.xml,Item/Item.wz/Consume/0202.img/02022513/info,Item/Item.wz/Consume/0202.img/02022513/info/icon.png,Item/Item.wz/Consume/0202.img/02022513/info/iconRaw.png
Consume,0202,2022514,Golden Pig's Dazzling Egg,An egg from a Golden Pig. You cannot tell what's inside. Double-click to crack it open.,1,1,1,,,Item/Item.wz/Consume/0202.img.xml,Item/Item.wz/Consume/0202.img/02022514/info,Item/Item.wz/Consume/0202.img/02022514/info/icon.png,Item/Item.wz/Consume/0202.img/02022514/info/iconRaw.png
Consume,0202,2022515,Golden Pig's Dazzling Egg,An egg from a Golden Pig. You cannot tell what's inside. Double-click to crack it open.,1,1,1,,,Item/Item.wz/Consume/0202.img.xml,Item/Item.wz/Consume/0202.img/02022515/info,Item/Item.wz/Consume/0202.img/02022515/info/icon.png,Item/Item.wz/Consume/0202.img/02022515/info/iconRaw.png
Consume,0202,2022516,Golden Pig's Dazzling Egg,An egg from a Golden Pig. You cannot tell what's inside. Double-click to crack it open.,1,1,1,,,Item/Item.wz/Consume/0202.img.xml,Item/Item.wz/Consume/0202.img/02022516/info,Item/Item.wz/Consume/0202.img/02022516/info/icon.png,Item/Item.wz/Consume/0202.img/02022516/info/iconRaw.png
Consume,0202,2022517,Golden Pig's Dazzling Egg,An egg from a Golden Pig. You cannot tell what's inside. Double-click to crack it open.,1,1,1,,,Item/Item.wz/Consume/0202.img.xml,Item/Item.wz/Consume/0202.img/02022517/info,Item/Item.wz/Consume/0202.img/02022517/info/icon.png,Item/Item.wz/Consume/0202.img/02022517/info/iconRaw.png
Consume,0202,2022518,Golden Pig's Dazzling Egg,An egg from a Golden Pig. You cannot tell what's inside. Double-click to crack it open.,1,1,1,,,Item/Item.wz/Consume/0202.img.xml,Item/Item.wz/Consume/0202.img/02022518/info,Item/Item.wz/Consume/0202.img/02022518/info/icon.png,Item/Item.wz/Consume/0202.img/02022518/info/iconRaw.png
Consume,0202,2022519,Golden Pig's Dazzling Egg,An egg from a Golden Pig. You cannot tell what's inside. Double-click to crack it open.,1,1,1,,,Item/Item.wz/Consume/0202.img.xml,Item/Item.wz/Consume/0202.img/02022519/info,Item/Item.wz/Consume/0202.img/02022519/info/icon.png,Item/Item.wz/Consume/0202.img/02022519/info/iconRaw.png
Consume,0202,2022520,Golden Pig's Dazzling Egg,An egg from a Golden Pig. You cannot tell what's inside. Double-click to crack it open.,1,1,1,,,Item/Item.wz/Consume/0202.img.xml,Item/Item.wz/Consume/0202.img/02022520/info,Item/Item.wz/Consume/0202.img/02022520/info/icon.png,Item/Item.wz/Consume/0202.img/02022520/info/iconRaw.png
Consume,0202,2022521,Golden Pig's Dazzling Egg,An egg from a Golden Pig. You cannot tell what's inside. Double-click to crack it open.,1,1,1,,,Item/Item.wz/Consume/0202.img.xml,Item/Item.wz/Consume/0202.img/02022521/info,Item/Item.wz/Consume/0202.img/02022521/info/icon.png,Item/Item.wz/Consume/0202.img/02022521/info/iconRaw.png
Consume,0202,2022522,Golden Pig's Dazzling Egg,An egg from a Golden Pig. You cannot tell what's inside. Double-click to crack it open.,1,1,1,,,Item/Item.wz/Consume/0202.img.xml,Item/Item.wz/Consume/0202.img/02022522/info,Item/Item.wz/Consume/0202.img/02022522/info/icon.png,Item/Item.wz/Consume/0202.img/02022522/info/iconRaw.png
Consume,0202,2022523,Golden Pig's Dazzling Egg,An egg from a Golden Pig. You cannot tell what's inside. Double-click to crack it open.,1,1,1,,,Item/Item.wz/Consume/0202.img.xml,Item/Item.wz/Consume/0202.img/02022523/info,Item/Item.wz/Consume/0202.img/02022523/info/icon.png,Item/Item.wz/Consume/0202.img/02022523/info/iconRaw.png
Consume,0202,2022524,Golden Pig's Dazzling Egg,An egg from a Golden Pig. You cannot tell what's inside. Double-click to crack it open.,1,1,1,,,Item/Item.wz/Consume/0202.img.xml,Item/Item.wz/Consume/0202.img/02022524/info,Item/Item.wz/Consume/0202.img/02022524/info/icon.png,Item/Item.wz/Consume/0202.img/02022524/info/iconRaw.png
Consume,0202,2022526,Azalea,A spring flower that especially enjoys sunlight. Restores approximately 2000 HP.,1,1,750,,,Item/Item.wz/Consume/0202.img.xml,Item/Item.wz/Consume/0202.img/02022526/info,Item/Item.wz/Consume/0202.img/02022526/info/icon.png,Item/Item.wz/Consume/0202.img/02022526/info/iconRaw.png
Consume,0202,2022527,Forsythia,The first flower to bloom in the spring. Restores approximately 2000 HP.,1,1,750,,,Item/Item.wz/Consume/0202.img.xml,Item/Item.wz/Consume/0202.img/02022527/info,Item/Item.wz/Consume/0202.img/02022527/info/icon.png,Item/Item.wz/Consume/0202.img/02022527/info/iconRaw.png
Consume,0202,2022528,Clover,A spring flower that symbolizes good luck. Restores approximately 2000 HP.,1,1,750,,,Item/Item.wz/Consume/0202.img.xml,Item/Item.wz/Consume/0202.img/02022528/info,Item/Item.wz/Consume/0202.img/02022528/info/icon.png,Item/Item.wz/Consume/0202.img/02022528/info/iconRaw.png
Consume,0202,2022529,Meaning of Azaleas,The meaning of Azaleas is love. 2x Meso drops for 30 minutes.,1,1,,,,Item/Item.wz/Consume/0202.img.xml,Item/Item.wz/Consume/0202.img/02022529/info,Item/Item.wz/Consume/0202.img/02022529/info/icon.png,Item/Item.wz/Consume/0202.img/02022529/info/iconRaw.png
Consume,0202,2022530,Meaning of Forsythias,The meaning of Forsythias is hope. 2X item drops for 30 minutes.,1,1,,,,Item/Item.wz/Consume/0202.img.xml,Item/Item.wz/Consume/0202.img/02022530/info,Item/Item.wz/Consume/0202.img/02022530/info/icon.png,Item/Item.wz/Consume/0202.img/02022530/info/iconRaw.png
Consume,0202,2022531,Meaning of Clovers,The meaning of Clovers in luck.  2X item drops for 1 hour.,1,1,,,,Item/Item.wz/Consume/0202.img.xml,Item/Item.wz/Consume/0202.img/02022531/info,Item/Item.wz/Consume/0202.img/02022531/info/icon.png,Item/Item.wz/Consume/0202.img/02022531/info/iconRaw.png
Consume,0202,2022536,Underground Temple's Seal,The Seal's energy has been placed on the Underground Temple in order to trap the Balrog inside. It restricts the abilites of all living things.,1,1,,,,Item/Item.wz/Consume/0202.img.xml,Item/Item.wz/Consume/0202.img/02022536/info,Item/Item.wz/Consume/0202.img/02022536/info/icon.png,Item/Item.wz/Consume/0202.img/02022536/info/iconRaw.png
Consume,0202,2022537,Gladius' Strength,The abilites of the person wieldng the Hero's Gladius is amplified under the protection of Tristan. Weapon ATT +30 and Magic ATT +30.,1,1,,,,Item/Item.wz/Consume/0202.img.xml,Item/Item.wz/Consume/0202.img/02022537/info,Item/Item.wz/Consume/0202.img/02022537/info/icon.png,Item/Item.wz/Consume/0202.img/02022537/info/iconRaw.png
Consume,0202,2022538,Red Easter Egg,A freshly boiled egg colored in red. Recovers 400 HP and MP.,1,1,1,,100,Item/Item.wz/Consume/0202.img.xml,Item/Item.wz/Consume/0202.img/02022538/info,Item/Item.wz/Consume/0202.img/02022538/info/icon.png,Item/Item.wz/Consume/0202.img/02022538/info/iconRaw.png
Consume,0202,2022539,Cry of a Little Lamb,Wolves slow down when they hear a lamb cry.,1,1,,,5,Item/Item.wz/Consume/0202.img.xml,Item/Item.wz/Consume/0202.img/02022539/info,Item/Item.wz/Consume/0202.img/02022539/info/icon.png,Item/Item.wz/Consume/0202.img/02022539/info/iconRaw.png
Consume,0202,2022540,Danger Escape,Movement speed increased for 3 seconds.,1,1,,,5,Item/Item.wz/Consume/0202.img.xml,Item/Item.wz/Consume/0202.img/02022540/info,Item/Item.wz/Consume/0202.img/02022540/info/icon.png,Item/Item.wz/Consume/0202.img/02022540/info/iconRaw.png
Consume,0202,2022541,Self Protection,Protects from a Wolf's attack 1 time.,1,1,,,3,Item/Item.wz/Consume/0202.img.xml,Item/Item.wz/Consume/0202.img/02022541/info,Item/Item.wz/Consume/0202.img/02022541/info/icon.png,Item/Item.wz/Consume/0202.img/02022541/info/iconRaw.png
Consume,0202,2022542,Little Lamb's Surprise Attack,"Attacks a Wolf's back, temporarily immobolizing it.",1,1,,,1,Item/Item.wz/Consume/0202.img.xml,Item/Item.wz/Consume/0202.img/02022542/info,Item/Item.wz/Consume/0202.img/02022542/info/icon.png,Item/Item.wz/Consume/0202.img/02022542/info/iconRaw.png
Consume,0202,2022543,Great Confusion,Causes the sheep to become confused and lose direction.,1,1,,,5,Item/Item.wz/Consume/0202.img.xml,Item/Item.wz/Consume/0202.img/02022543/info,Item/Item.wz/Consume/0202.img/02022543/info/icon.png,Item/Item.wz/Consume/0202.img/02022543/info/iconRaw.png
Consume,0202,2022544,White Elixir,A legendary potion. \nRecovers 50% HP and MP and cancels abnormal statuses. It can recover all abnormal statuses.,1,1,1,,,Item/Item.wz/Consume/0202.img.xml,Item/Item.wz/Consume/0202.img/02022544/info,Item/Item.wz/Consume/0202.img/02022544/info/icon.png,Item/Item.wz/Consume/0202.img/02022544/info/iconRaw.png
Consume,0202,2022545,Dynamite Drink EX,"A drink with ""Energy Boost"" written on the label. Consuming this drink will grant ATT +25, MP +30, DEF +30, and Jump +10 for 30 minutes.",1,1,1,,,Item/Item.wz/Consume/0202.img.xml,Item/Item.wz/Consume/0202.img/02022545/info,Item/Item.wz/Consume/0202.img/02022545/info/icon.png,Item/Item.wz/Consume/0202.img/02022545/info/iconRaw.png
Consume,0202,2022546,Energy Drink,Consuming this drink will increase MAX HP for a set amount of time.,1,1,1,,,Item/Item.wz/Consume/0202.img.xml,Item/Item.wz/Consume/0202.img/02022546/info,Item/Item.wz/Consume/0202.img/02022546/info/icon.png,Item/Item.wz/Consume/0202.img/02022546/info/iconRaw.png
Consume,0202,2022547,Sound of the Sheep's Bells,Slows wolves' movement speed.,1,1,,,1,Item/Item.wz/Consume/0202.img.xml,Item/Item.wz/Consume/0202.img/02022547/info,Item/Item.wz/Consume/0202.img/02022547/info/icon.png,Item/Item.wz/Consume/0202.img/02022547/info/iconRaw.png
Consume,0202,2022548,Sound of the Wolf's Bells,Sheep are temporarily unable to move.,1,1,,,1,Item/Item.wz/Consume/0202.img.xml,Item/Item.wz/Consume/0202.img/02022548/info,Item/Item.wz/Consume/0202.img/02022548/info/icon.png,Item/Item.wz/Consume/0202.img/02022548/info/iconRaw.png
Consume,0202,2022549,Wolf's Threat,"Intimidates the sheep, making them weaker.",1,1,,,5,Item/Item.wz/Consume/0202.img.xml,Item/Item.wz/Consume/0202.img/02022549/info,Item/Item.wz/Consume/0202.img/02022549/info/icon.png,Item/Item.wz/Consume/0202.img/02022549/info/iconRaw.png
Consume,0202,2022550,Sheep Ranch Golden ? Egg,A golden egg that can only be obtained at the Sheep Ranch. It has a question mark engraved on it. Double-click to find out what's inside.,1,1,1,,1,Item/Item.wz/Consume/0202.img.xml,Item/Item.wz/Consume/0202.img/02022550/info,Item/Item.wz/Consume/0202.img/02022550/info/icon.png,Item/Item.wz/Consume/0202.img/02022550/info/iconRaw.png
Consume,0202,2022552,6th Anniversary Gift Box,A gift box celebrating Maple Story's 6th Anniversary. What could be inside? rn#cCan be opened by double-clicking.#,1,1,1,,,Item/Item.wz/Consume/0202.img.xml,Item/Item.wz/Consume/0202.img/02022552/info,Item/Item.wz/Consume/0202.img/02022552/info/icon.png,Item/Item.wz/Consume/0202.img/02022552/info/iconRaw.png
Consume,0202,2022553,Crackers's Buff,"A buff that Crackers has placed on the Witch's Treasure. Weapon and Magic Attack +10, Defense +20, Accuracy +20, and Avoidability +20 for 40 minutes.",1,1,,,,Item/Item.wz/Consume/0202.img.xml,Item/Item.wz/Consume/0202.img/02022553/info,Item/Item.wz/Consume/0202.img/02022553/info/icon.png,Item/Item.wz/Consume/0202.img/02022553/info/iconRaw.png
Consume,0202,2022554,Independence Day Firecracker 1,"This firecracker has been specially made to celebrate July 4th, 1776, our Independence Day. For 10 minutes, Speed and Jump increase by 5.",1,1,,,100,Item/Item.wz/Consume/0202.img.xml,Item/Item.wz/Consume/0202.img/02022554/info,Item/Item.wz/Consume/0202.img/02022554/info/icon.png,Item/Item.wz/Consume/0202.img/02022554/info/iconRaw.png
Consume,0202,2022555,Independence Day Firecracker 2,"This firecracker has been specially made to celebrate July 4th, 1776, our Independence Day. For 10 minutes, Attack and Magic increase by 5.",1,1,,,100,Item/Item.wz/Consume/0202.img.xml,Item/Item.wz/Consume/0202.img/02022555/info,Item/Item.wz/Consume/0202.img/02022555/info/icon.png,Item/Item.wz/Consume/0202.img/02022555/info/iconRaw.png
Consume,0202,2022556,Independence Day Firecracker 3,"This firecracker has been specially made to celebrate July 4th, 1776, our Independence Day. For 10 minutes, Def. and Magic Def. increase by 10.",1,1,,,100,Item/Item.wz/Consume/0202.img.xml,Item/Item.wz/Consume/0202.img/02022556/info,Item/Item.wz/Consume/0202.img/02022556/info/icon.png,Item/Item.wz/Consume/0202.img/02022556/info/iconRaw.png
Consume,0202,2022562,Artifact Hunt Encouragement Buff,"A buff to encourage you upon accumulating 2,500 points in the Artifact Hunt. Attack +3, Magic Attack +6, Speed +6",1,1,,,,Item/Item.wz/Consume/0202.img.xml,Item/Item.wz/Consume/0202.img/02022562/info,Item/Item.wz/Consume/0202.img/02022562/info/icon.png,Item/Item.wz/Consume/0202.img/02022562/info/iconRaw.png
Consume,0202,2022563,Artifact Hunt Encouragement Buff,"A buff to encourage you upon accumulating 4,000 points in the Artifact Hunt. Attack +5, Magic Attack +10, Speed +15",1,1,,,,Item/Item.wz/Consume/0202.img.xml,Item/Item.wz/Consume/0202.img/02022563/info,Item/Item.wz/Consume/0202.img/02022563/info/icon.png,Item/Item.wz/Consume/0202.img/02022563/info/iconRaw.png
Consume,0202,2022564,Aran Paper Box,"A paper box containing a special present commemorating the Aran release. It is well-packed, so you may need to #cdouble-click# to open.",1,1,1,,,Item/Item.wz/Consume/0202.img.xml,Item/Item.wz/Consume/0202.img/02022564/info,Item/Item.wz/Consume/0202.img/02022564/info/icon.png,Item/Item.wz/Consume/0202.img/02022564/info/iconRaw.png
Consume,0202,2022570,King Pepe Warrior Weapon Box,King Pepe's box containing a Warrior weapon.,1,1,,,,Item/Item.wz/Consume/0202.img.xml,Item/Item.wz/Consume/0202.img/02022570/info,Item/Item.wz/Consume/0202.img/02022570/info/icon.png,Item/Item.wz/Consume/0202.img/02022570/info/iconRaw.png
Consume,0202,2022571,King Pepe Magician Weapon Box,King Pepe's box containing a Magician weapon.,1,1,,,,Item/Item.wz/Consume/0202.img.xml,Item/Item.wz/Consume/0202.img/02022571/info,Item/Item.wz/Consume/0202.img/02022571/info/icon.png,Item/Item.wz/Consume/0202.img/02022571/info/iconRaw.png
Consume,0202,2022572,King Pepe Bowman Weapon Box,King Pepe's box containing a Bowman weapon.,1,1,,,,Item/Item.wz/Consume/0202.img.xml,Item/Item.wz/Consume/0202.img/02022572/info,Item/Item.wz/Consume/0202.img/02022572/info/icon.png,Item/Item.wz/Consume/0202.img/02022572/info/iconRaw.png
Consume,0202,2022573,King Pepe Thief Weapon Box,King Pepe's box containing a Thief weapon.,1,1,,,,Item/Item.wz/Consume/0202.img.xml,Item/Item.wz/Consume/0202.img/02022573/info,Item/Item.wz/Consume/0202.img/02022573/info/icon.png,Item/Item.wz/Consume/0202.img/02022573/info/iconRaw.png
Consume,0202,2022574,King Pepe Pirate Weapon Box,King Pepe's box containing a Pirate weapon.,1,1,,,,Item/Item.wz/Consume/0202.img.xml,Item/Item.wz/Consume/0202.img/02022574/info,Item/Item.wz/Consume/0202.img/02022574/info/icon.png,Item/Item.wz/Consume/0202.img/02022574/info/iconRaw.png
Consume,0202,2022575,King Pepe Warrior Armor Box,King Pepe's box containing armor for Warriors.,1,1,,,,Item/Item.wz/Consume/0202.img.xml,Item/Item.wz/Consume/0202.img/02022575/info,Item/Item.wz/Consume/0202.img/02022575/info/icon.png,Item/Item.wz/Consume/0202.img/02022575/info/iconRaw.png
Consume,0202,2022576,King Pepe Magician Armor Box,King Pepe's box containing armor for Magicians.,1,1,,,,Item/Item.wz/Consume/0202.img.xml,Item/Item.wz/Consume/0202.img/02022576/info,Item/Item.wz/Consume/0202.img/02022576/info/icon.png,Item/Item.wz/Consume/0202.img/02022576/info/iconRaw.png
Consume,0202,2022577,King Pepe Bowman Armor Box,King Pepe's box containing armor for Bowmen.,1,1,,,,Item/Item.wz/Consume/0202.img.xml,Item/Item.wz/Consume/0202.img/02022577/info,Item/Item.wz/Consume/0202.img/02022577/info/icon.png,Item/Item.wz/Consume/0202.img/02022577/info/iconRaw.png
Consume,0202,2022578,King Pepe Thief Armor Box,King Pepe's box containing armor for Thieves.,1,1,,,,Item/Item.wz/Consume/0202.img.xml,Item/Item.wz/Consume/0202.img/02022578/info,Item/Item.wz/Consume/0202.img/02022578/info/icon.png,Item/Item.wz/Consume/0202.img/02022578/info/iconRaw.png
Consume,0202,2022579,King Pepe Pirate Armor Box,King Pepe's box containing armor for Pirates.,1,1,,,,Item/Item.wz/Consume/0202.img.xml,Item/Item.wz/Consume/0202.img/02022579/info,Item/Item.wz/Consume/0202.img/02022579/info/icon.png,Item/Item.wz/Consume/0202.img/02022579/info/iconRaw.png
Consume,0202,2022580,King Pepe Warrior Box,King Pepe's box containing an equipment item for Warriors.,1,1,,,,Item/Item.wz/Consume/0202.img.xml,Item/Item.wz/Consume/0202.img/02022580/info,Item/Item.wz/Consume/0202.img/02022580/info/icon.png,Item/Item.wz/Consume/0202.img/02022580/info/iconRaw.png
Consume,0202,2022581,King Pepe Magician Box,King Pepe's box containing an equipment item for Magicians.,1,1,,,,Item/Item.wz/Consume/0202.img.xml,Item/Item.wz/Consume/0202.img/02022581/info,Item/Item.wz/Consume/0202.img/02022581/info/icon.png,Item/Item.wz/Consume/0202.img/02022581/info/iconRaw.png
Consume,0202,2022582,King Pepe Bowman Box,King Pepe's box containing an equipment item for Bowmen.,1,1,,,,Item/Item.wz/Consume/0202.img.xml,Item/Item.wz/Consume/0202.img/02022582/info,Item/Item.wz/Consume/0202.img/02022582/info/icon.png,Item/Item.wz/Consume/0202.img/02022582/info/iconRaw.png
Consume,0202,2022583,King Pepe Thief Box,King Pepe's box containing an equipment item for Thieves.,1,1,,,,Item/Item.wz/Consume/0202.img.xml,Item/Item.wz/Consume/0202.img/02022583/info,Item/Item.wz/Consume/0202.img/02022583/info/icon.png,Item/Item.wz/Consume/0202.img/02022583/info/iconRaw.png
Consume,0202,2022584,King Pepe Pirate Box,King Pepe's box containing an equipment item for Pirates.,1,1,,,,Item/Item.wz/Consume/0202.img.xml,Item/Item.wz/Consume/0202.img/02022584/info,Item/Item.wz/Consume/0202.img/02022584/info/icon.png,Item/Item.wz/Consume/0202.img/02022584/info/iconRaw.png
Consume,0202,2022585,Pharaoh's Blessing Lv. 1,"100% Damage, Attack Speed +1",1,1,,,,Item/Item.wz/Consume/0202.img.xml,Item/Item.wz/Consume/0202.img/02022585/info,Item/Item.wz/Consume/0202.img/02022585/info/icon.png,Item/Item.wz/Consume/0202.img/02022585/info/iconRaw.png
Consume,0202,2022586,Pharaoh's Blessing Lv. 2,"200% Damage, Attack Speed +2",1,1,,,,Item/Item.wz/Consume/0202.img.xml,Item/Item.wz/Consume/0202.img/02022586/info,Item/Item.wz/Consume/0202.img/02022586/info/icon.png,Item/Item.wz/Consume/0202.img/02022586/info/iconRaw.png
Consume,0202,2022587,Pharaoh's Blessing Lv. 3,"300% Damage, Attack Speed +3",1,1,,,,Item/Item.wz/Consume/0202.img.xml,Item/Item.wz/Consume/0202.img/02022587/info,Item/Item.wz/Consume/0202.img/02022587/info/icon.png,Item/Item.wz/Consume/0202.img/02022587/info/iconRaw.png
Consume,0202,2022588,Pharaoh's Blessing Lv. 4,"400% Damage, Attack Speed +4",1,1,,,,Item/Item.wz/Consume/0202.img.xml,Item/Item.wz/Consume/0202.img/02022588/info,Item/Item.wz/Consume/0202.img/02022588/info/icon.png,Item/Item.wz/Consume/0202.img/02022588/info/iconRaw.png
Consume,0202,2022613,Pharaoh's Treasure Chest,A treasure chest containing Pharaoh's treasured items. Double-click to open.,1,1,1,,,Item/Item.wz/Consume/0202.img.xml,Item/Item.wz/Consume/0202.img/02022613/info,Item/Item.wz/Consume/0202.img/02022613/info/icon.png,Item/Item.wz/Consume/0202.img/02022613/info/iconRaw.png
Consume,0202,2022614,Bingo Gift Box,A surprise gift box received after completing a line on the Bingo Board. Open it to discover what's inside!,1,1,1,,,Item/Item.wz/Consume/0202.img.xml,Item/Item.wz/Consume/0202.img/02022614/info,Item/Item.wz/Consume/0202.img/02022614/info/icon.png,Item/Item.wz/Consume/0202.img/02022614/info/iconRaw.png
Consume,0202,2022615,Subway Lost and Found,A Lost and Found box accidentally ingested by Bubbling. Double-click to open.,1,1,1,,,Item/Item.wz/Consume/0202.img.xml,Item/Item.wz/Consume/0202.img/02022615/info,Item/Item.wz/Consume/0202.img/02022615/info/icon.png,Item/Item.wz/Consume/0202.img/02022615/info/iconRaw.png
Consume,0202,2022616,Power Buff Lv. 1,"100% Damage, Attack Speed +1",1,1,,,,Item/Item.wz/Consume/0202.img.xml,Item/Item.wz/Consume/0202.img/02022616/info,Item/Item.wz/Consume/0202.img/02022616/info/icon.png,Item/Item.wz/Consume/0202.img/02022616/info/iconRaw.png
Consume,0202,2022617,Power Buff Lv. 2,"200% Damage, Attack Speed +2",1,1,,,,Item/Item.wz/Consume/0202.img.xml,Item/Item.wz/Consume/0202.img/02022617/info,Item/Item.wz/Consume/0202.img/02022617/info/icon.png,Item/Item.wz/Consume/0202.img/02022617/info/iconRaw.png
Consume,0202,2022618,Pharaoh's Treasure Chest,A treasure chest containing Pharaoh's precious items. Double-click to open.,1,1,1,,,Item/Item.wz/Consume/0202.img.xml,Item/Item.wz/Consume/0202.img/02022618/info,Item/Item.wz/Consume/0202.img/02022618/info/icon.png,Item/Item.wz/Consume/0202.img/02022618/info/iconRaw.png
Consume,0202,2022620,Handmade Sandwich ,A sandwich made personally by Anna. Eat it in the morning to guarantee a sense of satisfaction all throughout the day.,1,1,50,,,Item/Item.wz/Consume/0202.img.xml,Item/Item.wz/Consume/0202.img/02022620/info,Item/Item.wz/Consume/0202.img/02022620/info/icon.png,Item/Item.wz/Consume/0202.img/02022620/info/iconRaw.png
Consume,0202,2022621,Tasty Milk,Fresh milk produced at the farm. \nRecovers around 100 HP.,1,1,50,,,Item/Item.wz/Consume/0202.img.xml,Item/Item.wz/Consume/0202.img/02022621/info,Item/Item.wz/Consume/0202.img/02022621/info/icon.png,Item/Item.wz/Consume/0202.img/02022621/info/iconRaw.png
Consume,0202,2022622,Squeezed Juice,Fresh juice produced at the farm. \nRecovers around 50 MP.,1,1,50,,,Item/Item.wz/Consume/0202.img.xml,Item/Item.wz/Consume/0202.img/02022622/info,Item/Item.wz/Consume/0202.img/02022622/info/icon.png,Item/Item.wz/Consume/0202.img/02022622/info/iconRaw.png
Consume,0202,2022623,Seasoned Frog Eggs and Mushrooms,A stinky dish made with Cursed Frog Eggs. Increases 400 HP if eaten.,1,1,,,,Item/Item.wz/Consume/0202.img.xml,Item/Item.wz/Consume/0202.img/02022623/info,Item/Item.wz/Consume/0202.img/02022623/info/icon.png,Item/Item.wz/Consume/0202.img/02022623/info/iconRaw.png
Consume,0202,2022624,Bloody Mushroom Wine,A non-alcoholic wine made by the Witch using Cursed Cat Spittle. Increases 200 MP when consumed.,1,1,,,,Item/Item.wz/Consume/0202.img.xml,Item/Item.wz/Consume/0202.img/02022624/info,Item/Item.wz/Consume/0202.img/02022624/info/icon.png,Item/Item.wz/Consume/0202.img/02022624/info/iconRaw.png
Consume,0202,2022625,Slimy Canape,A creepy and slimy Canape that the Witch has made for you. Increases Weapon ATT and Weapon DEF +15 for 15 minutes.,1,1,,,,Item/Item.wz/Consume/0202.img.xml,Item/Item.wz/Consume/0202.img/02022625/info,Item/Item.wz/Consume/0202.img/02022625/info/icon.png,Item/Item.wz/Consume/0202.img/02022625/info/iconRaw.png
Consume,0202,2022626,Zingy Kabab,A suspiciously sharp-tasting Kabab that the Witch has made for you.  Increases Magic ATT And Magic DEF +15 for 15 minutes.,1,1,,,,Item/Item.wz/Consume/0202.img.xml,Item/Item.wz/Consume/0202.img/02022626/info,Item/Item.wz/Consume/0202.img/02022626/info/icon.png,Item/Item.wz/Consume/0202.img/02022626/info/iconRaw.png
Consume,0202,2022627,Swamp Wrap,The Witch's wrap dish that fills your mouth with the aroma of the swamp with each bite. Increases Weapon ATT and Weapon DEF +25 for 15 minutes.,1,1,,,,Item/Item.wz/Consume/0202.img.xml,Item/Item.wz/Consume/0202.img/02022627/info,Item/Item.wz/Consume/0202.img/02022627/info/icon.png,Item/Item.wz/Consume/0202.img/02022627/info/iconRaw.png
Consume,0202,2022628,Rough Leather Steak,A rough leather steak that the Witch has carefully grilled for you. Increases Magic ATT And Magic Defense +25 for 15 minutes.,1,1,,,,Item/Item.wz/Consume/0202.img.xml,Item/Item.wz/Consume/0202.img/02022628/info,Item/Item.wz/Consume/0202.img/02022628/info/icon.png,Item/Item.wz/Consume/0202.img/02022628/info/iconRaw.png
Consume,0202,2022629,Witch's Special Stew,"The Witch's special stew that gives off a sour stink. Increases Weapon and Magic ATT +40, Weapons and Magic DEF +100, and Speed and Jump +15 for 15 minutes.",1,1,,,,Item/Item.wz/Consume/0202.img.xml,Item/Item.wz/Consume/0202.img/02022629/info,Item/Item.wz/Consume/0202.img/02022629/info/icon.png,Item/Item.wz/Consume/0202.img/02022629/info/iconRaw.png
Consume,0202,2022631,Rose Scent,"As you are surrounded by the fragrant scent of Roses, you get a strange headache and your feet start to feel heavy. Go see Lana before the scent disappears.",1,1,,,1,Item/Item.wz/Consume/0202.img.xml,Item/Item.wz/Consume/0202.img/02022631/info,Item/Item.wz/Consume/0202.img/02022631/info/icon.png,Item/Item.wz/Consume/0202.img/02022631/info/iconRaw.png
Consume,0202,2022632,Freesia Scent,"As you are surrounded by the refreshing scent of Freesias, you get a strange headache and your feet start to feel heavy. Go see Lana before the scent disappears.",1,1,,,1,Item/Item.wz/Consume/0202.img.xml,Item/Item.wz/Consume/0202.img/02022632/info,Item/Item.wz/Consume/0202.img/02022632/info/icon.png,Item/Item.wz/Consume/0202.img/02022632/info/iconRaw.png
Consume,0202,2022633,Lavender Scent,"As you are surrounded by the sweet scent of Lavenders, you get a strange headache and your feet start to feel heavy. Go see Lana before the scent disappears.",1,1,,,1,Item/Item.wz/Consume/0202.img.xml,Item/Item.wz/Consume/0202.img/02022633/info,Item/Item.wz/Consume/0202.img/02022633/info/icon.png,Item/Item.wz/Consume/0202.img/02022633/info/iconRaw.png
Consume,0202,2022634,Turkey Leg,A huge roasted turkey leg. It's so big that it seems like it would take all day to finish eating.\n[Gives +30 Physical Attack for 3 minutes],1,1,1,,100,Item/Item.wz/Consume/0202.img.xml,Item/Item.wz/Consume/0202.img/02022634/info,Item/Item.wz/Consume/0202.img/02022634/info/icon.png,Item/Item.wz/Consume/0202.img/02022634/info/iconRaw.png
Consume,0203,2030000,Return Scroll - Nearest Town,Returns you to the nearest town.,1,1,200,,,Item/Item.wz/Consume/0203.img.xml,Item/Item.wz/Consume/0203.img/02030000/info,Item/Item.wz/Consume/0203.img/02030000/info/icon.png,Item/Item.wz/Consume/0203.img/02030000/info/iconRaw.png
Consume,0203,2030001,Return Scroll to Lith Harbor,Returns you to Lith Harbor.,1,1,250,,,Item/Item.wz/Consume/0203.img.xml,Item/Item.wz/Consume/0203.img/02030001/info,Item/Item.wz/Consume/0203.img/02030001/info/icon.png,Item/Item.wz/Consume/0203.img/02030001/info/iconRaw.png
Consume,0203,2030002,Return Scroll to Ellinia,Returns you to Ellinia.,1,1,250,,,Item/Item.wz/Consume/0203.img.xml,Item/Item.wz/Consume/0203.img/02030002/info,Item/Item.wz/Consume/0203.img/02030002/info/icon.png,Item/Item.wz/Consume/0203.img/02030002/info/iconRaw.png
Consume,0203,2030003,Return Scroll to Perion,Returns you to Perion.,1,1,250,,,Item/Item.wz/Consume/0203.img.xml,Item/Item.wz/Consume/0203.img/02030003/info,Item/Item.wz/Consume/0203.img/02030003/info/icon.png,Item/Item.wz/Consume/0203.img/02030003/info/iconRaw.png
Consume,0203,2030004,Return Scroll to Henesys,Returns you to Henesys.,1,1,250,,,Item/Item.wz/Consume/0203.img.xml,Item/Item.wz/Consume/0203.img/02030004/info,Item/Item.wz/Consume/0203.img/02030004/info/icon.png,Item/Item.wz/Consume/0203.img/02030004/info/iconRaw.png
Consume,0203,2030005,Return Scroll to Kerning City,Returns you to the dark Kerning City.,1,1,250,,,Item/Item.wz/Consume/0203.img.xml,Item/Item.wz/Consume/0203.img/02030005/info,Item/Item.wz/Consume/0203.img/02030005/info/icon.png,Item/Item.wz/Consume/0203.img/02030005/info/iconRaw.png
Consume,0203,2030006,Return Scroll to Sleepywood,"Returns you to Sleepywood, a quiet and dark forest-town.",1,1,300,,,Item/Item.wz/Consume/0203.img.xml,Item/Item.wz/Consume/0203.img/02030006/info,Item/Item.wz/Consume/0203.img/02030006/info/icon.png,Item/Item.wz/Consume/0203.img/02030006/info/iconRaw.png
Consume,0203,2030007,Return Scroll for Dead Mine,Returns you to the dead mine at the higher ground of El Nath.nCan only be used in Orbis and El Nath.,1,1,1,,,Item/Item.wz/Consume/0203.img.xml,Item/Item.wz/Consume/0203.img/02030007/info,Item/Item.wz/Consume/0203.img/02030007/info/icon.png,Item/Item.wz/Consume/0203.img/02030007/info/iconRaw.png
Consume,0203,2030008,Coffee Milk,Returns you to the nearest town.,1,1,200,,,Item/Item.wz/Consume/0203.img.xml,Item/Item.wz/Consume/0203.img/02030008/info,Item/Item.wz/Consume/0203.img/02030008/info/icon.png,Item/Item.wz/Consume/0203.img/02030008/info/iconRaw.png
Consume,0203,2030009,Strawberry Milk,Returns you to Mushroom Shrine.,1,1,250,,,Item/Item.wz/Consume/0203.img.xml,Item/Item.wz/Consume/0203.img/02030009/info,Item/Item.wz/Consume/0203.img/02030009/info/icon.png,Item/Item.wz/Consume/0203.img/02030009/info/iconRaw.png
Consume,0203,2030010,Fruit Milk,Returns you to Showa Town.,1,1,250,,,Item/Item.wz/Consume/0203.img.xml,Item/Item.wz/Consume/0203.img/02030010/info,Item/Item.wz/Consume/0203.img/02030010/info/icon.png,Item/Item.wz/Consume/0203.img/02030010/info/iconRaw.png
Consume,0203,2030011,Command Center Warp Capsule,A warp capsule that allows the owner of the capsule to warp to the Command Center of Omega Sector.,1,1,1,,,Item/Item.wz/Consume/0203.img.xml,Item/Item.wz/Consume/0203.img/02030011/info,Item/Item.wz/Consume/0203.img/02030011/info/icon.png,Item/Item.wz/Consume/0203.img/02030011/info/iconRaw.png
Consume,0203,2030012,Ludibrium Warp Capsule,A warp capsule that returns you to Ludibrium.,1,1,1,,,Item/Item.wz/Consume/0203.img.xml,Item/Item.wz/Consume/0203.img/02030012/info,Item/Item.wz/Consume/0203.img/02030012/info/icon.png,Item/Item.wz/Consume/0203.img/02030012/info/iconRaw.png
Consume,0203,2030016,Phyllia's Warp Powder,Warp powder made by fairy Phyllia.  Teleports you to Magatia when used inside the Nihal desert region.,1,1,1,,,Item/Item.wz/Consume/0203.img.xml,Item/Item.wz/Consume/0203.img/02030016/info,Item/Item.wz/Consume/0203.img/02030016/info/icon.png,Item/Item.wz/Consume/0203.img/02030016/info/iconRaw.png
Consume,0203,2030019,Nautilus Return Scroll,"This scroll enables you to return to the Pirate village, Nautilus. This is a one use item and will disappear after use.",1,1,250,,,Item/Item.wz/Consume/0203.img.xml,Item/Item.wz/Consume/0203.img/02030019/info,Item/Item.wz/Consume/0203.img/02030019/info/icon.png,Item/Item.wz/Consume/0203.img/02030019/info/iconRaw.png
Consume,0203,2030020,Return to New Leaf City Scroll,Use this scroll to venture back to New Leaf City whenever you want!,1,1,250,,,Item/Item.wz/Consume/0203.img.xml,Item/Item.wz/Consume/0203.img/02030020/info,Item/Item.wz/Consume/0203.img/02030020/info/icon.png,Item/Item.wz/Consume/0203.img/02030020/info/iconRaw.png
Consume,0203,2031000,Masked Man's Invitation,An invitation from the Masked Man to the Halloween Party at the Haunted Mansion. Double-click to move straight to the mansion.,1,1,1,,1,Item/Item.wz/Consume/0203.img.xml,Item/Item.wz/Consume/0203.img/02031000/info,Item/Item.wz/Consume/0203.img/02031000/info/icon.png,Item/Item.wz/Consume/0203.img/02031000/info/iconRaw.png
Consume,0203,2031001,Studio Invitation,"An invitation to the studio for the event ""For Guild Only"".",1,1,500,,1,Item/Item.wz/Consume/0203.img.xml,Item/Item.wz/Consume/0203.img/02031001/info,Item/Item.wz/Consume/0203.img/02031001/info/icon.png,Item/Item.wz/Consume/0203.img/02031001/info/iconRaw.png
Consume,0203,2031002,Invitation to the Moon,"An invitation to the moon, sent by the Moon Bunnies. Using this will send you directly to Moon Bunny's ????.",1,1,1,,1,Item/Item.wz/Consume/0203.img.xml,Item/Item.wz/Consume/0203.img/02031002/info,Item/Item.wz/Consume/0203.img/02031002/info/icon.png,Item/Item.wz/Consume/0203.img/02031002/info/iconRaw.png
Consume,0203,2031003,Invitation to the Nest,An invitation to the baby bird's nest sent by Gaga. Use it to be sent directly to the nest.,1,1,1,,1,Item/Item.wz/Consume/0203.img.xml,Item/Item.wz/Consume/0203.img/02031003/info,Item/Item.wz/Consume/0203.img/02031003/info/icon.png,Item/Item.wz/Consume/0203.img/02031003/info/iconRaw.png
Consume,0203,2031004,Invitation to Ereve,An invitation to Ereve from Neinheart. This invitation will allow you to instantly move to Ereve.,1,1,1,,1,Item/Item.wz/Consume/0203.img.xml,Item/Item.wz/Consume/0203.img/02031004/info,Item/Item.wz/Consume/0203.img/02031004/info/icon.png,Item/Item.wz/Consume/0203.img/02031004/info/iconRaw.png
Consume,0203,2031006,Family Studio Photo Coupon,A coupon that allows you to attend the 6th Anniversary Family Photo Shoot Event.,1,1,500,,1,Item/Item.wz/Consume/0203.img.xml,Item/Item.wz/Consume/0203.img/02031006/info,Item/Item.wz/Consume/0203.img/02031006/info/icon.png,Item/Item.wz/Consume/0203.img/02031006/info/iconRaw.png
Consume,0203,2031008,Rien Teleport Ticket,A teleport ticket given by the Maple Admin. It will immediately teleport you to Rien.,1,1,1,,1,Item/Item.wz/Consume/0203.img.xml,Item/Item.wz/Consume/0203.img/02031008/info,Item/Item.wz/Consume/0203.img/02031008/info/icon.png,Item/Item.wz/Consume/0203.img/02031008/info/iconRaw.png
Consume,0203,2032000,Richie Gold's Strange Lamp,"An unbelievable lamp made by Richie Gold. Use this, and you'll be led somewhere in in the maze. No one knows exactly where you'll be sent, though.",1,1,1,,,Item/Item.wz/Consume/0203.img.xml,Item/Item.wz/Consume/0203.img/02032000/info,Item/Item.wz/Consume/0203.img/02032000/info/icon.png,Item/Item.wz/Consume/0203.img/02032000/info/iconRaw.png
Consume,0204,2040000,Scroll for Helmet for DEF,"Improves the helmet's weapon def.\nSuccess rate:100%, weapon def. +1",1,1,1,,,Item/Item.wz/Consume/0204.img.xml,Item/Item.wz/Consume/0204.img/02040000/info,Item/Item.wz/Consume/0204.img/02040000/info/icon.png,Item/Item.wz/Consume/0204.img/02040000/info/iconRaw.png
Consume,0204,2040001,Scroll for Helmet for DEF,"Improves helmet def.\nSuccess rate:60%, weapon def.+2, magic def., +2. The success rate of this scroll can be enhanced by Vega's Spell.",1,1,1,,,Item/Item.wz/Consume/0204.img.xml,Item/Item.wz/Consume/0204.img/02040001/info,Item/Item.wz/Consume/0204.img/02040001/info/icon.png,Item/Item.wz/Consume/0204.img/02040001/info/iconRaw.png
Consume,0204,2040002,Scroll for Helmet for DEF,"Improves helmet def.\nSuccess Rate:10%, weapon def.+5, magic def.+3, accuracy+1. The success rate of this scroll can be enhanced by Vega's Spell.",1,1,1,,,Item/Item.wz/Consume/0204.img.xml,Item/Item.wz/Consume/0204.img/02040002/info,Item/Item.wz/Consume/0204.img/02040002/info/icon.png,Item/Item.wz/Consume/0204.img/02040002/info/iconRaw.png
Consume,0204,2040003,Scroll for Helmet for HP,"Improves MaxHP on hats.\nSuccess rate:100%, MaxHP+5",0,0,1,,,Item/Item.wz/Consume/0204.img.xml,Item/Item.wz/Consume/0204.img/02040003/info,Item/Item.wz/Consume/0204.img/02040003/info/icon.png,Item/Item.wz/Consume/0204.img/02040003/info/iconRaw.png
Consume,0204,2040004,Scroll for Helmet for HP,"Improves MaxHP on hats.\nSuccess rate:60%, MaxHP+10. The success rate of this scroll can be enhanced by Vega's Spell.",0,0,1,,,Item/Item.wz/Consume/0204.img.xml,Item/Item.wz/Consume/0204.img/02040004/info,Item/Item.wz/Consume/0204.img/02040004/info/icon.png,Item/Item.wz/Consume/0204.img/02040004/info/iconRaw.png
Consume,0204,2040005,Scroll for Helmet for HP,"Improves MaxHP on hats.\nSuccess rate:10%, MaxHP+30. The success rate of this scroll can be enhanced by Vega's Spell.",0,0,1,,,Item/Item.wz/Consume/0204.img.xml,Item/Item.wz/Consume/0204.img/02040005/info,Item/Item.wz/Consume/0204.img/02040005/info/icon.png,Item/Item.wz/Consume/0204.img/02040005/info/iconRaw.png
Consume,0204,2040006,Scroll for Helmet for DEF,"Improves helmet def.\nSuccess rate:100%, weapon def.+5, magic def.+3, accuracy+1",1,1,1,,,Item/Item.wz/Consume/0204.img.xml,Item/Item.wz/Consume/0204.img/02040006/info,Item/Item.wz/Consume/0204.img/02040006/info/icon.png,Item/Item.wz/Consume/0204.img/02040006/info/iconRaw.png
Consume,0204,2040007,Scroll for Helmet for HP,"Improves MaxHP on hats.\nSuccess rate:100%, MaxHP+30",0,0,1,,,Item/Item.wz/Consume/0204.img.xml,Item/Item.wz/Consume/0204.img/02040007/info,Item/Item.wz/Consume/0204.img/02040007/info/icon.png,Item/Item.wz/Consume/0204.img/02040007/info/iconRaw.png
Consume,0204,2040008,Dark scroll for Helmet for DEF,"Improves helmet def.\nSuccess rate:70%, weapon def.+2, magic def.+1nIf failed, the item will be destroyed at a 50% rate.",1,1,1,,,Item/Item.wz/Consume/0204.img.xml,Item/Item.wz/Consume/0204.img/02040008/info,Item/Item.wz/Consume/0204.img/02040008/info/icon.png,Item/Item.wz/Consume/0204.img/02040008/info/iconRaw.png
Consume,0204,2040009,Dark Scroll for Helmet for DEF,"Improves the helmet def.\nSuccess rate:30%, weapon def.+5, magic def.+3, accuracy+1nIf failed, the item will be destroyed in a 50% rate.",1,1,1,,,Item/Item.wz/Consume/0204.img.xml,Item/Item.wz/Consume/0204.img/02040009/info,Item/Item.wz/Consume/0204.img/02040009/info/icon.png,Item/Item.wz/Consume/0204.img/02040009/info/iconRaw.png
Consume,0204,2040010,Scroll for Helmet for HP,"Improves MaxHP on hats.\nSuccess Rate:70%, MaxHP+10nIf failed, the item will be destroyed in a 50% rate.",0,0,1,,,Item/Item.wz/Consume/0204.img.xml,Item/Item.wz/Consume/0204.img/02040010/info,Item/Item.wz/Consume/0204.img/02040010/info/icon.png,Item/Item.wz/Consume/0204.img/02040010/info/iconRaw.png
Consume,0204,2040011,Dark Scroll for Helmet for HP,"Improves MaxHP on hats.\nSuccess Rate:30%, MaxHP+30nIf failed, the item will be destroyed in a 50% rate.",0,0,1,,,Item/Item.wz/Consume/0204.img.xml,Item/Item.wz/Consume/0204.img/02040011/info,Item/Item.wz/Consume/0204.img/02040011/info/icon.png,Item/Item.wz/Consume/0204.img/02040011/info/iconRaw.png
Consume,0204,2040012,Dark Scroll for Helmet for INT,"Improves INT on hats.\nSuccess Rate: 70%. INT+2nIf failed, the item will be destroyed in a 50% rate.",0,0,1,,,Item/Item.wz/Consume/0204.img.xml,Item/Item.wz/Consume/0204.img/02040012/info,Item/Item.wz/Consume/0204.img/02040012/info/icon.png,Item/Item.wz/Consume/0204.img/02040012/info/iconRaw.png
Consume,0204,2040013,Dark Scroll for Helmet for INT,"Improves INT on hats.\nSuccess Rate: 30%, INT +3nIf failed, the item will be destroyed in a 50% rate.",0,0,1,,,Item/Item.wz/Consume/0204.img.xml,Item/Item.wz/Consume/0204.img/02040013/info,Item/Item.wz/Consume/0204.img/02040013/info/icon.png,Item/Item.wz/Consume/0204.img/02040013/info/iconRaw.png
Consume,0204,2040014,Dark Scroll for Helmet for Accuracy,"Improves the accuracy on the helmet.\nSuccess Rate 70%, Dex+1, accuracy +2nIf failed, the item will be destroyed at a 50% rate.",0,0,1,,,Item/Item.wz/Consume/0204.img.xml,Item/Item.wz/Consume/0204.img/02040014/info,Item/Item.wz/Consume/0204.img/02040014/info/icon.png,Item/Item.wz/Consume/0204.img/02040014/info/iconRaw.png
Consume,0204,2040015,Dark Scroll for Helmet for Accuracy,"Improves the accuracy on the helmet.\nSuccess Rate 30%, Dex+2, accuracy +4nIf failed, the item will be destroyed at a 50% rate.",0,0,1,,,Item/Item.wz/Consume/0204.img.xml,Item/Item.wz/Consume/0204.img/02040015/info,Item/Item.wz/Consume/0204.img/02040015/info/icon.png,Item/Item.wz/Consume/0204.img/02040015/info/iconRaw.png
Consume,0204,2040016,Scroll for Helmet for Accuracy,"Improves the helmet's accuracy option.\nSuccess Rate 10%, Dex+2, Accuracy +4. The success rate of this scroll can be enhanced by Vega's Spell.",1,1,1,,,Item/Item.wz/Consume/0204.img.xml,Item/Item.wz/Consume/0204.img/02040016/info,Item/Item.wz/Consume/0204.img/02040016/info/icon.png,Item/Item.wz/Consume/0204.img/02040016/info/iconRaw.png
Consume,0204,2040017,Scroll for Helmet for Accuracy,"Improves the helmet's accuracy option.\nSuccess Rate 60%, Dex+1, Accuracy +2. The success rate of this scroll can be enhanced by Vega's Spell.",0,0,1,,,Item/Item.wz/Consume/0204.img.xml,Item/Item.wz/Consume/0204.img/02040017/info,Item/Item.wz/Consume/0204.img/02040017/info/icon.png,Item/Item.wz/Consume/0204.img/02040017/info/iconRaw.png
Consume,0204,2040018,Scroll for Helmet for Accuracy,"Improves the helmet's accuracy option.\nSuccess Rate 100%, Accuracy +1",0,0,1,,,Item/Item.wz/Consume/0204.img.xml,Item/Item.wz/Consume/0204.img/02040018/info,Item/Item.wz/Consume/0204.img/02040018/info/icon.png,Item/Item.wz/Consume/0204.img/02040018/info/iconRaw.png
Consume,0204,2040019,Scroll for Helmet for DEF,"Improves Weapon Defense on a Helmet.\nSuccess rate: 65%, Weapon Def. +2, Magic Def. +1",1,1,1,,,Item/Item.wz/Consume/0204.img.xml,Item/Item.wz/Consume/0204.img/02040019/info,Item/Item.wz/Consume/0204.img/02040019/info/icon.png,Item/Item.wz/Consume/0204.img/02040019/info/iconRaw.png
Consume,0204,2040020,Scroll for Helmet for DEF,"Improves Weapon Defense on a Helmet.\nSuccess rate: 15%, Weapon Def.+5, Magic Def.+3, Accuracy+1",1,1,1,,,Item/Item.wz/Consume/0204.img.xml,Item/Item.wz/Consume/0204.img/02040020/info,Item/Item.wz/Consume/0204.img/02040020/info/icon.png,Item/Item.wz/Consume/0204.img/02040020/info/iconRaw.png
Consume,0204,2040021,Scroll for Helmet for MaxHP,"Improves MaxHP on a Helmet.\nSuccess rate: 65%, MaxHP +10",0,0,1,,,Item/Item.wz/Consume/0204.img.xml,Item/Item.wz/Consume/0204.img/02040021/info,Item/Item.wz/Consume/0204.img/02040021/info/icon.png,Item/Item.wz/Consume/0204.img/02040021/info/iconRaw.png
Consume,0204,2040022,Scroll for Helmet for MaxHP,"Improves MaxHP on a Helmet.\nSuccess rate: 15%, MaxHP +30",0,0,1,,,Item/Item.wz/Consume/0204.img.xml,Item/Item.wz/Consume/0204.img/02040022/info,Item/Item.wz/Consume/0204.img/02040022/info/icon.png,Item/Item.wz/Consume/0204.img/02040022/info/iconRaw.png
Consume,0204,2040023,Scroll for Rudolph's Horn 60%,"Increases the weapon attack and magic attack of Rudolph's Horn.\nSuccess rate:60%, attack +1, magic att. +1",1,1,1,,,Item/Item.wz/Consume/0204.img.xml,Item/Item.wz/Consume/0204.img/02040023/info,Item/Item.wz/Consume/0204.img/02040023/info/icon.png,Item/Item.wz/Consume/0204.img/02040023/info/iconRaw.png
Consume,0204,2040024,Scroll for Helmet for INT 100%,"Improves INT on headwear..Success rate 100%, INT+1",0,0,1,,,Item/Item.wz/Consume/0204.img.xml,Item/Item.wz/Consume/0204.img/02040024/info,Item/Item.wz/Consume/0204.img/02040024/info/icon.png,Item/Item.wz/Consume/0204.img/02040024/info/iconRaw.png
Consume,0204,2040025,Scroll for Helmet for INT 60%,"Improves INT on headwear.\nSuccess rate 60%, INT+2. The success rate of this scroll can be enhanced by Vega's Spell.",0,0,1,,,Item/Item.wz/Consume/0204.img.xml,Item/Item.wz/Consume/0204.img/02040025/info,Item/Item.wz/Consume/0204.img/02040025/info/icon.png,Item/Item.wz/Consume/0204.img/02040025/info/iconRaw.png
Consume,0204,2040026,Scroll for Helmet for INT 10%,"Improves INT on headwear.\nSuccess rate 10%, INT+3. The success rate of this scroll can be enhanced by Vega's Spell.",0,0,1,,,Item/Item.wz/Consume/0204.img.xml,Item/Item.wz/Consume/0204.img/02040026/info,Item/Item.wz/Consume/0204.img/02040026/info/icon.png,Item/Item.wz/Consume/0204.img/02040026/info/iconRaw.png
Consume,0204,2040027,Scroll for Helmet for DEX 100%,"Improves DEX on headwear..Success rate 100%, DEX+1",0,0,1,,,Item/Item.wz/Consume/0204.img.xml,Item/Item.wz/Consume/0204.img/02040027/info,Item/Item.wz/Consume/0204.img/02040027/info/icon.png,Item/Item.wz/Consume/0204.img/02040027/info/iconRaw.png
Consume,0204,2040028,Scroll for Helmet for DEX 70%,"Improves DEX on headwear..Success rate 70%, DEX+2nIf failed, the item will be destroyed at a 50% rate.",0,0,1,,,Item/Item.wz/Consume/0204.img.xml,Item/Item.wz/Consume/0204.img/02040028/info,Item/Item.wz/Consume/0204.img/02040028/info/icon.png,Item/Item.wz/Consume/0204.img/02040028/info/iconRaw.png
Consume,0204,2040029,Scroll for Helmet for DEX 60%,"Improves DEX on headwear.\nSuccess rate 60%, DEX+2. The success rate of this scroll can be enhanced by Vega's Spell.",0,0,1,,,Item/Item.wz/Consume/0204.img.xml,Item/Item.wz/Consume/0204.img/02040029/info,Item/Item.wz/Consume/0204.img/02040029/info/icon.png,Item/Item.wz/Consume/0204.img/02040029/info/iconRaw.png
Consume,0204,2040030,Scroll for Helmet for DEX 30%,"Improves DEX on headwear..Success rate 30%, DEX+3nIf failed, the item will be destroyed at a 50% rate.",0,0,1,,,Item/Item.wz/Consume/0204.img.xml,Item/Item.wz/Consume/0204.img/02040030/info,Item/Item.wz/Consume/0204.img/02040030/info/icon.png,Item/Item.wz/Consume/0204.img/02040030/info/iconRaw.png
Consume,0204,2040031,Scroll for Helmet for DEX 10%,"Improves DEX on headwear.\nSuccess rate 10%, DEX+3. The success rate of this scroll can be enhanced by Vega's Spell.",0,0,1,,,Item/Item.wz/Consume/0204.img.xml,Item/Item.wz/Consume/0204.img/02040031/info,Item/Item.wz/Consume/0204.img/02040031/info/icon.png,Item/Item.wz/Consume/0204.img/02040031/info/iconRaw.png
Consume,0204,2040041,Scroll for Helmet for DEF 100%,"Improves helmet def.\nSuccess rate:100%, weapon def.+2, magic def., +3",1,1,1,,,Item/Item.wz/Consume/0204.img.xml,Item/Item.wz/Consume/0204.img/02040041/info,Item/Item.wz/Consume/0204.img/02040041/info/icon.png,Item/Item.wz/Consume/0204.img/02040041/info/iconRaw.png
Consume,0204,2040042,Scroll for Helmet for HP 100%,"Improves MaxHP on hats.\nSuccess rate:100%, MaxHP+15",1,1,1,,,Item/Item.wz/Consume/0204.img.xml,Item/Item.wz/Consume/0204.img/02040042/info,Item/Item.wz/Consume/0204.img/02040042/info/icon.png,Item/Item.wz/Consume/0204.img/02040042/info/iconRaw.png
Consume,0204,2040043,Scroll for Helmet for DEX 65%,"Improves DEX on Helmets.\nSuccess Rate 65%, DEX+2",1,1,1,,,Item/Item.wz/Consume/0204.img.xml,Item/Item.wz/Consume/0204.img/02040043/info,Item/Item.wz/Consume/0204.img/02040043/info/icon.png,Item/Item.wz/Consume/0204.img/02040043/info/iconRaw.png
Consume,0204,2040044,Scroll for Helmet for DEX 15%,"Improves DEX on Helmets.\nSuccess Rate 15%, DEX+3",1,1,1,,,Item/Item.wz/Consume/0204.img.xml,Item/Item.wz/Consume/0204.img/02040044/info,Item/Item.wz/Consume/0204.img/02040044/info/icon.png,Item/Item.wz/Consume/0204.img/02040044/info/iconRaw.png
Consume,0204,2040045,Scroll for Helmet for DEF 50%,"Improves helmet def.\nSuccess Rate:50%, weapon def.+5, magic def.+4",0,0,1,,,Item/Item.wz/Consume/0204.img.xml,Item/Item.wz/Consume/0204.img/02040045/info,Item/Item.wz/Consume/0204.img/02040045/info/icon.png,Item/Item.wz/Consume/0204.img/02040045/info/iconRaw.png
Consume,0204,2040046,Scroll for Helmet for HP 50%,"Improves MaxHP on hats.\nSuccess rate:50%, MaxHP+35",0,0,1,,,Item/Item.wz/Consume/0204.img.xml,Item/Item.wz/Consume/0204.img/02040046/info,Item/Item.wz/Consume/0204.img/02040046/info/icon.png,Item/Item.wz/Consume/0204.img/02040046/info/iconRaw.png
Consume,0204,2040100,Scroll for Face Accessory for HP,"Improves MaxHP on face accessories.\nSuccess rate:10%, MaxHP +30. The success rate of this scroll can be enhanced by Vega's Spell.",1,1,1,,,Item/Item.wz/Consume/0204.img.xml,Item/Item.wz/Consume/0204.img/02040100/info,Item/Item.wz/Consume/0204.img/02040100/info/icon.png,Item/Item.wz/Consume/0204.img/02040100/info/iconRaw.png
Consume,0204,2040101,Scroll for Face Accessory for HP,"Improves MaxHP on face accessories.\nSuccess rate:60%, MaxHP +15. The success rate of this scroll can be enhanced by Vega's Spell.",0,0,1,,,Item/Item.wz/Consume/0204.img.xml,Item/Item.wz/Consume/0204.img/02040101/info,Item/Item.wz/Consume/0204.img/02040101/info/icon.png,Item/Item.wz/Consume/0204.img/02040101/info/iconRaw.png
Consume,0204,2040102,Scroll for Face Accessory for HP,"Improves MaxHP on face accessories.\nSuccess rate:100%, MaxHP +5",0,0,1,,,Item/Item.wz/Consume/0204.img.xml,Item/Item.wz/Consume/0204.img/02040102/info,Item/Item.wz/Consume/0204.img/02040102/info/icon.png,Item/Item.wz/Consume/0204.img/02040102/info/iconRaw.png
Consume,0204,2040103,Dark Scroll for Face Accessory for HP,"Improves MaxHP on face accessories.\nSuccess rate:30%, MaxHP +30 nIf failed, the item will be destroyed at a 50% rate.",1,1,1,,,Item/Item.wz/Consume/0204.img.xml,Item/Item.wz/Consume/0204.img/02040103/info,Item/Item.wz/Consume/0204.img/02040103/info/icon.png,Item/Item.wz/Consume/0204.img/02040103/info/iconRaw.png
Consume,0204,2040104,Dark Scroll for Face Accessory for HP,"Improves MaxHP on face accessories.\nSuccess rate:70%, MaxHP +15 nIf failed, the item will be destroyed at a 50% rate.",0,0,1,,,Item/Item.wz/Consume/0204.img.xml,Item/Item.wz/Consume/0204.img/02040104/info,Item/Item.wz/Consume/0204.img/02040104/info/icon.png,Item/Item.wz/Consume/0204.img/02040104/info/iconRaw.png
Consume,0204,2040105,Scroll for Face Accessory for Avoidability,"Improves avoidability on face accessories.\nSuccess rate:10%, Avoidability +2, DEX +2. The success rate of this scroll can be enhanced by Vega's Spell.",1,1,1,,,Item/Item.wz/Consume/0204.img.xml,Item/Item.wz/Consume/0204.img/02040105/info,Item/Item.wz/Consume/0204.img/02040105/info/icon.png,Item/Item.wz/Consume/0204.img/02040105/info/iconRaw.png
Consume,0204,2040106,Scroll for Face Accessory for Avoidability,"Improves avoidability on face accessories.\nSuccess rate:60%, Avoidability +1, DEX +1. The success rate of this scroll can be enhanced by Vega's Spell.",0,0,1,,,Item/Item.wz/Consume/0204.img.xml,Item/Item.wz/Consume/0204.img/02040106/info,Item/Item.wz/Consume/0204.img/02040106/info/icon.png,Item/Item.wz/Consume/0204.img/02040106/info/iconRaw.png
Consume,0204,2040107,Scroll for Face Accessory for Avoidability,"Improves avoidability on face accessories.\nSuccess rate:100%, Avoidability +1",0,0,1,,,Item/Item.wz/Consume/0204.img.xml,Item/Item.wz/Consume/0204.img/02040107/info,Item/Item.wz/Consume/0204.img/02040107/info/icon.png,Item/Item.wz/Consume/0204.img/02040107/info/iconRaw.png
Consume,0204,2040108,Dark Scroll for Face Accessory for Avoidability,"Improves avoidability on face accessories.\nSuccess rate:30%, Avoidability +2, DEX +2 nIf failed, the item will be destroyed at a 50% rate.",1,1,1,,,Item/Item.wz/Consume/0204.img.xml,Item/Item.wz/Consume/0204.img/02040108/info,Item/Item.wz/Consume/0204.img/02040108/info/icon.png,Item/Item.wz/Consume/0204.img/02040108/info/iconRaw.png
Consume,0204,2040109,Dark Scroll for Face Accessory for Avoidability,"Improves avoidability on face accessories.\nSuccess rate:70%, Avoidability +1, DEX +1 nIf failed, the item will be destroyed at a 50% rate.",0,0,1,,,Item/Item.wz/Consume/0204.img.xml,Item/Item.wz/Consume/0204.img/02040109/info,Item/Item.wz/Consume/0204.img/02040109/info/icon.png,Item/Item.wz/Consume/0204.img/02040109/info/iconRaw.png
Consume,0204,2040110,Red-Nose STR Bandage 60%,"Improves STR on Rudolf's Red Nose.\nSuccess Rate:60%, STR +1",1,1,1,,1,Item/Item.wz/Consume/0204.img.xml,Item/Item.wz/Consume/0204.img/02040110/info,Item/Item.wz/Consume/0204.img/02040110/info/icon.png,Item/Item.wz/Consume/0204.img/02040110/info/iconRaw.png
Consume,0204,2040111,Red-Nose DEX Bandage 60%,"Improves DEX on Rudolf's Red Nose.\nSuccess Rate:60%, DEX +1",0,0,1,,1,Item/Item.wz/Consume/0204.img.xml,Item/Item.wz/Consume/0204.img/02040111/info,Item/Item.wz/Consume/0204.img/02040111/info/icon.png,Item/Item.wz/Consume/0204.img/02040111/info/iconRaw.png
Consume,0204,2040112,Red-Nose INT Bandage 60%,"Improves INT on Rudolf's Red Nose.\nSuccess Rate:60%, INT +1",0,0,1,,1,Item/Item.wz/Consume/0204.img.xml,Item/Item.wz/Consume/0204.img/02040112/info,Item/Item.wz/Consume/0204.img/02040112/info/icon.png,Item/Item.wz/Consume/0204.img/02040112/info/iconRaw.png
Consume,0204,2040113,Red-Nose LUK Bandage 60%,"Improves LUK on Rudolf's Red Nose.\nSuccess Rate:60%, LUK +1",0,0,1,,1,Item/Item.wz/Consume/0204.img.xml,Item/Item.wz/Consume/0204.img/02040113/info,Item/Item.wz/Consume/0204.img/02040113/info/icon.png,Item/Item.wz/Consume/0204.img/02040113/info/iconRaw.png
Consume,0204,2040114,Red-Nose ATT Bandage 60%,"Improves ATT on Rudolf's Red Nose.\nSuccess Rate:60%, ATT +1",0,0,1,,1,Item/Item.wz/Consume/0204.img.xml,Item/Item.wz/Consume/0204.img/02040114/info,Item/Item.wz/Consume/0204.img/02040114/info/icon.png,Item/Item.wz/Consume/0204.img/02040114/info/iconRaw.png
Consume,0204,2040115,Red-Nose Weapon DEF Bandage 60%,"Improves Weapon DEF on Rudolf's Red Nose.\nSuccess Rate:60%, Weapon DEF+1",0,0,1,,1,Item/Item.wz/Consume/0204.img.xml,Item/Item.wz/Consume/0204.img/02040115/info,Item/Item.wz/Consume/0204.img/02040115/info/icon.png,Item/Item.wz/Consume/0204.img/02040115/info/iconRaw.png
Consume,0204,2040116,Red-Nose MP Bandage 60%,"Improves MP on Rudolf's Red Nose.\nSuccess Rate:60%, MP+1",0,0,1,,1,Item/Item.wz/Consume/0204.img.xml,Item/Item.wz/Consume/0204.img/02040116/info,Item/Item.wz/Consume/0204.img/02040116/info/icon.png,Item/Item.wz/Consume/0204.img/02040116/info/iconRaw.png
Consume,0204,2040117,Red-Nose Magic DEF Bandage 60%,"Improves Magic DEF on Rudolf's Red Nose.\nSuccess Rate:60%, Magic DEF+1",0,0,1,,1,Item/Item.wz/Consume/0204.img.xml,Item/Item.wz/Consume/0204.img/02040117/info,Item/Item.wz/Consume/0204.img/02040117/info/icon.png,Item/Item.wz/Consume/0204.img/02040117/info/iconRaw.png
Consume,0204,2040118,Red-Nose Avoidability Bandage 60%,"Improves Avoidability on Rudolf's Red Nose.\nSuccess Rate:60%, Avoidability+1",0,0,1,,1,Item/Item.wz/Consume/0204.img.xml,Item/Item.wz/Consume/0204.img/02040118/info,Item/Item.wz/Consume/0204.img/02040118/info/icon.png,Item/Item.wz/Consume/0204.img/02040118/info/iconRaw.png
Consume,0204,2040119,Red-Nose Accuracy Bandage 60%,"Improves Accuracy on Rudolf's Red Nose.\nSuccess Rate:60%, Accuracy+1",0,0,1,,1,Item/Item.wz/Consume/0204.img.xml,Item/Item.wz/Consume/0204.img/02040119/info,Item/Item.wz/Consume/0204.img/02040119/info/icon.png,Item/Item.wz/Consume/0204.img/02040119/info/iconRaw.png
Consume,0204,2040200,Scroll for Eye Accessory for Accuracy,"Improves accuracy on eye accessories.\nSuccess rate:10%, Accuracy +3, DEX +1. The success rate of this scroll can be enhanced by Vega's Spell.",1,1,1,,,Item/Item.wz/Consume/0204.img.xml,Item/Item.wz/Consume/0204.img/02040200/info,Item/Item.wz/Consume/0204.img/02040200/info/icon.png,Item/Item.wz/Consume/0204.img/02040200/info/iconRaw.png
Consume,0204,2040201,Scroll for Eye Accessory for Accuracy,"Improves accuracy on eye accessories.\nSuccess rate:60%, Accuracy +2. The success rate of this scroll can be enhanced by Vega's Spell.",0,0,1,,,Item/Item.wz/Consume/0204.img.xml,Item/Item.wz/Consume/0204.img/02040201/info,Item/Item.wz/Consume/0204.img/02040201/info/icon.png,Item/Item.wz/Consume/0204.img/02040201/info/iconRaw.png
Consume,0204,2040202,Scroll for Eye Accessory for Accuracy,"Improves accuracy on eye accessories.\nSuccess rate:100%, Accuracy +1",0,0,1,,,Item/Item.wz/Consume/0204.img.xml,Item/Item.wz/Consume/0204.img/02040202/info,Item/Item.wz/Consume/0204.img/02040202/info/icon.png,Item/Item.wz/Consume/0204.img/02040202/info/iconRaw.png
Consume,0204,2040203,Dark Scroll for Eye Accessory for Accuracy,"Improves accuracy on eye accessories.\nSuccess rate:30%, Accuracy +3, DEX +1 nIf failed, the item will be destroyed at a 50% rate.",1,1,1,,,Item/Item.wz/Consume/0204.img.xml,Item/Item.wz/Consume/0204.img/02040203/info,Item/Item.wz/Consume/0204.img/02040203/info/icon.png,Item/Item.wz/Consume/0204.img/02040203/info/iconRaw.png
Consume,0204,2040204,Dark Scroll for Eye Accessory for Accuracy,"Improves accuracy on eye accessories.\nSuccess rate:70%, Accuracy +2 nIf failed, the item will be destroyed at a 50% rate.",0,0,1,,,Item/Item.wz/Consume/0204.img.xml,Item/Item.wz/Consume/0204.img/02040204/info,Item/Item.wz/Consume/0204.img/02040204/info/icon.png,Item/Item.wz/Consume/0204.img/02040204/info/iconRaw.png
Consume,0204,2040205,Scroll for Eye Accessory for INT,"Improves INT on eye accessories.\nSuccess rate:10%, INT +3, Magic Def. +2. The success rate of this scroll can be enhanced by Vega's Spell.",1,1,1,,,Item/Item.wz/Consume/0204.img.xml,Item/Item.wz/Consume/0204.img/02040205/info,Item/Item.wz/Consume/0204.img/02040205/info/icon.png,Item/Item.wz/Consume/0204.img/02040205/info/iconRaw.png
Consume,0204,2040206,Scroll for Eye Accessory for INT,"Improves INT on eye accessories.\nSuccess rate:60%, INT +1, Magic Def. +1. The success rate of this scroll can be enhanced by Vega's Spell.",0,0,1,,,Item/Item.wz/Consume/0204.img.xml,Item/Item.wz/Consume/0204.img/02040206/info,Item/Item.wz/Consume/0204.img/02040206/info/icon.png,Item/Item.wz/Consume/0204.img/02040206/info/iconRaw.png
Consume,0204,2040207,Scroll for Eye Accessory for INT,"Improves INT on eye accessories.\nSuccess rate:100%, INT +1",0,0,1,,,Item/Item.wz/Consume/0204.img.xml,Item/Item.wz/Consume/0204.img/02040207/info,Item/Item.wz/Consume/0204.img/02040207/info/icon.png,Item/Item.wz/Consume/0204.img/02040207/info/iconRaw.png
Consume,0204,2040208,Dark Scroll for Eye Accessory for INT,"Improves INT on eye accessories.\nSuccess rate:30%, INT +3, Magic Def. +2 nIf failed, the item will be destroyed at a 50% rate.",1,1,1,,,Item/Item.wz/Consume/0204.img.xml,Item/Item.wz/Consume/0204.img/02040208/info,Item/Item.wz/Consume/0204.img/02040208/info/icon.png,Item/Item.wz/Consume/0204.img/02040208/info/iconRaw.png
Consume,0204,2040209,Dark Scroll for Eye Accessory for INT,"Improves INT on eye accessories.\nSuccess rate:70%, INT +1, Magic Def. +1 nIf failed, the item will be destroyed at a 50% rate.",0,0,1,,,Item/Item.wz/Consume/0204.img.xml,Item/Item.wz/Consume/0204.img/02040209/info,Item/Item.wz/Consume/0204.img/02040209/info/icon.png,Item/Item.wz/Consume/0204.img/02040209/info/iconRaw.png
Consume,0204,2040300,Scroll for Earring for INT,"Improves INT on ear accessory.\nSuccess rate:100%, magic attack+1",0,0,1,,,Item/Item.wz/Consume/0204.img.xml,Item/Item.wz/Consume/0204.img/02040300/info,Item/Item.wz/Consume/0204.img/02040300/info/icon.png,Item/Item.wz/Consume/0204.img/02040300/info/iconRaw.png
Consume,0204,2040301,Scroll for Earring for INT,"Improves INT on ear accessory.\nSuccess rate:60%, magic attack +2, INT+1. The success rate of this scroll can be enhanced by Vega's Spell.",0,0,1,,,Item/Item.wz/Consume/0204.img.xml,Item/Item.wz/Consume/0204.img/02040301/info,Item/Item.wz/Consume/0204.img/02040301/info/icon.png,Item/Item.wz/Consume/0204.img/02040301/info/iconRaw.png
Consume,0204,2040302,Scroll for Earring for INT,"Improves INT on ear accessory.\nSuccess rate:10%, magic attack +5, INT+3, magic def. +1. The success rate of this scroll can be enhanced by Vega's Spell.",0,0,1,,,Item/Item.wz/Consume/0204.img.xml,Item/Item.wz/Consume/0204.img/02040302/info,Item/Item.wz/Consume/0204.img/02040302/info/icon.png,Item/Item.wz/Consume/0204.img/02040302/info/iconRaw.png
Consume,0204,2040303,Scroll for Earring for INT,"Improves INT on ear accessory.\nSuccess rate:30%, magic attack +5, INT+3, magic def. +1",0,0,1,,,Item/Item.wz/Consume/0204.img.xml,Item/Item.wz/Consume/0204.img/02040303/info,Item/Item.wz/Consume/0204.img/02040303/info/icon.png,Item/Item.wz/Consume/0204.img/02040303/info/iconRaw.png
Consume,0204,2040304,Dark scroll for Earring for INT,"Improves INT on ear accessory.\nSuccess rate:70%, magic attack +2, INT+1nIf failed, the item will be destroyed at a 50% rate.",0,0,1,,,Item/Item.wz/Consume/0204.img.xml,Item/Item.wz/Consume/0204.img/02040304/info,Item/Item.wz/Consume/0204.img/02040304/info/icon.png,Item/Item.wz/Consume/0204.img/02040304/info/iconRaw.png
Consume,0204,2040305,Dark scroll for Earring for INT,"Improves INT on ear accessory.\nSuccess rate:30%, magic attack +5, INT+3, magic def. +1nIf failed, the item will be destroyed at a 50% rate.",0,0,1,,,Item/Item.wz/Consume/0204.img.xml,Item/Item.wz/Consume/0204.img/02040305/info,Item/Item.wz/Consume/0204.img/02040305/info/icon.png,Item/Item.wz/Consume/0204.img/02040305/info/iconRaw.png
Consume,0204,2040306,Dark scroll for Earring for DEX,"Improves DEX on ear accesrroy.\nSuccess rate: 70%. DEX + 2nIf failed, the item will be destroyed at a 50% rate.",0,0,1,,,Item/Item.wz/Consume/0204.img.xml,Item/Item.wz/Consume/0204.img/02040306/info,Item/Item.wz/Consume/0204.img/02040306/info/icon.png,Item/Item.wz/Consume/0204.img/02040306/info/iconRaw.png
Consume,0204,2040307,Dark scroll for Earring for DEX,"Improves DEX on ear accessorynSuccess rate: 30%. DEX + 3nIf failed, the item will be destroyed at a 50% rate.",0,0,1,,,Item/Item.wz/Consume/0204.img.xml,Item/Item.wz/Consume/0204.img/02040307/info,Item/Item.wz/Consume/0204.img/02040307/info/icon.png,Item/Item.wz/Consume/0204.img/02040307/info/iconRaw.png
Consume,0204,2040308,Dark Scroll for Earrings for DEF,"Improves DEF on earringsnSuccess Rate 70%, weapon defense+1, magic defense+1nIf failed, the item will be destroyed at a 50% rate.",0,0,1,,,Item/Item.wz/Consume/0204.img.xml,Item/Item.wz/Consume/0204.img/02040308/info,Item/Item.wz/Consume/0204.img/02040308/info/icon.png,Item/Item.wz/Consume/0204.img/02040308/info/iconRaw.png
Consume,0204,2040309,Dark Scroll for Earrings for DEF,"Improves DEF on earringsnSuccess Rate 30%, weapon defense+3, magic defense+3, accuracy+1nIf failed, the item will be destroyed at a 50% rate.",0,0,1,,,Item/Item.wz/Consume/0204.img.xml,Item/Item.wz/Consume/0204.img/02040309/info,Item/Item.wz/Consume/0204.img/02040309/info/icon.png,Item/Item.wz/Consume/0204.img/02040309/info/iconRaw.png
Consume,0204,2040310,Scroll for Earring for DEF,"Improves DEF on earrings.\nSuccess Rate 10%, weapon defense+3, magic defense+3, Accuracy+1. The success rate of this scroll can be enhanced by Vega's Spell.",0,0,1,,,Item/Item.wz/Consume/0204.img.xml,Item/Item.wz/Consume/0204.img/02040310/info,Item/Item.wz/Consume/0204.img/02040310/info/icon.png,Item/Item.wz/Consume/0204.img/02040310/info/iconRaw.png
Consume,0204,2040311,Scroll for Earring for DEF,"Improves DEF on earrings.\nSuccess Rate 60%, weapon defense+1, magic defense+1. The success rate of this scroll can be enhanced by Vega's Spell.",0,0,1,,,Item/Item.wz/Consume/0204.img.xml,Item/Item.wz/Consume/0204.img/02040311/info,Item/Item.wz/Consume/0204.img/02040311/info/icon.png,Item/Item.wz/Consume/0204.img/02040311/info/iconRaw.png
Consume,0204,2040312,Scroll for Earring for DEF,"Improves DEF on earringsnSuccess Rate 100%, weapon defense+1",0,0,1,,,Item/Item.wz/Consume/0204.img.xml,Item/Item.wz/Consume/0204.img/02040312/info,Item/Item.wz/Consume/0204.img/02040312/info/icon.png,Item/Item.wz/Consume/0204.img/02040312/info/iconRaw.png
Consume,0204,2040313,Scroll for Earring for INT,"Improves INT on Earrings.\nSuccess rate: 65%, Magic Attack +2, INT+1",0,0,1,,,Item/Item.wz/Consume/0204.img.xml,Item/Item.wz/Consume/0204.img/02040313/info,Item/Item.wz/Consume/0204.img/02040313/info/icon.png,Item/Item.wz/Consume/0204.img/02040313/info/iconRaw.png
Consume,0204,2040314,Scroll for Earring for INT,"Improves INT on Earrings.\nSuccess rate:15%, Magic Attack +5, INT +3, Magic Def. +1",0,0,1,,,Item/Item.wz/Consume/0204.img.xml,Item/Item.wz/Consume/0204.img/02040314/info,Item/Item.wz/Consume/0204.img/02040314/info/icon.png,Item/Item.wz/Consume/0204.img/02040314/info/iconRaw.png
Consume,0204,2040315,[4yrAnniv]Scroll for Earring for INT,"Improves INT on Maple Earring.\nSuccess rate: 40%, Magic Attack +3, INT +2 nIf failed, the item has a 30% chance of being destroyed.",1,1,1,,,Item/Item.wz/Consume/0204.img.xml,Item/Item.wz/Consume/0204.img/02040315/info,Item/Item.wz/Consume/0204.img/02040315/info/icon.png,Item/Item.wz/Consume/0204.img/02040315/info/iconRaw.png
Consume,0204,2040316,Scroll for Earring for DEX 100%,"Improves DEX on earrings..\nSuccess rate:100%, DEX+1",0,0,1,,,Item/Item.wz/Consume/0204.img.xml,Item/Item.wz/Consume/0204.img/02040316/info,Item/Item.wz/Consume/0204.img/02040316/info/icon.png,Item/Item.wz/Consume/0204.img/02040316/info/iconRaw.png
Consume,0204,2040317,Scroll for Earring for DEX 60%,"Improves DEX on earrings.\nSuccess rate:60%, DEX+2. The success rate of this scroll can be enhanced by Vega's Spell.",0,0,1,,,Item/Item.wz/Consume/0204.img.xml,Item/Item.wz/Consume/0204.img/02040317/info,Item/Item.wz/Consume/0204.img/02040317/info/icon.png,Item/Item.wz/Consume/0204.img/02040317/info/iconRaw.png
Consume,0204,2040318,Scroll for Earring for DEX 10%,"Improves DEX on earrings.\nSuccess rate:10%, DEX+3. The success rate of this scroll can be enhanced by Vega's Spell.",0,0,1,,,Item/Item.wz/Consume/0204.img.xml,Item/Item.wz/Consume/0204.img/02040318/info,Item/Item.wz/Consume/0204.img/02040318/info/icon.png,Item/Item.wz/Consume/0204.img/02040318/info/iconRaw.png
Consume,0204,2040319,Scroll for Earring for LUK 100%,"Improves LUK on earrings..\nSuccess rate:100%, LUK+1",0,0,1,,,Item/Item.wz/Consume/0204.img.xml,Item/Item.wz/Consume/0204.img/02040319/info,Item/Item.wz/Consume/0204.img/02040319/info/icon.png,Item/Item.wz/Consume/0204.img/02040319/info/iconRaw.png
Consume,0204,2040320,Scroll for Earring for LUK 70%,"Improves LUK on earrings..\nSuccess rate:70%, LUK+2nIf failed, the item will be destroyed at a 50% rate.",0,0,1,,,Item/Item.wz/Consume/0204.img.xml,Item/Item.wz/Consume/0204.img/02040320/info,Item/Item.wz/Consume/0204.img/02040320/info/icon.png,Item/Item.wz/Consume/0204.img/02040320/info/iconRaw.png
Consume,0204,2040321,Scroll for Earring for LUK 60%,"Improves LUK on earrings.\nSuccess rate:60%, LUK+2. The success rate of this scroll can be enhanced by Vega's Spell.",0,0,1,,,Item/Item.wz/Consume/0204.img.xml,Item/Item.wz/Consume/0204.img/02040321/info,Item/Item.wz/Consume/0204.img/02040321/info/icon.png,Item/Item.wz/Consume/0204.img/02040321/info/iconRaw.png
Consume,0204,2040322,Scroll for Earring for LUK 30%,"Improves LUK on earrings..\nSuccess rate:30%, LUK+3nIf failed, the item will be destroyed at a 50% rate.",0,0,1,,,Item/Item.wz/Consume/0204.img.xml,Item/Item.wz/Consume/0204.img/02040322/info,Item/Item.wz/Consume/0204.img/02040322/info/icon.png,Item/Item.wz/Consume/0204.img/02040322/info/iconRaw.png
Consume,0204,2040323,Scroll for Earring for LUK 10%,"Improves LUK on earrings.\nSuccess rate:10%, LUK+3. The success rate of this scroll can be enhanced by Vega's Spell.",0,0,1,,,Item/Item.wz/Consume/0204.img.xml,Item/Item.wz/Consume/0204.img/02040323/info,Item/Item.wz/Consume/0204.img/02040323/info/icon.png,Item/Item.wz/Consume/0204.img/02040323/info/iconRaw.png
Consume,0204,2040324,Scroll for Earring for HP 100%,"Improves HP on earrings..\nSuccess rate:100%, MaxHP+5",0,0,1,,,Item/Item.wz/Consume/0204.img.xml,Item/Item.wz/Consume/0204.img/02040324/info,Item/Item.wz/Consume/0204.img/02040324/info/icon.png,Item/Item.wz/Consume/0204.img/02040324/info/iconRaw.png
Consume,0204,2040325,Scroll for Earring for HP 70%,"Improves HP on earrings..\nSuccess rate:70%, MaxHP+15nIf failed, the item will be destroyed at a 50% rate.",0,0,1,,,Item/Item.wz/Consume/0204.img.xml,Item/Item.wz/Consume/0204.img/02040325/info,Item/Item.wz/Consume/0204.img/02040325/info/icon.png,Item/Item.wz/Consume/0204.img/02040325/info/iconRaw.png
Consume,0204,2040326,Scroll for Earring for HP 60%,"Improves HP on earrings.\nSuccess rate:60%, MaxHP+15. The success rate of this scroll can be enhanced by Vega's Spell.",0,0,1,,,Item/Item.wz/Consume/0204.img.xml,Item/Item.wz/Consume/0204.img/02040326/info,Item/Item.wz/Consume/0204.img/02040326/info/icon.png,Item/Item.wz/Consume/0204.img/02040326/info/iconRaw.png
Consume,0204,2040327,Scroll for Earring for HP 30%,"Improves HP on earrings..\nSuccess rate:30%, MaxHP+30nIf failed, the item will be destroyed at a 50% rate.",0,0,1,,,Item/Item.wz/Consume/0204.img.xml,Item/Item.wz/Consume/0204.img/02040327/info,Item/Item.wz/Consume/0204.img/02040327/info/icon.png,Item/Item.wz/Consume/0204.img/02040327/info/iconRaw.png
Consume,0204,2040328,Scroll for Earring for HP 10%,"Improves HP on earrings.\nSuccess rate:10%, MaxHP+30. The success rate of this scroll can be enhanced by Vega's Spell.",0,0,1,,,Item/Item.wz/Consume/0204.img.xml,Item/Item.wz/Consume/0204.img/02040328/info,Item/Item.wz/Consume/0204.img/02040328/info/icon.png,Item/Item.wz/Consume/0204.img/02040328/info/iconRaw.png
Consume,0204,2040329,Scroll for Earring for DEX 10%,"Improves DEX on earrings. nSuccess rate: 10%, Dex +3. The success rate of this scroll can be enhanced by Vega's Spell.",0,0,1,,,Item/Item.wz/Consume/0204.img.xml,Item/Item.wz/Consume/0204.img/02040329/info,Item/Item.wz/Consume/0204.img/02040329/info/icon.png,Item/Item.wz/Consume/0204.img/02040329/info/iconRaw.png
Consume,0204,2040330,Scroll for Earring for INT 10%,"Improves INT on earrings. nSuccess rate: 10%, Magic ATT +5, INT +3, Magic Defense +1. The success rate of this scroll can be enhanced by Vega's Spell.",0,0,1,,,Item/Item.wz/Consume/0204.img.xml,Item/Item.wz/Consume/0204.img/02040330/info,Item/Item.wz/Consume/0204.img/02040330/info/icon.png,Item/Item.wz/Consume/0204.img/02040330/info/iconRaw.png
Consume,0204,2040331,Scroll for Earring for LUK 10%,"Improves LUK on earrings. nSuccess rate: 10%, LUK +3. The success rate of this scroll can be enhanced by Vega's Spell.",0,0,1,,,Item/Item.wz/Consume/0204.img.xml,Item/Item.wz/Consume/0204.img/02040331/info,Item/Item.wz/Consume/0204.img/02040331/info/icon.png,Item/Item.wz/Consume/0204.img/02040331/info/iconRaw.png
Consume,0204,2040333,Scroll for Earring for INT 50%,"Improves INT on ear accessory.\nSuccess rate:50%, magic attack +5, INT+3, magic def. +2",0,0,1,,,Item/Item.wz/Consume/0204.img.xml,Item/Item.wz/Consume/0204.img/02040333/info,Item/Item.wz/Consume/0204.img/02040333/info/icon.png,Item/Item.wz/Consume/0204.img/02040333/info/iconRaw.png
Consume,0204,2040334,Scroll for Earring for INT 100%,"Improves INT on ear accessory.\nSuccess rate:100%, magic attack +2, INT+2",1,1,1,,,Item/Item.wz/Consume/0204.img.xml,Item/Item.wz/Consume/0204.img/02040334/info,Item/Item.wz/Consume/0204.img/02040334/info/icon.png,Item/Item.wz/Consume/0204.img/02040334/info/iconRaw.png
Consume,0204,2040335,Scroll for Earring for DEX 65%,"Improves DEX on Earrings.\nSuccess Rate: 65%, DEX+2",0,0,1,,,Item/Item.wz/Consume/0204.img.xml,Item/Item.wz/Consume/0204.img/02040335/info,Item/Item.wz/Consume/0204.img/02040335/info/icon.png,Item/Item.wz/Consume/0204.img/02040335/info/iconRaw.png
Consume,0204,2040336,Scroll for Earring for DEX 15%,"Improves DEX on Earrings.\nSuccess Rate: 15%, DEX+3",0,0,1,,,Item/Item.wz/Consume/0204.img.xml,Item/Item.wz/Consume/0204.img/02040336/info,Item/Item.wz/Consume/0204.img/02040336/info/icon.png,Item/Item.wz/Consume/0204.img/02040336/info/iconRaw.png
Consume,0204,2040337,Scroll for Earring for LUK 65%,"Improves LUK on Earrings.\nSuccess Rate: 65%, LUK+2",0,0,1,,,Item/Item.wz/Consume/0204.img.xml,Item/Item.wz/Consume/0204.img/02040337/info,Item/Item.wz/Consume/0204.img/02040337/info/icon.png,Item/Item.wz/Consume/0204.img/02040337/info/iconRaw.png
Consume,0204,2040338,Scroll for Earring for LUK 15%,"Improves LUK on Earrings.\nSuccess Rate: 15%, LUK+3",0,0,1,,,Item/Item.wz/Consume/0204.img.xml,Item/Item.wz/Consume/0204.img/02040338/info,Item/Item.wz/Consume/0204.img/02040338/info/icon.png,Item/Item.wz/Consume/0204.img/02040338/info/iconRaw.png
Consume,0204,2040339,Scroll for Earring for HP 65%,"Improves HP on Earrings.\nSuccess Rate: 65%, MaxHP+15",0,0,1,,,Item/Item.wz/Consume/0204.img.xml,Item/Item.wz/Consume/0204.img/02040339/info,Item/Item.wz/Consume/0204.img/02040339/info/icon.png,Item/Item.wz/Consume/0204.img/02040339/info/iconRaw.png
Consume,0204,2040340,Scroll for Earring for HP 15%,"Improves HP on Earrings.\nSuccess Rate: 15%, MaxHP+30",0,0,1,,,Item/Item.wz/Consume/0204.img.xml,Item/Item.wz/Consume/0204.img/02040340/info,Item/Item.wz/Consume/0204.img/02040340/info/icon.png,Item/Item.wz/Consume/0204.img/02040340/info/iconRaw.png
Consume,0204,2040400,Scroll for Topwear for DEF,"Improves weapon def. on topwear.\nSuccess rate:100%, weapon def.+1",0,0,1,,,Item/Item.wz/Consume/0204.img.xml,Item/Item.wz/Consume/0204.img/02040400/info,Item/Item.wz/Consume/0204.img/02040400/info/icon.png,Item/Item.wz/Consume/0204.img/02040400/info/iconRaw.png
Consume,0204,2040401,Scroll for Topwear for DEF,"Improves weapon def. on topwear.\nSuccess rate:60%, weapon def.+2, magic def.+1. The success rate of this scroll can be enhanced by Vega's Spell.",0,0,1,,,Item/Item.wz/Consume/0204.img.xml,Item/Item.wz/Consume/0204.img/02040401/info,Item/Item.wz/Consume/0204.img/02040401/info/icon.png,Item/Item.wz/Consume/0204.img/02040401/info/iconRaw.png
Consume,0204,2040402,Scroll for Topwear for DEF,"Improves weapon def. on topwear.\nSuccess rate:10%, weapon def. +5, magic def. +3, MaxHP+10. The success rate of this scroll can be enhanced by Vega's Spell.",0,0,1,,,Item/Item.wz/Consume/0204.img.xml,Item/Item.wz/Consume/0204.img/02040402/info,Item/Item.wz/Consume/0204.img/02040402/info/icon.png,Item/Item.wz/Consume/0204.img/02040402/info/iconRaw.png
Consume,0204,2040403,Scroll for Topwear for DEF,"Improves weapon def. on topwear.\nSuccess rate:100%, weapon def. +5, magic def. +3, MaxHP+10",0,0,1,,,Item/Item.wz/Consume/0204.img.xml,Item/Item.wz/Consume/0204.img/02040403/info,Item/Item.wz/Consume/0204.img/02040403/info/icon.png,Item/Item.wz/Consume/0204.img/02040403/info/iconRaw.png
Consume,0204,2040404,Dark scroll for Topwear for DEF,"Improves weapon def. on topwear.\nSuccess rate:70%, weapon def. +2, magic def. +1nIf failed, the item will be destroyed at a 50% rate.",0,0,1,,,Item/Item.wz/Consume/0204.img.xml,Item/Item.wz/Consume/0204.img/02040404/info,Item/Item.wz/Consume/0204.img/02040404/info/icon.png,Item/Item.wz/Consume/0204.img/02040404/info/iconRaw.png
Consume,0204,2040405,Dark scroll for Topwear for DEF,"Improves weapon def. on topwear.\nSuccess rate:30%, weapon def. +5, magic def. +3, MaxHP+10nIf failed, the item will be destroyed at a 50% rate.",0,0,1,,,Item/Item.wz/Consume/0204.img.xml,Item/Item.wz/Consume/0204.img/02040405/info,Item/Item.wz/Consume/0204.img/02040405/info/icon.png,Item/Item.wz/Consume/0204.img/02040405/info/iconRaw.png
Consume,0204,2040406,Dark scroll for Topwear for STR,"Improves STR on topwear.\nSuccess rate: 70%, STR + 2nIf failed, the item will be destroyed at a 50% rate.",0,0,1,,,Item/Item.wz/Consume/0204.img.xml,Item/Item.wz/Consume/0204.img/02040406/info,Item/Item.wz/Consume/0204.img/02040406/info/icon.png,Item/Item.wz/Consume/0204.img/02040406/info/iconRaw.png
Consume,0204,2040407,Dark scroll for Topwear for STR,"Improves STR on topwear.\nSuccess rate: 30%, STR + 3nIf failed, the item will be destroyed at a 50% rate.",0,0,1,,,Item/Item.wz/Consume/0204.img.xml,Item/Item.wz/Consume/0204.img/02040407/info,Item/Item.wz/Consume/0204.img/02040407/info/icon.png,Item/Item.wz/Consume/0204.img/02040407/info/iconRaw.png
Consume,0204,2040408,Dark scroll for Topwear for HP,"Improves HP on topwear.\nSuccess rate: 70%, MaxHP + 15nIf failed, the item will be destroyed at a 50% rate.",0,0,1,,,Item/Item.wz/Consume/0204.img.xml,Item/Item.wz/Consume/0204.img/02040408/info,Item/Item.wz/Consume/0204.img/02040408/info/icon.png,Item/Item.wz/Consume/0204.img/02040408/info/iconRaw.png
Consume,0204,2040409,Dark scroll for Topwear for HP,"Improves HP on topwear.\nSuccess rate: 30%, MaxHP + 30nIf failed, the item will be destroyed at a 50% rate.",0,0,1,,,Item/Item.wz/Consume/0204.img.xml,Item/Item.wz/Consume/0204.img/02040409/info,Item/Item.wz/Consume/0204.img/02040409/info/icon.png,Item/Item.wz/Consume/0204.img/02040409/info/iconRaw.png
Consume,0204,2040410,Dark Scroll for Topwear for LUK,"Improves LUK on the topwear.\nSuccess Rate 70%, LUK+2, avoidability+1nIf failed, the item will be destroyed at a 50% rate.",0,0,1,,,Item/Item.wz/Consume/0204.img.xml,Item/Item.wz/Consume/0204.img/02040410/info,Item/Item.wz/Consume/0204.img/02040410/info/icon.png,Item/Item.wz/Consume/0204.img/02040410/info/iconRaw.png
Consume,0204,2040411,Dark Scroll for Topwear for LUK,"Improves LUK on the topwear.\nSuccess Rate 30%, LUK+3, avoidability+3nIf failed, the item will be destroyed at a 50% rate.",0,0,1,,,Item/Item.wz/Consume/0204.img.xml,Item/Item.wz/Consume/0204.img/02040411/info,Item/Item.wz/Consume/0204.img/02040411/info/icon.png,Item/Item.wz/Consume/0204.img/02040411/info/iconRaw.png
Consume,0204,2040412,Scroll for Topwear for LUK,"Improves LUK on the topwear.\nSuccess Rate 10%, LUK+3, avoidability+3. The success rate of this scroll can be enhanced by Vega's Spell.",0,0,1,,,Item/Item.wz/Consume/0204.img.xml,Item/Item.wz/Consume/0204.img/02040412/info,Item/Item.wz/Consume/0204.img/02040412/info/icon.png,Item/Item.wz/Consume/0204.img/02040412/info/iconRaw.png
Consume,0204,2040413,Scroll for Topwear for LUK,"Improves LUK on the topwear.\nSuccess Rate 60%, LUK+2, avoidability+1. The success rate of this scroll can be enhanced by Vega's Spell.",0,0,1,,,Item/Item.wz/Consume/0204.img.xml,Item/Item.wz/Consume/0204.img/02040413/info,Item/Item.wz/Consume/0204.img/02040413/info/icon.png,Item/Item.wz/Consume/0204.img/02040413/info/iconRaw.png
Consume,0204,2040414,Scroll for Topwear for LUK,"Improves LUK on the topwear.\nSuccess Rate 100%, LUK+1",0,0,1,,,Item/Item.wz/Consume/0204.img.xml,Item/Item.wz/Consume/0204.img/02040414/info,Item/Item.wz/Consume/0204.img/02040414/info/icon.png,Item/Item.wz/Consume/0204.img/02040414/info/iconRaw.png
Consume,0204,2040415,Scroll for Topwear for DEF,"Improves Weapon Def. on Topwear.\nSuccess rate: 65%, Weapon Def. +2, Magic Def. +1",0,0,1,,,Item/Item.wz/Consume/0204.img.xml,Item/Item.wz/Consume/0204.img/02040415/info,Item/Item.wz/Consume/0204.img/02040415/info/icon.png,Item/Item.wz/Consume/0204.img/02040415/info/iconRaw.png
Consume,0204,2040416,Scroll for Topwear for DEF,"Improves Weapon Def. on Topwear.\nSuccess rate: 15%, Weapon Def. +5, Magic Def. +3, MaxHP +10",0,0,1,,,Item/Item.wz/Consume/0204.img.xml,Item/Item.wz/Consume/0204.img/02040416/info,Item/Item.wz/Consume/0204.img/02040416/info/icon.png,Item/Item.wz/Consume/0204.img/02040416/info/iconRaw.png
Consume,0204,2040417,Scroll for Topwear for STR 100%,"Improves strength on topwear..Success rate 100%, STR+1",0,0,1,,,Item/Item.wz/Consume/0204.img.xml,Item/Item.wz/Consume/0204.img/02040417/info,Item/Item.wz/Consume/0204.img/02040417/info/icon.png,Item/Item.wz/Consume/0204.img/02040417/info/iconRaw.png
Consume,0204,2040418,Scroll for Topwear for STR 60%,"Improves strength on topwear.\nSuccess rate 60%, STR+2. The success rate of this scroll can be enhanced by Vega's Spell.",0,0,1,,,Item/Item.wz/Consume/0204.img.xml,Item/Item.wz/Consume/0204.img/02040418/info,Item/Item.wz/Consume/0204.img/02040418/info/icon.png,Item/Item.wz/Consume/0204.img/02040418/info/iconRaw.png
Consume,0204,2040419,Scroll for Topwear for STR 10%,"Improves strength on topwear.\nSuccess rate 10%, STR+3. The success rate of this scroll can be enhanced by Vega's Spell.",0,0,1,,,Item/Item.wz/Consume/0204.img.xml,Item/Item.wz/Consume/0204.img/02040419/info,Item/Item.wz/Consume/0204.img/02040419/info/icon.png,Item/Item.wz/Consume/0204.img/02040419/info/iconRaw.png
Consume,0204,2040420,Scroll for Topwear for HP 100%,"Improves HP on topwear..Success rate 100%, MaxHP + 5",0,0,1,,,Item/Item.wz/Consume/0204.img.xml,Item/Item.wz/Consume/0204.img/02040420/info,Item/Item.wz/Consume/0204.img/02040420/info/icon.png,Item/Item.wz/Consume/0204.img/02040420/info/iconRaw.png
Consume,0204,2040421,Scroll for Topwear for HP 60%,"Improves HP on topwear.\nSuccess rate 60%, MaxHP + 15. The success rate of this scroll can be enhanced by Vega's Spell.",0,0,1,,,Item/Item.wz/Consume/0204.img.xml,Item/Item.wz/Consume/0204.img/02040421/info,Item/Item.wz/Consume/0204.img/02040421/info/icon.png,Item/Item.wz/Consume/0204.img/02040421/info/iconRaw.png
Consume,0204,2040422,Scroll for Topwear for HP 10%,"Improves HP on topwear.\nSuccess rate 10%, MaxHP + 30. The success rate of this scroll can be enhanced by Vega's Spell.",0,0,1,,,Item/Item.wz/Consume/0204.img.xml,Item/Item.wz/Consume/0204.img/02040422/info,Item/Item.wz/Consume/0204.img/02040422/info/icon.png,Item/Item.wz/Consume/0204.img/02040422/info/iconRaw.png
Consume,0204,2040423,Scroll for Topwear for LUK 100%,"Improves luck on topwear..\nSuccess rate:100%, LUK+1",0,0,1,,,Item/Item.wz/Consume/0204.img.xml,Item/Item.wz/Consume/0204.img/02040423/info,Item/Item.wz/Consume/0204.img/02040423/info/icon.png,Item/Item.wz/Consume/0204.img/02040423/info/iconRaw.png
Consume,0204,2040424,Scroll for Topwear for LUK 70%,"Improves luck on topwear..\nSuccess rate:70%, LUK+2nIf failed, the item will be destroyed at a 50% rate.",0,0,1,,,Item/Item.wz/Consume/0204.img.xml,Item/Item.wz/Consume/0204.img/02040424/info,Item/Item.wz/Consume/0204.img/02040424/info/icon.png,Item/Item.wz/Consume/0204.img/02040424/info/iconRaw.png
Consume,0204,2040425,Scroll for Topwear for LUK 60%,"Improves luck on topwear.\nSuccess rate:60%, LUK+2. The success rate of this scroll can be enhanced by Vega's Spell.",0,0,1,,,Item/Item.wz/Consume/0204.img.xml,Item/Item.wz/Consume/0204.img/02040425/info,Item/Item.wz/Consume/0204.img/02040425/info/icon.png,Item/Item.wz/Consume/0204.img/02040425/info/iconRaw.png
Consume,0204,2040426,Scroll for Topwear for LUK 30%,"Improves luck on topwear..\nSuccess rate:30%, LUK+3nIf failed, the item will be destroyed at a 50% rate.",0,0,1,,,Item/Item.wz/Consume/0204.img.xml,Item/Item.wz/Consume/0204.img/02040426/info,Item/Item.wz/Consume/0204.img/02040426/info/icon.png,Item/Item.wz/Consume/0204.img/02040426/info/iconRaw.png
Consume,0204,2040427,Scroll for Topwear for LUK 10%,"Improves luck on topwear.\nSuccess rate:10%, LUK+3. The success rate of this scroll can be enhanced by Vega's Spell.",0,0,1,,,Item/Item.wz/Consume/0204.img.xml,Item/Item.wz/Consume/0204.img/02040427/info,Item/Item.wz/Consume/0204.img/02040427/info/icon.png,Item/Item.wz/Consume/0204.img/02040427/info/iconRaw.png
Consume,0204,2040429,Scroll for Topwear for DEF 50%,"Improves weapon def. on topwear.\nSuccess rate:50%, weapon def. +5, magic def. +4",0,0,1,,,Item/Item.wz/Consume/0204.img.xml,Item/Item.wz/Consume/0204.img/02040429/info,Item/Item.wz/Consume/0204.img/02040429/info/icon.png,Item/Item.wz/Consume/0204.img/02040429/info/iconRaw.png
Consume,0204,2040430,Scroll for Topwear for DEF 100%,"Improves weapon def. on topwear.\nSuccess rate:100%, weapon def.+2, magic def.+3",1,1,1,,,Item/Item.wz/Consume/0204.img.xml,Item/Item.wz/Consume/0204.img/02040430/info,Item/Item.wz/Consume/0204.img/02040430/info/icon.png,Item/Item.wz/Consume/0204.img/02040430/info/iconRaw.png
Consume,0204,2040431,Scroll for Topwear for STR 65%,"Improves STR on Topwear.\nSuccess Rate 65%, STR+2",0,0,1,,,Item/Item.wz/Consume/0204.img.xml,Item/Item.wz/Consume/0204.img/02040431/info,Item/Item.wz/Consume/0204.img/02040431/info/icon.png,Item/Item.wz/Consume/0204.img/02040431/info/iconRaw.png
Consume,0204,2040432,Scroll for Topwear for STR 15%,"Improves STR on Topwear.\nSuccess Rate 15%, STR+3",0,0,1,,,Item/Item.wz/Consume/0204.img.xml,Item/Item.wz/Consume/0204.img/02040432/info,Item/Item.wz/Consume/0204.img/02040432/info/icon.png,Item/Item.wz/Consume/0204.img/02040432/info/iconRaw.png
Consume,0204,2040433,Scroll for Topwear for HP 65%,"Improves HP on Topwear.\nSuccess Rate 65%, MaxHP + 15",0,0,1,,,Item/Item.wz/Consume/0204.img.xml,Item/Item.wz/Consume/0204.img/02040433/info,Item/Item.wz/Consume/0204.img/02040433/info/icon.png,Item/Item.wz/Consume/0204.img/02040433/info/iconRaw.png
Consume,0204,2040434,Scroll for Topwear for HP 15%,"Improves HP on Topwear.\nSuccess Rate 15%, MaxHP + 30",0,0,1,,,Item/Item.wz/Consume/0204.img.xml,Item/Item.wz/Consume/0204.img/02040434/info,Item/Item.wz/Consume/0204.img/02040434/info/icon.png,Item/Item.wz/Consume/0204.img/02040434/info/iconRaw.png
Consume,0204,2040435,Scroll for Topwear for LUK 65%,"Improves LUK on Topwear.\nSuccess Rate: 65%, LUK+2",0,0,1,,,Item/Item.wz/Consume/0204.img.xml,Item/Item.wz/Consume/0204.img/02040435/info,Item/Item.wz/Consume/0204.img/02040435/info/icon.png,Item/Item.wz/Consume/0204.img/02040435/info/iconRaw.png
Consume,0204,2040436,Scroll for Topwear for LUK 15%,"Improves LUK on Topwear.\nSuccess Rate: 15%, LUK+3",0,0,1,,,Item/Item.wz/Consume/0204.img.xml,Item/Item.wz/Consume/0204.img/02040436/info,Item/Item.wz/Consume/0204.img/02040436/info/icon.png,Item/Item.wz/Consume/0204.img/02040436/info/iconRaw.png
Consume,0204,2040500,Scroll for Overall Armor for DEX,"Improves dexterity on the overall armor.\nSuccess rate:100%, DEX+1",0,0,1,,,Item/Item.wz/Consume/0204.img.xml,Item/Item.wz/Consume/0204.img/02040500/info,Item/Item.wz/Consume/0204.img/02040500/info/icon.png,Item/Item.wz/Consume/0204.img/02040500/info/iconRaw.png
Consume,0204,2040501,Scroll for Overall Armor for DEX,"Improves dexterity on the overall armor.\nSuccess rate:60%, DEX+2, accuracy+1. The success rate of this scroll can be enhanced by Vega's Spell.",0,0,1,,,Item/Item.wz/Consume/0204.img.xml,Item/Item.wz/Consume/0204.img/02040501/info,Item/Item.wz/Consume/0204.img/02040501/info/icon.png,Item/Item.wz/Consume/0204.img/02040501/info/iconRaw.png
Consume,0204,2040502,Scroll for Overall Armor for DEX,"Improves dexterity on the overall armor.\nSuccess rate:10%, DEX+5, accuracy+3, speed+1. The success rate of this scroll can be enhanced by Vega's Spell.",0,0,1,,,Item/Item.wz/Consume/0204.img.xml,Item/Item.wz/Consume/0204.img/02040502/info,Item/Item.wz/Consume/0204.img/02040502/info/icon.png,Item/Item.wz/Consume/0204.img/02040502/info/iconRaw.png
Consume,0204,2040503,Scroll for Overall Armor for DEF,"Improves weapon def. on the overall armor.\nSuccess rate:100%, weapon def.+1",0,0,1,,,Item/Item.wz/Consume/0204.img.xml,Item/Item.wz/Consume/0204.img/02040503/info,Item/Item.wz/Consume/0204.img/02040503/info/icon.png,Item/Item.wz/Consume/0204.img/02040503/info/iconRaw.png
Consume,0204,2040504,Scroll for Overall Armor for DEF,"Improves def. on the overall armor.\nSuccess rate:60%, weapon def.+2, magic def.+1. The success rate of this scroll can be enhanced by Vega's Spell.",0,0,1,,,Item/Item.wz/Consume/0204.img.xml,Item/Item.wz/Consume/0204.img/02040504/info,Item/Item.wz/Consume/0204.img/02040504/info/icon.png,Item/Item.wz/Consume/0204.img/02040504/info/iconRaw.png
Consume,0204,2040505,Scroll for Overall Armor for DEF,"Improves def. on the overall armor.\nSuccess rate:10%, wepon def. +5, magic def. +3, MaxHP+10. The success rate of this scroll can be enhanced by Vega's Spell.",0,0,1,,,Item/Item.wz/Consume/0204.img.xml,Item/Item.wz/Consume/0204.img/02040505/info,Item/Item.wz/Consume/0204.img/02040505/info/icon.png,Item/Item.wz/Consume/0204.img/02040505/info/iconRaw.png
Consume,0204,2040506,Scroll for Overall Armor for DEX,"Improves dexterity on the overall armor.\nSuccess rate:100%, DEX+5, accuracy+3, speed+1",0,0,1,,,Item/Item.wz/Consume/0204.img.xml,Item/Item.wz/Consume/0204.img/02040506/info,Item/Item.wz/Consume/0204.img/02040506/info/icon.png,Item/Item.wz/Consume/0204.img/02040506/info/iconRaw.png
Consume,0204,2040507,Scroll for Overall Armor for DEF,"Improves weapon def. on the overall armor.\nSuccess rate:30%, weapon def.+5, magic def.+3, MaxHP+10",0,0,1,,,Item/Item.wz/Consume/0204.img.xml,Item/Item.wz/Consume/0204.img/02040507/info,Item/Item.wz/Consume/0204.img/02040507/info/icon.png,Item/Item.wz/Consume/0204.img/02040507/info/iconRaw.png
Consume,0204,2040508,Dark scroll for Overall Armor for DEX,"Improves dexterity on the overall armor.\nSuccess rate:70%, DEX+2, accuracy+1nIf failed, the item will be destroyed at a 50% rate.",0,0,1,,,Item/Item.wz/Consume/0204.img.xml,Item/Item.wz/Consume/0204.img/02040508/info,Item/Item.wz/Consume/0204.img/02040508/info/icon.png,Item/Item.wz/Consume/0204.img/02040508/info/iconRaw.png
Consume,0204,2040509,Dark scroll for Overall Armor for DEX,"Improves dexterity on the overall armor.\nSuccess rate:30%, DEX+4, accuracy+3, speed+1nIf failed, the item will be destroyed at a 50% rate.",0,0,1,,,Item/Item.wz/Consume/0204.img.xml,Item/Item.wz/Consume/0204.img/02040509/info,Item/Item.wz/Consume/0204.img/02040509/info/icon.png,Item/Item.wz/Consume/0204.img/02040509/info/iconRaw.png
Consume,0204,2040510,Dark scroll for Overall Armor for DEF,"Improves weapon def. on the overall armor.\nSuccess rate:70%, weapon def.+2, magic def.+1nIf failed, the item will be destroyed at a 50% rate.",0,0,1,,,Item/Item.wz/Consume/0204.img.xml,Item/Item.wz/Consume/0204.img/02040510/info,Item/Item.wz/Consume/0204.img/02040510/info/icon.png,Item/Item.wz/Consume/0204.img/02040510/info/iconRaw.png
Consume,0204,2040511,Dark scroll for Overall Armor for DEF,"Improves weapon def. on the overall armor.\nSuccess rate:30%, weapon def.+5, magic def.+3, MaxHP+10nIf failed, the item will be destroyed at a 50% rate.",0,0,1,,,Item/Item.wz/Consume/0204.img.xml,Item/Item.wz/Consume/0204.img/02040511/info,Item/Item.wz/Consume/0204.img/02040511/info/icon.png,Item/Item.wz/Consume/0204.img/02040511/info/iconRaw.png
Consume,0204,2040512,Scroll for Overall Armor for INT,"Improves INT on the overall armor.\nSuccess rate: 100%, INT + 1",0,0,1,,,Item/Item.wz/Consume/0204.img.xml,Item/Item.wz/Consume/0204.img/02040512/info,Item/Item.wz/Consume/0204.img/02040512/info/icon.png,Item/Item.wz/Consume/0204.img/02040512/info/iconRaw.png
Consume,0204,2040513,Scroll for Overall Armor for INT,"Improves INT on the overall armor.\nSuccess rate: 60%, INT + 2, magic def. +1. The success rate of this scroll can be enhanced by Vega's Spell.",0,0,1,,,Item/Item.wz/Consume/0204.img.xml,Item/Item.wz/Consume/0204.img/02040513/info,Item/Item.wz/Consume/0204.img/02040513/info/icon.png,Item/Item.wz/Consume/0204.img/02040513/info/iconRaw.png
Consume,0204,2040514,Scroll for Overall Armor for INT,"Improves INT on the overall armor.\nSuccess rate: 10%, INT + 5, magic def. + 3, MaxMP + 10. The success rate of this scroll can be enhanced by Vega's Spell.",0,0,1,,,Item/Item.wz/Consume/0204.img.xml,Item/Item.wz/Consume/0204.img/02040514/info,Item/Item.wz/Consume/0204.img/02040514/info/icon.png,Item/Item.wz/Consume/0204.img/02040514/info/iconRaw.png
Consume,0204,2040515,Scroll for Overall Armor for LUK,"Improves LUK on the overall armor.\nSuccess rate: 100%, LUK + 1",0,0,1,,,Item/Item.wz/Consume/0204.img.xml,Item/Item.wz/Consume/0204.img/02040515/info,Item/Item.wz/Consume/0204.img/02040515/info/icon.png,Item/Item.wz/Consume/0204.img/02040515/info/iconRaw.png
Consume,0204,2040516,Scroll for Overall Armor for LUK,"Improves LUK on the overall armor.\nSuccess rate: 60%, LUK + 2, avoidability + 1. The success rate of this scroll can be enhanced by Vega's Spell.",0,0,1,,,Item/Item.wz/Consume/0204.img.xml,Item/Item.wz/Consume/0204.img/02040516/info,Item/Item.wz/Consume/0204.img/02040516/info/icon.png,Item/Item.wz/Consume/0204.img/02040516/info/iconRaw.png
Consume,0204,2040517,Scroll for Overall Armor for LUK,"Improves LUK on the overall armor.\nSuccess rate: 10%, LUK + 5, avoidability + 3, accuracy + 1. The success rate of this scroll can be enhanced by Vega's Spell.",0,0,1,,,Item/Item.wz/Consume/0204.img.xml,Item/Item.wz/Consume/0204.img/02040517/info,Item/Item.wz/Consume/0204.img/02040517/info/icon.png,Item/Item.wz/Consume/0204.img/02040517/info/iconRaw.png
Consume,0204,2040518,Dark scroll for Overall Armor for INT,"Improves INT on the overall armor.\nSuccess rate:70%, INT+2, magic defense+1nIf failed, the item will be destroyed at a 50% rate.",0,0,1,,,Item/Item.wz/Consume/0204.img.xml,Item/Item.wz/Consume/0204.img/02040518/info,Item/Item.wz/Consume/0204.img/02040518/info/icon.png,Item/Item.wz/Consume/0204.img/02040518/info/iconRaw.png
Consume,0204,2040519,Dark scroll for Overall Armor for INT,"Improves INT on the overall armor.\nSuccess rate:30%, INT+5, magic defense+3, MaxMP+10nIf failed, the item will be destroyed at a 50% rate.",0,0,1,,,Item/Item.wz/Consume/0204.img.xml,Item/Item.wz/Consume/0204.img/02040519/info,Item/Item.wz/Consume/0204.img/02040519/info/icon.png,Item/Item.wz/Consume/0204.img/02040519/info/iconRaw.png
Consume,0204,2040520,Dark scroll for Overall Armor for LUK,"Improves LUK on the overall armor.\nSuccess rate:70%, LUK+2, avoidability+1nIf failed, the item will be destroyed at a 50% rate.",0,0,1,,,Item/Item.wz/Consume/0204.img.xml,Item/Item.wz/Consume/0204.img/02040520/info,Item/Item.wz/Consume/0204.img/02040520/info/icon.png,Item/Item.wz/Consume/0204.img/02040520/info/iconRaw.png
Consume,0204,2040521,Dark scroll for Overall Armor for LUK,"Improves LUK on the overall armor.\nSuccess rate:30%, LUK+5, avoidability+3, accuracy+1nIf failed, the item will be destroyed at a 50% rate.",0,0,1,,,Item/Item.wz/Consume/0204.img.xml,Item/Item.wz/Consume/0204.img/02040521/info,Item/Item.wz/Consume/0204.img/02040521/info/icon.png,Item/Item.wz/Consume/0204.img/02040521/info/iconRaw.png
Consume,0204,2040522,Scroll for Overall Armor for DEX,"Improves DEX on Overall Armor.\nSuccess rate: 65%, DEX +2, Accuracy +1",0,0,1,,,Item/Item.wz/Consume/0204.img.xml,Item/Item.wz/Consume/0204.img/02040522/info,Item/Item.wz/Consume/0204.img/02040522/info/icon.png,Item/Item.wz/Consume/0204.img/02040522/info/iconRaw.png
Consume,0204,2040523,Scroll for Overall Armor for DEX,"Improves DEX on Overall Armor.\nSuccess rate: 15%, DEX +5, Accuracy+3, Speed +1",0,0,1,,,Item/Item.wz/Consume/0204.img.xml,Item/Item.wz/Consume/0204.img/02040523/info,Item/Item.wz/Consume/0204.img/02040523/info/icon.png,Item/Item.wz/Consume/0204.img/02040523/info/iconRaw.png
Consume,0204,2040524,Overall Armor Scroll for DEF,"Improves Weapon Def. on Overall Armor.\nSuccess rate: 65%, Weapon Def. +2, Magic Def. +1",0,0,1,,,Item/Item.wz/Consume/0204.img.xml,Item/Item.wz/Consume/0204.img/02040524/info,Item/Item.wz/Consume/0204.img/02040524/info/icon.png,Item/Item.wz/Consume/0204.img/02040524/info/iconRaw.png
Consume,0204,2040525,Overall Armor Scroll for DEF,"Improves Weapon Def. on Overall Armor.\nSuccess rate: 15%, Weapon Def. +5, Magic Def. +3, MaxHP +10",0,0,1,,,Item/Item.wz/Consume/0204.img.xml,Item/Item.wz/Consume/0204.img/02040525/info,Item/Item.wz/Consume/0204.img/02040525/info/icon.png,Item/Item.wz/Consume/0204.img/02040525/info/iconRaw.png
Consume,0204,2040526,Scroll for Overall Armor for INT,"Improves INT on the Overall Armor.\nSuccess rate: 65%, INT +2, Magic Def. +1",0,0,1,,,Item/Item.wz/Consume/0204.img.xml,Item/Item.wz/Consume/0204.img/02040526/info,Item/Item.wz/Consume/0204.img/02040526/info/icon.png,Item/Item.wz/Consume/0204.img/02040526/info/iconRaw.png
Consume,0204,2040527,Scroll for Overall Armor for INT,"Improves INT on the overall armor.\nSuccess rate:15%, INT+5, magic def.+3, MaxMP+10",0,0,1,,,Item/Item.wz/Consume/0204.img.xml,Item/Item.wz/Consume/0204.img/02040527/info,Item/Item.wz/Consume/0204.img/02040527/info/icon.png,Item/Item.wz/Consume/0204.img/02040527/info/iconRaw.png
Consume,0204,2040528,Scroll for Overall Armor for LUK,"Improves LUK on the overall armor.\nSuccess rate:65%, LUK+2, avoidability+1",0,0,1,,,Item/Item.wz/Consume/0204.img.xml,Item/Item.wz/Consume/0204.img/02040528/info,Item/Item.wz/Consume/0204.img/02040528/info/icon.png,Item/Item.wz/Consume/0204.img/02040528/info/iconRaw.png
Consume,0204,2040529,Scroll for Overall Armor for LUK,"Improves LUK on the overall armor.\nSuccess rate:15%, LUK+5, avoidability+3, accuracy+1",0,0,1,,,Item/Item.wz/Consume/0204.img.xml,Item/Item.wz/Consume/0204.img/02040529/info,Item/Item.wz/Consume/0204.img/02040529/info/icon.png,Item/Item.wz/Consume/0204.img/02040529/info/iconRaw.png
Consume,0204,2040530,Scroll for Overall for STR 100%,"Improves strength on overalls..\nSuccess rate:100%, STR+1",0,0,1,,,Item/Item.wz/Consume/0204.img.xml,Item/Item.wz/Consume/0204.img/02040530/info,Item/Item.wz/Consume/0204.img/02040530/info/icon.png,Item/Item.wz/Consume/0204.img/02040530/info/iconRaw.png
Consume,0204,2040531,Scroll for Overall for STR 70%,"Improves strength on overalls..\nSuccess rate:70%, STR+2, weapon def.+1nIf failed, the item will be destroyed at a 50% rate.",0,0,1,,,Item/Item.wz/Consume/0204.img.xml,Item/Item.wz/Consume/0204.img/02040531/info,Item/Item.wz/Consume/0204.img/02040531/info/icon.png,Item/Item.wz/Consume/0204.img/02040531/info/iconRaw.png
Consume,0204,2040532,Scroll for Overall for STR 60%,"Improves strength on overalls.\nSuccess rate:60%, STR+2, weapon def.+1. The success rate of this scroll can be enhanced by Vega's Spell.",0,0,1,,,Item/Item.wz/Consume/0204.img.xml,Item/Item.wz/Consume/0204.img/02040532/info,Item/Item.wz/Consume/0204.img/02040532/info/icon.png,Item/Item.wz/Consume/0204.img/02040532/info/iconRaw.png
Consume,0204,2040533,Scroll for Overall for STR 30%,"Improves strength on overalls..\nSuccess rate:30%, STR+5, weapon def.+3, MaxHp+5nIf failed, the item will be destroyed at a 50% rate.",0,0,1,,,Item/Item.wz/Consume/0204.img.xml,Item/Item.wz/Consume/0204.img/02040533/info,Item/Item.wz/Consume/0204.img/02040533/info/icon.png,Item/Item.wz/Consume/0204.img/02040533/info/iconRaw.png
Consume,0204,2040534,Scroll for Overall for STR 10%,"Improves strength on overalls.\nSuccess rate:10%, STR+5, weapon def.+3, MaxHP+5. The success rate of this scroll can be enhanced by Vega's Spell.",0,0,1,,,Item/Item.wz/Consume/0204.img.xml,Item/Item.wz/Consume/0204.img/02040534/info,Item/Item.wz/Consume/0204.img/02040534/info/icon.png,Item/Item.wz/Consume/0204.img/02040534/info/iconRaw.png
Consume,0204,2040538,Scroll for Overall Armor for DEX 100%,"Improves dexterity on the overall armor.\nSuccess rate:100%, DEX+2, accuracy+3",1,1,1,,,Item/Item.wz/Consume/0204.img.xml,Item/Item.wz/Consume/0204.img/02040538/info,Item/Item.wz/Consume/0204.img/02040538/info/icon.png,Item/Item.wz/Consume/0204.img/02040538/info/iconRaw.png
Consume,0204,2040539,Scroll for Overall Armor for DEF 100%,"Improves def. on the overall armor.\nSuccess rate:100%, weapon def.+2, magic def.+3",1,1,1,,,Item/Item.wz/Consume/0204.img.xml,Item/Item.wz/Consume/0204.img/02040539/info,Item/Item.wz/Consume/0204.img/02040539/info/icon.png,Item/Item.wz/Consume/0204.img/02040539/info/iconRaw.png
Consume,0204,2040540,Scroll for Overall Armor for STR 65%,"Improves STR on Overall Armor.\nSuccess Rate: 65%, STR+2, Weapon Attack+1",0,0,1,,,Item/Item.wz/Consume/0204.img.xml,Item/Item.wz/Consume/0204.img/02040540/info,Item/Item.wz/Consume/0204.img/02040540/info/icon.png,Item/Item.wz/Consume/0204.img/02040540/info/iconRaw.png
Consume,0204,2040541,Scroll for Overall Armor for STR 15%,"Improves STR on Overall Armor.\nSuccess Rate: 15%, STR+5, Weapon Attack+3, MaxHP+5",0,0,1,,,Item/Item.wz/Consume/0204.img.xml,Item/Item.wz/Consume/0204.img/02040541/info,Item/Item.wz/Consume/0204.img/02040541/info/icon.png,Item/Item.wz/Consume/0204.img/02040541/info/iconRaw.png
Consume,0204,2040542,Scroll for Overall Armor for DEX 50%,"Improves dexterity on the overall armor.\nSuccess rate:50%, DEX+5, avoidability+1, speed+1",0,0,1,,,Item/Item.wz/Consume/0204.img.xml,Item/Item.wz/Consume/0204.img/02040542/info,Item/Item.wz/Consume/0204.img/02040542/info/icon.png,Item/Item.wz/Consume/0204.img/02040542/info/iconRaw.png
Consume,0204,2040543,Scroll for Overall Armor for DEF 50%,"Improves def. on the overall armor.\nSuccess rate:50%, wepon def. +5, magic def. +4",0,0,1,,,Item/Item.wz/Consume/0204.img.xml,Item/Item.wz/Consume/0204.img/02040543/info,Item/Item.wz/Consume/0204.img/02040543/info/icon.png,Item/Item.wz/Consume/0204.img/02040543/info/iconRaw.png
Consume,0204,2040600,Scroll for Bottomwear for DEF,"Improves weapon def. on the bottomwear. nSuccess rate:100%, weapon def. +1",0,0,1,,,Item/Item.wz/Consume/0204.img.xml,Item/Item.wz/Consume/0204.img/02040600/info,Item/Item.wz/Consume/0204.img/02040600/info/icon.png,Item/Item.wz/Consume/0204.img/02040600/info/iconRaw.png
Consume,0204,2040601,Scroll for Bottomwear for DEF,"Improves weapon def. on the bottomwear.\nSuccess rate:60%, weapon def. +2, magic def. +1. The success rate of this scroll can be enhanced by Vega's Spell.",0,0,1,,,Item/Item.wz/Consume/0204.img.xml,Item/Item.wz/Consume/0204.img/02040601/info,Item/Item.wz/Consume/0204.img/02040601/info/icon.png,Item/Item.wz/Consume/0204.img/02040601/info/iconRaw.png
Consume,0204,2040602,Scroll for Bottomwear for DEF,"Improves weapon def. on the bottomwear.\nSuccess rate:10%, weapon def.+5, magic def.+3, MaxHP+10. The success rate of this scroll can be enhanced by Vega's Spell.",0,0,1,,,Item/Item.wz/Consume/0204.img.xml,Item/Item.wz/Consume/0204.img/02040602/info,Item/Item.wz/Consume/0204.img/02040602/info/icon.png,Item/Item.wz/Consume/0204.img/02040602/info/iconRaw.png
Consume,0204,2040603,Scroll for Bottomwear for DEF,"Improves weapon def. on the bottomwear.\nSuccess rate:100%, weapon def.+5, magic def.+3, MaxHP+10",0,0,1,,,Item/Item.wz/Consume/0204.img.xml,Item/Item.wz/Consume/0204.img/02040603/info,Item/Item.wz/Consume/0204.img/02040603/info/icon.png,Item/Item.wz/Consume/0204.img/02040603/info/iconRaw.png
Consume,0204,2040604,Dark scroll for Bottomwear for DEF,"Improves weapon def. on the bottomwear.\nSuccess rate:70%, weapon def.+2, magic def.+1nIf failed, the item will be destroyed at a 50% rate.",0,0,1,,,Item/Item.wz/Consume/0204.img.xml,Item/Item.wz/Consume/0204.img/02040604/info,Item/Item.wz/Consume/0204.img/02040604/info/icon.png,Item/Item.wz/Consume/0204.img/02040604/info/iconRaw.png
Consume,0204,2040605,Dark scroll for Bottomwear for DEF,"Improves weapon def. on the bottomwear.\nSuccess rate: 30%, weapon def.+5, magic def. + 3, MaxHP + 10nIf failed, the item will be destroyed at a 50% rate.",0,0,1,,,Item/Item.wz/Consume/0204.img.xml,Item/Item.wz/Consume/0204.img/02040605/info,Item/Item.wz/Consume/0204.img/02040605/info/icon.png,Item/Item.wz/Consume/0204.img/02040605/info/iconRaw.png
Consume,0204,2040606,Dark scroll for Bottomwear for Jump,"Improves jump on the bottomwear.\nSuccess rate: 70%, jump + 2, avoidability + 1nIf failed, the item will be destroyed at a 50% rate.",0,0,1,,,Item/Item.wz/Consume/0204.img.xml,Item/Item.wz/Consume/0204.img/02040606/info,Item/Item.wz/Consume/0204.img/02040606/info/icon.png,Item/Item.wz/Consume/0204.img/02040606/info/iconRaw.png
Consume,0204,2040607,Dark scroll for Bottomwear for Jump,"Improves jump on the bottomwear.\nSuccess rate: 30%. jump + 4, avoidability + 2nIf failed, the item will be destroyed at a 50% rate.",0,0,1,,,Item/Item.wz/Consume/0204.img.xml,Item/Item.wz/Consume/0204.img/02040607/info,Item/Item.wz/Consume/0204.img/02040607/info/icon.png,Item/Item.wz/Consume/0204.img/02040607/info/iconRaw.png
Consume,0204,2040608,Dark scroll for Bottomwear for HP,"Improves HP on the bottomwear.\nSuccess rate: 70%. MaxHP + 15nIf failed, the item will be destroyed at a 50% rate.",0,0,1,,,Item/Item.wz/Consume/0204.img.xml,Item/Item.wz/Consume/0204.img/02040608/info,Item/Item.wz/Consume/0204.img/02040608/info/icon.png,Item/Item.wz/Consume/0204.img/02040608/info/iconRaw.png
Consume,0204,2040609,Dark scroll for Bottomwear for HP,"Improves HP on the bottomwear.\nSuccess rate: 30%. MaxHP + 30nIf failed, the item will be destroyed at a 50% rate.",0,0,1,,,Item/Item.wz/Consume/0204.img.xml,Item/Item.wz/Consume/0204.img/02040609/info,Item/Item.wz/Consume/0204.img/02040609/info/icon.png,Item/Item.wz/Consume/0204.img/02040609/info/iconRaw.png
Consume,0204,2040610,Dark Scroll for Bottomwear for DEX,"Improves dexterity on the bottomwear.\nSuccess Rate 70%, DEX+2, speed+1nIf failed, the item will be destroyed at a 50% rate.",0,0,1,,,Item/Item.wz/Consume/0204.img.xml,Item/Item.wz/Consume/0204.img/02040610/info,Item/Item.wz/Consume/0204.img/02040610/info/icon.png,Item/Item.wz/Consume/0204.img/02040610/info/iconRaw.png
Consume,0204,2040611,Dark Scroll for Bottomwear for DEX,"Improves dexterity on the bottomwear.\nSuccess Rate 30%, DEX+3, speed+3nIf failed, the item will be destroyed at a 50% rate.",0,0,1,,,Item/Item.wz/Consume/0204.img.xml,Item/Item.wz/Consume/0204.img/02040611/info,Item/Item.wz/Consume/0204.img/02040611/info/icon.png,Item/Item.wz/Consume/0204.img/02040611/info/iconRaw.png
Consume,0204,2040612,Scroll for Bottomwear for DEX,"Improves dexterity on the bottomwear.\nSuccess Rate 10%, DEX+3, speed+3. The success rate of this scroll can be enhanced by Vega's Spell.",0,0,1,,,Item/Item.wz/Consume/0204.img.xml,Item/Item.wz/Consume/0204.img/02040612/info,Item/Item.wz/Consume/0204.img/02040612/info/icon.png,Item/Item.wz/Consume/0204.img/02040612/info/iconRaw.png
Consume,0204,2040613,Scroll for Bottomwear for DEX,"Improves dexterity on the bottomwear.\nSuccess Rate 60%, DEX+2, speed+1. The success rate of this scroll can be enhanced by Vega's Spell.",0,0,1,,,Item/Item.wz/Consume/0204.img.xml,Item/Item.wz/Consume/0204.img/02040613/info,Item/Item.wz/Consume/0204.img/02040613/info/icon.png,Item/Item.wz/Consume/0204.img/02040613/info/iconRaw.png
Consume,0204,2040614,Scroll for Bottomwear for DEX,"Improves dexterity on the bottomwear.\nSuccess Rate 100%, DEX+1",0,0,1,,,Item/Item.wz/Consume/0204.img.xml,Item/Item.wz/Consume/0204.img/02040614/info,Item/Item.wz/Consume/0204.img/02040614/info/icon.png,Item/Item.wz/Consume/0204.img/02040614/info/iconRaw.png
Consume,0204,2040615,Scroll for Bottomwear for DEF,"Improves weapon def. on bottomwear.\nSuccess rate:65%, weapon def.+2, magic def.+1",0,0,1,,,Item/Item.wz/Consume/0204.img.xml,Item/Item.wz/Consume/0204.img/02040615/info,Item/Item.wz/Consume/0204.img/02040615/info/icon.png,Item/Item.wz/Consume/0204.img/02040615/info/iconRaw.png
Consume,0204,2040616,Scroll for Bottomwear for DEF,"Improves weapon def. on bottomwear.\nSuccess rate:15%, weapon def.+5, magic def.+3, MaxHP+10",0,0,1,,,Item/Item.wz/Consume/0204.img.xml,Item/Item.wz/Consume/0204.img/02040616/info,Item/Item.wz/Consume/0204.img/02040616/info/icon.png,Item/Item.wz/Consume/0204.img/02040616/info/iconRaw.png
Consume,0204,2040617,Scroll for Bottomwear for Jump 100%,"Improves jumping abilities on bottomwears..\nSuccess rate:100%, jump+1",0,0,1,,,Item/Item.wz/Consume/0204.img.xml,Item/Item.wz/Consume/0204.img/02040617/info,Item/Item.wz/Consume/0204.img/02040617/info/icon.png,Item/Item.wz/Consume/0204.img/02040617/info/iconRaw.png
Consume,0204,2040618,Scroll for Bottomwear for Jump 60%,"Improves jumping abilities on bottomwears.\nSuccess rate:60%, jump+2, avoidability+1. The success rate of this scroll can be enhanced by Vega's Spell.",0,0,1,,,Item/Item.wz/Consume/0204.img.xml,Item/Item.wz/Consume/0204.img/02040618/info,Item/Item.wz/Consume/0204.img/02040618/info/icon.png,Item/Item.wz/Consume/0204.img/02040618/info/iconRaw.png
Consume,0204,2040619,Scroll for Bottomwear for Jump 10%,"Improves jumping abilities on bottomwears..\nSuccess rate:10%, jump+4, avoidability+2. The success rate of this scroll can be enhanced by Vega's Spell.",0,0,1,,,Item/Item.wz/Consume/0204.img.xml,Item/Item.wz/Consume/0204.img/02040619/info,Item/Item.wz/Consume/0204.img/02040619/info/icon.png,Item/Item.wz/Consume/0204.img/02040619/info/iconRaw.png
Consume,0204,2040620,Scroll for Bottomwear for HP 100%,"Improves HP on bottomwears..\nSuccess rate:100%, MaxHP+5",0,0,1,,,Item/Item.wz/Consume/0204.img.xml,Item/Item.wz/Consume/0204.img/02040620/info,Item/Item.wz/Consume/0204.img/02040620/info/icon.png,Item/Item.wz/Consume/0204.img/02040620/info/iconRaw.png
Consume,0204,2040621,Scroll for Bottomwear for HP 60%,"Improves HP on bottomwears.\nSuccess rate:60%, MaxHP+15. The success rate of this scroll can be enhanced by Vega's Spell.",0,0,1,,,Item/Item.wz/Consume/0204.img.xml,Item/Item.wz/Consume/0204.img/02040621/info,Item/Item.wz/Consume/0204.img/02040621/info/icon.png,Item/Item.wz/Consume/0204.img/02040621/info/iconRaw.png
Consume,0204,2040622,Scroll for Bottomwear for HP 10%,"Improves HP on bottomwears.\nSuccess rate:10%, MaxHP+30. The success rate of this scroll can be enhanced by Vega's Spell.",0,0,1,,,Item/Item.wz/Consume/0204.img.xml,Item/Item.wz/Consume/0204.img/02040622/info,Item/Item.wz/Consume/0204.img/02040622/info/icon.png,Item/Item.wz/Consume/0204.img/02040622/info/iconRaw.png
Consume,0204,2040623,Scroll for Bottomwear for DEX 100%,"Improves dexterity on bottomwears..\nSuccess rate:100%, DEX+1",0,0,1,,,Item/Item.wz/Consume/0204.img.xml,Item/Item.wz/Consume/0204.img/02040623/info,Item/Item.wz/Consume/0204.img/02040623/info/icon.png,Item/Item.wz/Consume/0204.img/02040623/info/iconRaw.png
Consume,0204,2040624,Scroll for Bottomwear for DEX 70%,"Improves dexterity on bottomwears..\nSuccess rate:70%, DEX+2, accuracy+1nIf failed, the item will be destroyed at a 50% rate.",0,0,1,,,Item/Item.wz/Consume/0204.img.xml,Item/Item.wz/Consume/0204.img/02040624/info,Item/Item.wz/Consume/0204.img/02040624/info/icon.png,Item/Item.wz/Consume/0204.img/02040624/info/iconRaw.png
Consume,0204,2040625,Scroll for Bottomwear for DEX 60%,"Improves dexterity on bottomwears.\nSuccess rate:60%, DEX+2, accuracy+1. The success rate of this scroll can be enhanced by Vega's Spell.",0,0,1,,,Item/Item.wz/Consume/0204.img.xml,Item/Item.wz/Consume/0204.img/02040625/info,Item/Item.wz/Consume/0204.img/02040625/info/icon.png,Item/Item.wz/Consume/0204.img/02040625/info/iconRaw.png
Consume,0204,2040626,Scroll for Bottomwear for DEX 30%,"Improves dexterity on bottomwears..\nSuccess rate:30%, DEX+3, accuracy+2, speed+1nIf failed, the item will be destroyed at a 50% rate.",0,0,1,,,Item/Item.wz/Consume/0204.img.xml,Item/Item.wz/Consume/0204.img/02040626/info,Item/Item.wz/Consume/0204.img/02040626/info/icon.png,Item/Item.wz/Consume/0204.img/02040626/info/iconRaw.png
Consume,0204,2040627,Scroll for Bottomwear for DEX 10%,"Improves dexterity on bottomwears.\nSuccess rate:10%, DEX+3, accuracy+2, speed+1. The success rate of this scroll can be enhanced by Vega's Spell.",0,0,1,,,Item/Item.wz/Consume/0204.img.xml,Item/Item.wz/Consume/0204.img/02040627/info,Item/Item.wz/Consume/0204.img/02040627/info/icon.png,Item/Item.wz/Consume/0204.img/02040627/info/iconRaw.png
Consume,0204,2040629,Scroll for Bottomwear for DEF 50%,"Improves weapon def. on the bottomwear.\nSuccess rate:50%, weapon def.+5, magic def.+4",0,0,1,,,Item/Item.wz/Consume/0204.img.xml,Item/Item.wz/Consume/0204.img/02040629/info,Item/Item.wz/Consume/0204.img/02040629/info/icon.png,Item/Item.wz/Consume/0204.img/02040629/info/iconRaw.png
Consume,0204,2040630,Scroll for Bottomwear for DEF 100%,"Improves weapon def. on the bottomwear.\nSuccess rate:100%, weapon def. +2, magic def. +3",1,1,1,,,Item/Item.wz/Consume/0204.img.xml,Item/Item.wz/Consume/0204.img/02040630/info,Item/Item.wz/Consume/0204.img/02040630/info/icon.png,Item/Item.wz/Consume/0204.img/02040630/info/iconRaw.png
Consume,0204,2040631,Scroll for Bottomwear for Jump 65%,"Improves Jump on Bottomwear.\nSuccess Rate: 65%, Jump+2, Avoidability+1",0,0,1,,,Item/Item.wz/Consume/0204.img.xml,Item/Item.wz/Consume/0204.img/02040631/info,Item/Item.wz/Consume/0204.img/02040631/info/icon.png,Item/Item.wz/Consume/0204.img/02040631/info/iconRaw.png
Consume,0204,2040632,Scroll for Bottomwear for Jump 15%,"Improves Jump on Bottomwear.\nSuccess Rate: 15%, Jump+4, Avoidability+2",0,0,1,,,Item/Item.wz/Consume/0204.img.xml,Item/Item.wz/Consume/0204.img/02040632/info,Item/Item.wz/Consume/0204.img/02040632/info/icon.png,Item/Item.wz/Consume/0204.img/02040632/info/iconRaw.png
Consume,0204,2040633,Scroll for Bottomwear for HP 65%,"Improves HP on Bottomwear.\nSuccess Rate: 65%, MaxHP+15",0,0,1,,,Item/Item.wz/Consume/0204.img.xml,Item/Item.wz/Consume/0204.img/02040633/info,Item/Item.wz/Consume/0204.img/02040633/info/icon.png,Item/Item.wz/Consume/0204.img/02040633/info/iconRaw.png
Consume,0204,2040634,Scroll for Bottomwear for HP 15%,"Improves HP on Bottomwear.\nSuccess Rate: 15%, MaxHP+30",0,0,1,,,Item/Item.wz/Consume/0204.img.xml,Item/Item.wz/Consume/0204.img/02040634/info,Item/Item.wz/Consume/0204.img/02040634/info/icon.png,Item/Item.wz/Consume/0204.img/02040634/info/iconRaw.png
Consume,0204,2040635,Scroll for Bottomwear for DEX 65%,"Improves DEX on Bottomwear.\nSuccess Rate: 65%, DEX+2, Accuracy+1",0,0,1,,,Item/Item.wz/Consume/0204.img.xml,Item/Item.wz/Consume/0204.img/02040635/info,Item/Item.wz/Consume/0204.img/02040635/info/icon.png,Item/Item.wz/Consume/0204.img/02040635/info/iconRaw.png
Consume,0204,2040636,Scroll for Bottomwear for DEX 15%,"Improves DEX on Bottomwear.\nSuccess Rate: 15%, DEX+3, Accuracy+2, Speed+1",0,0,1,,,Item/Item.wz/Consume/0204.img.xml,Item/Item.wz/Consume/0204.img/02040636/info,Item/Item.wz/Consume/0204.img/02040636/info/icon.png,Item/Item.wz/Consume/0204.img/02040636/info/iconRaw.png
Consume,0204,2040700,Scroll for Shoes for DEX,"Improves dexterity on shoes.\nSuccess rate:100%, Avoidability+1",0,0,1,,,Item/Item.wz/Consume/0204.img.xml,Item/Item.wz/Consume/0204.img/02040700/info,Item/Item.wz/Consume/0204.img/02040700/info/icon.png,Item/Item.wz/Consume/0204.img/02040700/info/iconRaw.png
Consume,0204,2040701,Scroll for Shoes for DEX,"Improves dexterity on shoes.\nSuccess rate:60%, Avoidability +2, Accuracy+1. The success rate of this scroll can be enhanced by Vega's Spell.",0,0,1,,,Item/Item.wz/Consume/0204.img.xml,Item/Item.wz/Consume/0204.img/02040701/info,Item/Item.wz/Consume/0204.img/02040701/info/icon.png,Item/Item.wz/Consume/0204.img/02040701/info/iconRaw.png
Consume,0204,2040702,Scroll for Shoes for DEX,"Improves dexterity on shoes.\nSuccess rate:10%, Avoidability +5, accuracy +3, speed+1. The success rate of this scroll can be enhanced by Vega's Spell.",0,0,1,,,Item/Item.wz/Consume/0204.img.xml,Item/Item.wz/Consume/0204.img/02040702/info,Item/Item.wz/Consume/0204.img/02040702/info/icon.png,Item/Item.wz/Consume/0204.img/02040702/info/iconRaw.png
Consume,0204,2040703,Scroll for Shoes for Jump,"Improves jump on shoes.\nSuccess rate:100%, jump +1",0,0,1,,,Item/Item.wz/Consume/0204.img.xml,Item/Item.wz/Consume/0204.img/02040703/info,Item/Item.wz/Consume/0204.img/02040703/info/icon.png,Item/Item.wz/Consume/0204.img/02040703/info/iconRaw.png
Consume,0204,2040704,Scroll for Shoes for Jump,"Improves jump on shoes.\nSuccess rate: 60%, jump +2, DEX+1. The success rate of this scroll can be enhanced by Vega's Spell.",0,0,1,,,Item/Item.wz/Consume/0204.img.xml,Item/Item.wz/Consume/0204.img/02040704/info,Item/Item.wz/Consume/0204.img/02040704/info/icon.png,Item/Item.wz/Consume/0204.img/02040704/info/iconRaw.png
Consume,0204,2040705,Scroll for Shoes for Jump,"Improves jump on shoes.\nSuccess rate:10%, jump+5, DEX+3, speed+1. The success rate of this scroll can be enhanced by Vega's Spell.",0,0,1,,,Item/Item.wz/Consume/0204.img.xml,Item/Item.wz/Consume/0204.img/02040705/info,Item/Item.wz/Consume/0204.img/02040705/info/icon.png,Item/Item.wz/Consume/0204.img/02040705/info/iconRaw.png
Consume,0204,2040706,Scroll for Shoes for Speed,"Improves speed on shoes.\nSuccess rate:100%, speed+1",0,0,1,,,Item/Item.wz/Consume/0204.img.xml,Item/Item.wz/Consume/0204.img/02040706/info,Item/Item.wz/Consume/0204.img/02040706/info/icon.png,Item/Item.wz/Consume/0204.img/02040706/info/iconRaw.png
Consume,0204,2040707,Scroll for Shoes for Speed,"Improves speed on shoes.\nSuccess rate:60%, speed+2",0,0,1,,,Item/Item.wz/Consume/0204.img.xml,Item/Item.wz/Consume/0204.img/02040707/info,Item/Item.wz/Consume/0204.img/02040707/info/icon.png,Item/Item.wz/Consume/0204.img/02040707/info/iconRaw.png
Consume,0204,2040708,Scroll for Shoes for Speed,"Improves speed on shoes.\nSuccess rate:10%, speed+3. The success rate of this scroll can be enhanced by Vega's Spell.",0,0,1,,,Item/Item.wz/Consume/0204.img.xml,Item/Item.wz/Consume/0204.img/02040708/info,Item/Item.wz/Consume/0204.img/02040708/info/icon.png,Item/Item.wz/Consume/0204.img/02040708/info/iconRaw.png
Consume,0204,2040709,Scroll for Shoes for DEX,"Improves DEX on shoes.\nSuccess rate:100%, avoidability+5, accuracy+3, speed+1",0,0,1,,,Item/Item.wz/Consume/0204.img.xml,Item/Item.wz/Consume/0204.img/02040709/info,Item/Item.wz/Consume/0204.img/02040709/info/icon.png,Item/Item.wz/Consume/0204.img/02040709/info/iconRaw.png
Consume,0204,2040710,Scroll for Shoes for Jump,"Improves jump on shoes.\nSuccess rate:100%, jump+5, DEX+3, speed+1",0,0,1,,,Item/Item.wz/Consume/0204.img.xml,Item/Item.wz/Consume/0204.img/02040710/info,Item/Item.wz/Consume/0204.img/02040710/info/icon.png,Item/Item.wz/Consume/0204.img/02040710/info/iconRaw.png
Consume,0204,2040711,Scroll for Shoes for Speed,"Improves speed on shoes.\nSuccess rate:100%, speed+3",0,0,1,,,Item/Item.wz/Consume/0204.img.xml,Item/Item.wz/Consume/0204.img/02040711/info,Item/Item.wz/Consume/0204.img/02040711/info/icon.png,Item/Item.wz/Consume/0204.img/02040711/info/iconRaw.png
Consume,0204,2040712,Dark scroll for Shoes for DEX,"Improves DEX on shoes.\nSuccess rate:70%, avoidability+2, accuracy+1nIf failed, the item will be destroyed at a 50% rate.",0,0,1,,,Item/Item.wz/Consume/0204.img.xml,Item/Item.wz/Consume/0204.img/02040712/info,Item/Item.wz/Consume/0204.img/02040712/info/icon.png,Item/Item.wz/Consume/0204.img/02040712/info/iconRaw.png
Consume,0204,2040713,Dark scroll for Shoes for DEX,"Improves DEX on shoes.\nSuccess rate:30%, avoidability+5, accuracy+3, speed+1nIf failed, the item will be destroyed at a 50% rate.",0,0,1,,,Item/Item.wz/Consume/0204.img.xml,Item/Item.wz/Consume/0204.img/02040713/info,Item/Item.wz/Consume/0204.img/02040713/info/icon.png,Item/Item.wz/Consume/0204.img/02040713/info/iconRaw.png
Consume,0204,2040714,Dark scroll for Shoes for Jump,"Improves jump on shoes.\nSuccess rate:70%, jump+2, DEX+1nIf failed, the item will be destroyed at a 50% rate.",0,0,1,,,Item/Item.wz/Consume/0204.img.xml,Item/Item.wz/Consume/0204.img/02040714/info,Item/Item.wz/Consume/0204.img/02040714/info/icon.png,Item/Item.wz/Consume/0204.img/02040714/info/iconRaw.png
Consume,0204,2040715,Dark scroll for Shoes for Jump,"Improves jump on shoes.\nSuccess rate:30%, jump+5, DEX+3, speed+1nIf failed, the item will be destroyed at a 50% rate.",0,0,1,,,Item/Item.wz/Consume/0204.img.xml,Item/Item.wz/Consume/0204.img/02040715/info,Item/Item.wz/Consume/0204.img/02040715/info/icon.png,Item/Item.wz/Consume/0204.img/02040715/info/iconRaw.png
Consume,0204,2040716,Dark scroll for Shoes for Speed,"Improves speed on shoes.\nSuccess rate:70%, speed+2nIf failed, the item will be destroyed at a 50% rate.",0,0,1,,,Item/Item.wz/Consume/0204.img.xml,Item/Item.wz/Consume/0204.img/02040716/info,Item/Item.wz/Consume/0204.img/02040716/info/icon.png,Item/Item.wz/Consume/0204.img/02040716/info/iconRaw.png
Consume,0204,2040717,Dark scroll for Shoes for Speed,"Improves speed on shoes.\nSuccess rate:30%, speed+3nIf failed, the item will be destroyed at a 50% rate.",0,0,1,,,Item/Item.wz/Consume/0204.img.xml,Item/Item.wz/Consume/0204.img/02040717/info,Item/Item.wz/Consume/0204.img/02040717/info/icon.png,Item/Item.wz/Consume/0204.img/02040717/info/iconRaw.png
Consume,0204,2040718,Scroll for Shoes for DEX,"Improves dexterity on shoes.\nSuccess rate:65%, avoidability+2, accuracy+1",0,0,1,,,Item/Item.wz/Consume/0204.img.xml,Item/Item.wz/Consume/0204.img/02040718/info,Item/Item.wz/Consume/0204.img/02040718/info/icon.png,Item/Item.wz/Consume/0204.img/02040718/info/iconRaw.png
Consume,0204,2040719,Scroll for Shoes for DEX,"Improves dexterity on shoes.\nSuccess rate:15%, avoidability+5, accuracy+3, speed+1",0,0,1,,,Item/Item.wz/Consume/0204.img.xml,Item/Item.wz/Consume/0204.img/02040719/info,Item/Item.wz/Consume/0204.img/02040719/info/icon.png,Item/Item.wz/Consume/0204.img/02040719/info/iconRaw.png
Consume,0204,2040720,Scroll for Jump for DEX,"Improves jump on shoes.\nSuccess rate:65%, jump+2, DEX+1",0,0,1,,,Item/Item.wz/Consume/0204.img.xml,Item/Item.wz/Consume/0204.img/02040720/info,Item/Item.wz/Consume/0204.img/02040720/info/icon.png,Item/Item.wz/Consume/0204.img/02040720/info/iconRaw.png
Consume,0204,2040721,Scroll for Jump for DEX,"Improves jump on shoes.\nSuccess rate:15%, jump+5, DEX+3, speed+1",0,0,1,,,Item/Item.wz/Consume/0204.img.xml,Item/Item.wz/Consume/0204.img/02040721/info,Item/Item.wz/Consume/0204.img/02040721/info/icon.png,Item/Item.wz/Consume/0204.img/02040721/info/iconRaw.png
Consume,0204,2040722,Scroll for Speed for DEX,"Improves speed on shoes.\nSuccess rate:65%, speed+2",0,0,1,,,Item/Item.wz/Consume/0204.img.xml,Item/Item.wz/Consume/0204.img/02040722/info,Item/Item.wz/Consume/0204.img/02040722/info/icon.png,Item/Item.wz/Consume/0204.img/02040722/info/iconRaw.png
Consume,0204,2040723,Scroll for Speed for DEX,"Improves speed on shoes.\nSuccess rate:15%, speed+3",0,0,1,,,Item/Item.wz/Consume/0204.img.xml,Item/Item.wz/Consume/0204.img/02040723/info,Item/Item.wz/Consume/0204.img/02040723/info/icon.png,Item/Item.wz/Consume/0204.img/02040723/info/iconRaw.png
Consume,0204,2040727,Scroll for Spikes on Shoes 10%,"Adds traction to the shoes, which prevents the shoes from slipping on slippery surface.\nSuccess rate:10%, Does not affect the number of upgrades available. The success rate of this scroll can be enhanced by Vega's Spell.",1,1,1,,,Item/Item.wz/Consume/0204.img.xml,Item/Item.wz/Consume/0204.img/02040727/info,Item/Item.wz/Consume/0204.img/02040727/info/icon.png,Item/Item.wz/Consume/0204.img/02040727/info/iconRaw.png
Consume,0204,2040728,Balrog's STR Scroll 30%,"Improves STR on Balrog Leather Shoes. nSuccess rate: 30%, STR +2",1,1,1,,,Item/Item.wz/Consume/0204.img.xml,Item/Item.wz/Consume/0204.img/02040728/info,Item/Item.wz/Consume/0204.img/02040728/info/icon.png,Item/Item.wz/Consume/0204.img/02040728/info/iconRaw.png
Consume,0204,2040729,Balrog's INT Scroll 30%,"Improves INT on Balrog Leather Shoes. nSuccess rate: 30%, INT +2",1,1,1,,,Item/Item.wz/Consume/0204.img.xml,Item/Item.wz/Consume/0204.img/02040729/info,Item/Item.wz/Consume/0204.img/02040729/info/icon.png,Item/Item.wz/Consume/0204.img/02040729/info/iconRaw.png
Consume,0204,2040730,Balrog's LUK Scroll 30%,"Improves LUK on Balrog Leather Shoes. nSuccess rate: 30%, LUK +2",1,1,1,,,Item/Item.wz/Consume/0204.img.xml,Item/Item.wz/Consume/0204.img/02040730/info,Item/Item.wz/Consume/0204.img/02040730/info/icon.png,Item/Item.wz/Consume/0204.img/02040730/info/iconRaw.png
Consume,0204,2040731,Balrog's DEX Scroll 30%,"Improves DEX on Balrog Leather Shoes. nSucess rate: 30%, DEX +2",1,1,1,,,Item/Item.wz/Consume/0204.img.xml,Item/Item.wz/Consume/0204.img/02040731/info,Item/Item.wz/Consume/0204.img/02040731/info/icon.png,Item/Item.wz/Consume/0204.img/02040731/info/iconRaw.png
Consume,0204,2040732,Balrog's HP Scroll 30%,"Improves HP on Balrog Leather Shoes. nSuccess rate: 30%, MaxHP +30",1,1,1,,,Item/Item.wz/Consume/0204.img.xml,Item/Item.wz/Consume/0204.img/02040732/info,Item/Item.wz/Consume/0204.img/02040732/info/icon.png,Item/Item.wz/Consume/0204.img/02040732/info/iconRaw.png
Consume,0204,2040733,Balrog's MP Scroll 30%,Improves MP on Balrog Leather Shoess. nSuccess rate: 30%. MaxMP +30,1,1,1,,,Item/Item.wz/Consume/0204.img.xml,Item/Item.wz/Consume/0204.img/02040733/info,Item/Item.wz/Consume/0204.img/02040733/info/icon.png,Item/Item.wz/Consume/0204.img/02040733/info/iconRaw.png
Consume,0204,2040734,Balrog's Speed Scroll 30%,"Improves Speed on Balrog Leather Shoes. nSuccess rate: 30%, Speed +3",1,1,1,,,Item/Item.wz/Consume/0204.img.xml,Item/Item.wz/Consume/0204.img/02040734/info,Item/Item.wz/Consume/0204.img/02040734/info/icon.png,Item/Item.wz/Consume/0204.img/02040734/info/iconRaw.png
Consume,0204,2040735,Balrog's Jump Scroll 30%,"Improves Jump on Balrog Leather Shoes. nSuccess rate: 30%, Jump +3",1,1,1,,,Item/Item.wz/Consume/0204.img.xml,Item/Item.wz/Consume/0204.img/02040735/info,Item/Item.wz/Consume/0204.img/02040735/info/icon.png,Item/Item.wz/Consume/0204.img/02040735/info/iconRaw.png
Consume,0204,2040736,Balrog's Accuracy Scroll 30%,"Improves Accuracty on Balrog Leather Shoes. nSuccess rate: 30%, Accuracy +5",1,1,1,,,Item/Item.wz/Consume/0204.img.xml,Item/Item.wz/Consume/0204.img/02040736/info,Item/Item.wz/Consume/0204.img/02040736/info/icon.png,Item/Item.wz/Consume/0204.img/02040736/info/iconRaw.png
Consume,0204,2040737,Balrog's Avoidability Scroll 30%,"Improves Avoidability on Balrog Leather Shoes. nSuccess rate: 30%, Avoidability +5",1,1,1,,,Item/Item.wz/Consume/0204.img.xml,Item/Item.wz/Consume/0204.img/02040737/info,Item/Item.wz/Consume/0204.img/02040737/info/icon.png,Item/Item.wz/Consume/0204.img/02040737/info/iconRaw.png
Consume,0204,2040738,Balrog's Defense Scroll 30%,"Improves Defense on Balrog Leather Shoes. nSuccess rate: 30%, Weapons Defense +10, Magic Defense +10",1,1,1,,,Item/Item.wz/Consume/0204.img.xml,Item/Item.wz/Consume/0204.img/02040738/info,Item/Item.wz/Consume/0204.img/02040738/info/icon.png,Item/Item.wz/Consume/0204.img/02040738/info/iconRaw.png
Consume,0204,2040739,Balrog's Twilight Scroll 5%,"Improves the function of Balrog Leather Shoes.\nSuccess rate: 5%, STR +4, INT +4, DEX +4, LUK +4, Speed +4, Jump +4, Avoidability +4, Accuracy +4, Weapons Defense +14, Magic Defense +14, MaxHP +40, MaxMP +40",1,1,1,,,Item/Item.wz/Consume/0204.img.xml,Item/Item.wz/Consume/0204.img/02040739/info,Item/Item.wz/Consume/0204.img/02040739/info/icon.png,Item/Item.wz/Consume/0204.img/02040739/info/iconRaw.png
Consume,0204,2040740,Scroll for Shoes for DEX 100%,"Improves dexterity on shoes.\nSuccess rate:100%, Avoidability +2, Accuracy+3",1,1,1,,,Item/Item.wz/Consume/0204.img.xml,Item/Item.wz/Consume/0204.img/02040740/info,Item/Item.wz/Consume/0204.img/02040740/info/icon.png,Item/Item.wz/Consume/0204.img/02040740/info/iconRaw.png
Consume,0204,2040741,Scroll for Shoes for Jump 100%,"Improves jump on shoes.\nSuccess rate: 100%, jump +2, DEX+2",1,1,1,,,Item/Item.wz/Consume/0204.img.xml,Item/Item.wz/Consume/0204.img/02040741/info,Item/Item.wz/Consume/0204.img/02040741/info/icon.png,Item/Item.wz/Consume/0204.img/02040741/info/iconRaw.png
Consume,0204,2040742,Scroll for Shoes for Speed 100%,"Improves speed on shoes.\nSuccess rate:100%, speed+2",1,1,1,,,Item/Item.wz/Consume/0204.img.xml,Item/Item.wz/Consume/0204.img/02040742/info,Item/Item.wz/Consume/0204.img/02040742/info/icon.png,Item/Item.wz/Consume/0204.img/02040742/info/iconRaw.png
Consume,0204,2040755,Scroll for Shoes for DEX 50%,"Improves dexterity on shoes.\nSuccess rate:50%, Avoidability +3, accuracy +3, speed+2",0,0,1,,,Item/Item.wz/Consume/0204.img.xml,Item/Item.wz/Consume/0204.img/02040755/info,Item/Item.wz/Consume/0204.img/02040755/info/icon.png,Item/Item.wz/Consume/0204.img/02040755/info/iconRaw.png
Consume,0204,2040756,Scroll for Shoes for Jump 50%,"Improves jump on shoes.\nSuccess rate:50%, jump+6, speed+1",0,0,1,,,Item/Item.wz/Consume/0204.img.xml,Item/Item.wz/Consume/0204.img/02040756/info,Item/Item.wz/Consume/0204.img/02040756/info/icon.png,Item/Item.wz/Consume/0204.img/02040756/info/iconRaw.png
Consume,0204,2040757,Scroll for Shoes for Speed 50%,"Improves speed on shoes.\nSuccess rate:50%, speed+3, jump+1",0,0,1,,,Item/Item.wz/Consume/0204.img.xml,Item/Item.wz/Consume/0204.img/02040757/info,Item/Item.wz/Consume/0204.img/02040757/info/icon.png,Item/Item.wz/Consume/0204.img/02040757/info/iconRaw.png
Consume,0204,2040758,Scroll for Shoes for ATT,Improves attack on shoes.\nSuccess rate: 100%. Weapon Attack +1,0,0,1,,,Item/Item.wz/Consume/0204.img.xml,Item/Item.wz/Consume/0204.img/02040758/info,Item/Item.wz/Consume/0204.img/02040758/info/icon.png,Item/Item.wz/Consume/0204.img/02040758/info/iconRaw.png
Consume,0204,2040759,Scroll for Shoes for ATT,Improves attack on gloves.\nSuccess rate: 60%. Weapon Attack +2. The success rate of this scroll can be enhanced by Vega's Spell.,0,0,1,,,Item/Item.wz/Consume/0204.img.xml,Item/Item.wz/Consume/0204.img/02040759/info,Item/Item.wz/Consume/0204.img/02040759/info/icon.png,Item/Item.wz/Consume/0204.img/02040759/info/iconRaw.png
Consume,0204,2040760,Scroll for Shoes for ATT,"Improves attack on shoes.\nSuccess rate: 10%, Weapon Attack +3. The success rate of this scroll can be enhanced by Vega's Spell.",0,0,1,,,Item/Item.wz/Consume/0204.img.xml,Item/Item.wz/Consume/0204.img/02040760/info,Item/Item.wz/Consume/0204.img/02040760/info/icon.png,Item/Item.wz/Consume/0204.img/02040760/info/iconRaw.png
Consume,0204,2040800,Scroll for Gloves for DEX,"Improves dexterity on gloves.\nSuccess rate:100%, accurcacy +1",0,0,1,,,Item/Item.wz/Consume/0204.img.xml,Item/Item.wz/Consume/0204.img/02040800/info,Item/Item.wz/Consume/0204.img/02040800/info/icon.png,Item/Item.wz/Consume/0204.img/02040800/info/iconRaw.png
Consume,0204,2040801,Scroll for Gloves for DEX,"Improves dexterity on gloves.\nSuccess rate: 60%, accuracy+2, DEX+1. The success rate of this scroll can be enhanced by Vega's Spell.",0,0,1,,,Item/Item.wz/Consume/0204.img.xml,Item/Item.wz/Consume/0204.img/02040801/info,Item/Item.wz/Consume/0204.img/02040801/info/icon.png,Item/Item.wz/Consume/0204.img/02040801/info/iconRaw.png
Consume,0204,2040802,Scroll for Gloves for DEX,"Improves dexterity on gloves.\nSuccess rate:10%, accuracy+5, DEX+3, avoidability+1. The success rate of this scroll can be enhanced by Vega's Spell.",0,0,1,,,Item/Item.wz/Consume/0204.img.xml,Item/Item.wz/Consume/0204.img/02040802/info,Item/Item.wz/Consume/0204.img/02040802/info/icon.png,Item/Item.wz/Consume/0204.img/02040802/info/iconRaw.png
Consume,0204,2040803,Scroll for Gloves for ATT,"Improves attack on gloves.\nSuccess rate:100%, weapon att. +1",0,0,1,,,Item/Item.wz/Consume/0204.img.xml,Item/Item.wz/Consume/0204.img/02040803/info,Item/Item.wz/Consume/0204.img/02040803/info/icon.png,Item/Item.wz/Consume/0204.img/02040803/info/iconRaw.png
Consume,0204,2040804,Scroll for Gloves for ATT,"Improves attack on gloves.\nSuccess rate 60%, weapon att. +2. The success rate of this scroll can be enhanced by Vega's Spell.",0,0,1,,,Item/Item.wz/Consume/0204.img.xml,Item/Item.wz/Consume/0204.img/02040804/info,Item/Item.wz/Consume/0204.img/02040804/info/icon.png,Item/Item.wz/Consume/0204.img/02040804/info/iconRaw.png
Consume,0204,2040805,Scroll for Gloves for ATT,"Improves attack on gloves.\nSuccess rate:10%, weapon att.+3. The success rate of this scroll can be enhanced by Vega's Spell.",0,0,1,,,Item/Item.wz/Consume/0204.img.xml,Item/Item.wz/Consume/0204.img/02040805/info,Item/Item.wz/Consume/0204.img/02040805/info/icon.png,Item/Item.wz/Consume/0204.img/02040805/info/iconRaw.png
Consume,0204,2040806,Scroll for Gloves for DEX,"Improves DEX on the glove.\nSuccess rate:100%, accuracy+5, DEX+3, avoidability+1",0,0,1,,,Item/Item.wz/Consume/0204.img.xml,Item/Item.wz/Consume/0204.img/02040806/info,Item/Item.wz/Consume/0204.img/02040806/info/icon.png,Item/Item.wz/Consume/0204.img/02040806/info/iconRaw.png
Consume,0204,2040807,Scroll for Gloves for ATT,"Improves weapon att. on the glove.\nSuccess rate:100%, weapon att.+3",0,0,1,,,Item/Item.wz/Consume/0204.img.xml,Item/Item.wz/Consume/0204.img/02040807/info,Item/Item.wz/Consume/0204.img/02040807/info/icon.png,Item/Item.wz/Consume/0204.img/02040807/info/iconRaw.png
Consume,0204,2040808,Dark scroll for Gloves for DEX,"Improves DEX on the glove.\nSuccess rate:70%, accuracy+2, DEX+1nIf failed, the item will be destroyed at a 50% rate.",0,0,1,,,Item/Item.wz/Consume/0204.img.xml,Item/Item.wz/Consume/0204.img/02040808/info,Item/Item.wz/Consume/0204.img/02040808/info/icon.png,Item/Item.wz/Consume/0204.img/02040808/info/iconRaw.png
Consume,0204,2040809,Dark scroll for Gloves for DEX,"Improves DEX on the glove.\nSuccess rate:30%, accuracy+5, DEX+3, avoidability+1nIf failed, the item will be destroyed at a 50% rate.",0,0,1,,,Item/Item.wz/Consume/0204.img.xml,Item/Item.wz/Consume/0204.img/02040809/info,Item/Item.wz/Consume/0204.img/02040809/info/icon.png,Item/Item.wz/Consume/0204.img/02040809/info/iconRaw.png
Consume,0204,2040810,Dark scroll for Gloves for ATT,"Improves weapon att. on the glove.\nSuccess rate:70%, weapon att.+2nIf failed, the item will be destroyed at a 50% rate.",0,0,1,,,Item/Item.wz/Consume/0204.img.xml,Item/Item.wz/Consume/0204.img/02040810/info,Item/Item.wz/Consume/0204.img/02040810/info/icon.png,Item/Item.wz/Consume/0204.img/02040810/info/iconRaw.png
Consume,0204,2040811,Dark scroll for Gloves for ATT,"Improves weapon att. on the glove.\nSuccess rate:30%, weapon att.+3nIf failed, the item will be destroyed at a 50% rate.",0,0,1,,,Item/Item.wz/Consume/0204.img.xml,Item/Item.wz/Consume/0204.img/02040811/info,Item/Item.wz/Consume/0204.img/02040811/info/icon.png,Item/Item.wz/Consume/0204.img/02040811/info/iconRaw.png
Consume,0204,2040812,Dark scroll for Gloves for HP,"Improves HP on the glove.\nSuccess rate: 70%, MaxHP+15nIf failed, the item will be destroyed at a 50% rate.",0,0,1,,,Item/Item.wz/Consume/0204.img.xml,Item/Item.wz/Consume/0204.img/02040812/info,Item/Item.wz/Consume/0204.img/02040812/info/icon.png,Item/Item.wz/Consume/0204.img/02040812/info/iconRaw.png
Consume,0204,2040813,Dark scroll for Gloves for HP,"Improves HP on the glove.\nSuccess rate: 30%, MaxHP + 30nIf failed, the item will be destroyed at a 50% rate.",0,0,1,,,Item/Item.wz/Consume/0204.img.xml,Item/Item.wz/Consume/0204.img/02040813/info,Item/Item.wz/Consume/0204.img/02040813/info/icon.png,Item/Item.wz/Consume/0204.img/02040813/info/iconRaw.png
Consume,0204,2040814,Dark Scroll for Gloves for Magic Att.,"Improves magic attack on the glove.\nSuccess Rate 70%, magic attack+1, INT+1nIf failed, the item will be destroyed at a 50% rate.",0,0,1,,,Item/Item.wz/Consume/0204.img.xml,Item/Item.wz/Consume/0204.img/02040814/info,Item/Item.wz/Consume/0204.img/02040814/info/icon.png,Item/Item.wz/Consume/0204.img/02040814/info/iconRaw.png
Consume,0204,2040815,Dark Scroll for Gloves for Magic Att.,"Improves magic attack on the glove.\nSuccess Rate 30%, magic attack+3, INT+3, magic defense+1nIf failed, the item will be destroyed at a 50% rate.",0,0,1,,,Item/Item.wz/Consume/0204.img.xml,Item/Item.wz/Consume/0204.img/02040815/info,Item/Item.wz/Consume/0204.img/02040815/info/icon.png,Item/Item.wz/Consume/0204.img/02040815/info/iconRaw.png
Consume,0204,2040816,Scroll for Gloves for Magic Att.,"Improves magic attack on the glove.\nSuccess Rate 10%, magic defense+1, magic attack+3, INT+3. The success rate of this scroll can be enhanced by Vega's Spell.",0,0,1,,,Item/Item.wz/Consume/0204.img.xml,Item/Item.wz/Consume/0204.img/02040816/info,Item/Item.wz/Consume/0204.img/02040816/info/icon.png,Item/Item.wz/Consume/0204.img/02040816/info/iconRaw.png
Consume,0204,2040817,Scroll for Gloves for Magic Att.,"Improves magic attack on the glove.\nSuccess Rate 60%, magic attack+1, INT+1. The success rate of this scroll can be enhanced by Vega's Spell.",0,0,1,,,Item/Item.wz/Consume/0204.img.xml,Item/Item.wz/Consume/0204.img/02040817/info,Item/Item.wz/Consume/0204.img/02040817/info/icon.png,Item/Item.wz/Consume/0204.img/02040817/info/iconRaw.png
Consume,0204,2040818,Scroll for Gloves for Magic Att.,"Improves magic attack on the glove.\nSuccess Rate 100%, magic attack+1",0,0,1,,,Item/Item.wz/Consume/0204.img.xml,Item/Item.wz/Consume/0204.img/02040818/info,Item/Item.wz/Consume/0204.img/02040818/info/icon.png,Item/Item.wz/Consume/0204.img/02040818/info/iconRaw.png
Consume,0204,2040819,Scroll for Gloves for DEX,"Improves dexterity on gloves.\nSuccess rate:65%, accuracy+2, DEX+1",0,0,1,,,Item/Item.wz/Consume/0204.img.xml,Item/Item.wz/Consume/0204.img/02040819/info,Item/Item.wz/Consume/0204.img/02040819/info/icon.png,Item/Item.wz/Consume/0204.img/02040819/info/iconRaw.png
Consume,0204,2040820,Scroll for Gloves for DEX,"Improves dexterity on gloves.\nSuccess rate:15%, accuracy+5, DEX+3, avoidability+1",0,0,1,,,Item/Item.wz/Consume/0204.img.xml,Item/Item.wz/Consume/0204.img/02040820/info,Item/Item.wz/Consume/0204.img/02040820/info/icon.png,Item/Item.wz/Consume/0204.img/02040820/info/iconRaw.png
Consume,0204,2040821,Scroll for Gloves for ATT,"Improves attack on gloves.\nSuccess rate:65%, weapon attack+2",0,0,1,,,Item/Item.wz/Consume/0204.img.xml,Item/Item.wz/Consume/0204.img/02040821/info,Item/Item.wz/Consume/0204.img/02040821/info/icon.png,Item/Item.wz/Consume/0204.img/02040821/info/iconRaw.png
Consume,0204,2040822,Scroll for Gloves for ATT,"Improves attack on gloves.\nSuccess rate:15%, weapon attack+3",0,0,1,,,Item/Item.wz/Consume/0204.img.xml,Item/Item.wz/Consume/0204.img/02040822/info,Item/Item.wz/Consume/0204.img/02040822/info/icon.png,Item/Item.wz/Consume/0204.img/02040822/info/iconRaw.png
Consume,0204,2040823,Scroll for Gloves for HP 100%,"Improves HP on gloves..\nSuccess rate:100%, MaxHP+5",0,0,1,,,Item/Item.wz/Consume/0204.img.xml,Item/Item.wz/Consume/0204.img/02040823/info,Item/Item.wz/Consume/0204.img/02040823/info/icon.png,Item/Item.wz/Consume/0204.img/02040823/info/iconRaw.png
Consume,0204,2040824,Scroll for Gloves for HP 60%,"Improves HP on gloves.\nSuccess rate:60%, MaxHP+15. The success rate of this scroll can be enhanced by Vega's Spell.",0,0,1,,,Item/Item.wz/Consume/0204.img.xml,Item/Item.wz/Consume/0204.img/02040824/info,Item/Item.wz/Consume/0204.img/02040824/info/icon.png,Item/Item.wz/Consume/0204.img/02040824/info/iconRaw.png
Consume,0204,2040825,Scroll for Gloves for HP 10%,"Improves HP on gloves.\nSuccess rate:10%, MaxHP+30. The success rate of this scroll can be enhanced by Vega's Spell.",0,0,1,,,Item/Item.wz/Consume/0204.img.xml,Item/Item.wz/Consume/0204.img/02040825/info,Item/Item.wz/Consume/0204.img/02040825/info/icon.png,Item/Item.wz/Consume/0204.img/02040825/info/iconRaw.png
Consume,0204,2040826,Scroll for Gloves for ATT 60%,"Improves ATT on Gloves.\nSuccess rate: 60%, Weapons ATT +2. The success rate of this scroll can be enhanced by Vega's Spell.",0,0,1,,,Item/Item.wz/Consume/0204.img.xml,Item/Item.wz/Consume/0204.img/02040826/info,Item/Item.wz/Consume/0204.img/02040826/info/icon.png,Item/Item.wz/Consume/0204.img/02040826/info/iconRaw.png
Consume,0204,2040829,Scroll for Gloves for DEX 100%,"Improves dexterity on gloves.\nSuccess rate: 100%, accuracy+2, DEX+2",1,1,1,,,Item/Item.wz/Consume/0204.img.xml,Item/Item.wz/Consume/0204.img/02040829/info,Item/Item.wz/Consume/0204.img/02040829/info/icon.png,Item/Item.wz/Consume/0204.img/02040829/info/iconRaw.png
Consume,0204,2040830,Scroll for Gloves for ATT 100%,"Improves attack on gloves.\nSuccess rate 100%, weapon att. +2",1,1,1,,,Item/Item.wz/Consume/0204.img.xml,Item/Item.wz/Consume/0204.img/02040830/info,Item/Item.wz/Consume/0204.img/02040830/info/icon.png,Item/Item.wz/Consume/0204.img/02040830/info/iconRaw.png
Consume,0204,2040831,Scroll for Gloves for HP 65%,"Improves HP on Gloves.\nSuccess Rate: 65%, MaxHP+15",0,0,1,,,Item/Item.wz/Consume/0204.img.xml,Item/Item.wz/Consume/0204.img/02040831/info,Item/Item.wz/Consume/0204.img/02040831/info/icon.png,Item/Item.wz/Consume/0204.img/02040831/info/iconRaw.png
Consume,0204,2040832,Scroll for Gloves for HP 15%,"Improves HP on Gloves.\nSuccess Rate: 15%, MaxHP+30",0,0,1,,,Item/Item.wz/Consume/0204.img.xml,Item/Item.wz/Consume/0204.img/02040832/info,Item/Item.wz/Consume/0204.img/02040832/info/icon.png,Item/Item.wz/Consume/0204.img/02040832/info/iconRaw.png
Consume,0204,2040833,Scroll for Gloves for DEX 50%,"Improves dexterity on gloves.\nSuccess rate:50%, accuracy+3, DEX+3, avoidability+2",0,0,1,,,Item/Item.wz/Consume/0204.img.xml,Item/Item.wz/Consume/0204.img/02040833/info,Item/Item.wz/Consume/0204.img/02040833/info/icon.png,Item/Item.wz/Consume/0204.img/02040833/info/iconRaw.png
Consume,0204,2040834,Scroll for Gloves for ATT 50%,"Improves attack on gloves.\nSuccess rate:50%, weapon att.+3",0,0,1,,,Item/Item.wz/Consume/0204.img.xml,Item/Item.wz/Consume/0204.img/02040834/info,Item/Item.wz/Consume/0204.img/02040834/info/icon.png,Item/Item.wz/Consume/0204.img/02040834/info/iconRaw.png
Consume,0204,2040900,Scroll for Shield for DEF,"Improves weapon def. on the shield.\nSuccess rate:100%, weapon def. +1",0,0,1,,,Item/Item.wz/Consume/0204.img.xml,Item/Item.wz/Consume/0204.img/02040900/info,Item/Item.wz/Consume/0204.img/02040900/info/icon.png,Item/Item.wz/Consume/0204.img/02040900/info/iconRaw.png
Consume,0204,2040901,Scroll for Shield for DEF,"Improves weapon def. on the shield.\nSuccess rate:60%, weapon def.+2, magic def.+1. The success rate of this scroll can be enhanced by Vega's Spell.",0,0,1,,,Item/Item.wz/Consume/0204.img.xml,Item/Item.wz/Consume/0204.img/02040901/info,Item/Item.wz/Consume/0204.img/02040901/info/icon.png,Item/Item.wz/Consume/0204.img/02040901/info/iconRaw.png
Consume,0204,2040902,Scroll for Shield for DEF,"Improves weapon def. on the shield.\nSuccess rate 10%, weapon def.+5, magic def.+3, MaxHP+10. The success rate of this scroll can be enhanced by Vega's Spell.",0,0,1,,,Item/Item.wz/Consume/0204.img.xml,Item/Item.wz/Consume/0204.img/02040902/info,Item/Item.wz/Consume/0204.img/02040902/info/icon.png,Item/Item.wz/Consume/0204.img/02040902/info/iconRaw.png
Consume,0204,2040903,Scroll for Shield for DEF,"Improves weapon def. on the shield.\nSuccess rate 100%, weapon def.+5, magic def.+3, MaxHP+10",0,0,1,,,Item/Item.wz/Consume/0204.img.xml,Item/Item.wz/Consume/0204.img/02040903/info,Item/Item.wz/Consume/0204.img/02040903/info/icon.png,Item/Item.wz/Consume/0204.img/02040903/info/iconRaw.png
Consume,0204,2040904,Dark scroll for Shield for DEF,"Improves weapon def. on the shield.\nSuccess rate 70%, weapon def.+2, magic def.+1nIf failed, the item will be destroyed at a 50% rate.",0,0,1,,,Item/Item.wz/Consume/0204.img.xml,Item/Item.wz/Consume/0204.img/02040904/info,Item/Item.wz/Consume/0204.img/02040904/info/icon.png,Item/Item.wz/Consume/0204.img/02040904/info/iconRaw.png
Consume,0204,2040905,Dark scroll for Shield for DEF,"Improves weapon def. on the shield.\nSuccess rate 30%, weapon def.+5, magic def.+3, MaxHP+10nIf failed, the item will be destroyed at a 50% rate.",0,0,1,,,Item/Item.wz/Consume/0204.img.xml,Item/Item.wz/Consume/0204.img/02040905/info,Item/Item.wz/Consume/0204.img/02040905/info/icon.png,Item/Item.wz/Consume/0204.img/02040905/info/iconRaw.png
Consume,0204,2040906,Dark scroll for Shield for LUK,"Improves LUK on the shield.\nSuccess rate: 70%, LUK + 2nIf failed, the item will be destroyed at a 50% rate.",0,0,1,,,Item/Item.wz/Consume/0204.img.xml,Item/Item.wz/Consume/0204.img/02040906/info,Item/Item.wz/Consume/0204.img/02040906/info/icon.png,Item/Item.wz/Consume/0204.img/02040906/info/iconRaw.png
Consume,0204,2040907,Dark scroll for Shield for LUK,"Improves LUK on the shield.\nSuccess rate: 30%, LUK + 3nIf failed, the item will be destroyed at a 50% rate.",0,0,1,,,Item/Item.wz/Consume/0204.img.xml,Item/Item.wz/Consume/0204.img/02040907/info,Item/Item.wz/Consume/0204.img/02040907/info/icon.png,Item/Item.wz/Consume/0204.img/02040907/info/iconRaw.png
Consume,0204,2040908,Dark scroll for Shield for HP,"Improves HP on the shield.\nSuccess rate: 70%, MaxHP + 15nIf failed, the item will be destroyed at a 50% rate.",0,0,1,,,Item/Item.wz/Consume/0204.img.xml,Item/Item.wz/Consume/0204.img/02040908/info,Item/Item.wz/Consume/0204.img/02040908/info/icon.png,Item/Item.wz/Consume/0204.img/02040908/info/iconRaw.png
Consume,0204,2040909,Dark scroll for Shield for HP,"Improves HP on the shield.\nSuccess rate: 30%, MaxHP + 30nIf failed, the item will be destroyed at a 50% rate.",0,0,1,,,Item/Item.wz/Consume/0204.img.xml,Item/Item.wz/Consume/0204.img/02040909/info,Item/Item.wz/Consume/0204.img/02040909/info/icon.png,Item/Item.wz/Consume/0204.img/02040909/info/iconRaw.png
Consume,0204,2040910,Scroll for Shield for DEF,"Improves weapon defense on the shield.\nSuccess rate:65%, weapon def.+2, magic def.+1",0,0,1,,,Item/Item.wz/Consume/0204.img.xml,Item/Item.wz/Consume/0204.img/02040910/info,Item/Item.wz/Consume/0204.img/02040910/info/icon.png,Item/Item.wz/Consume/0204.img/02040910/info/iconRaw.png
Consume,0204,2040911,Scroll for Shield for DEF,"Improves weapon defense on the shield.\nSuccess rate:15%, weapon def.+5, magic def.+3, MaxHP+10",0,0,1,,,Item/Item.wz/Consume/0204.img.xml,Item/Item.wz/Consume/0204.img/02040911/info,Item/Item.wz/Consume/0204.img/02040911/info/icon.png,Item/Item.wz/Consume/0204.img/02040911/info/iconRaw.png
Consume,0204,2040912,[4yrAnniv]Scroll for Shield for DEF,"Improves weapon defense for Maple Magician shield, Maple warrior shield, and the Maple Shibus shield. nSuccess rate:40%, weapon def.+3, magic def.+2 nIf failed, the item will be destroyed at a 30% rate.",0,0,1,,,Item/Item.wz/Consume/0204.img.xml,Item/Item.wz/Consume/0204.img/02040912/info,Item/Item.wz/Consume/0204.img/02040912/info/icon.png,Item/Item.wz/Consume/0204.img/02040912/info/iconRaw.png
Consume,0204,2040914,Scroll for Shield for Weapon Att.,"Improves weapon attack on the shield.\nSuccess Rate 60%, W. attack+2, STR+1. The success rate of this scroll can be enhanced by Vega's Spell.",0,0,1,,,Item/Item.wz/Consume/0204.img.xml,Item/Item.wz/Consume/0204.img/02040914/info,Item/Item.wz/Consume/0204.img/02040914/info/icon.png,Item/Item.wz/Consume/0204.img/02040914/info/iconRaw.png
Consume,0204,2040915,Scroll for Shield for Weapon Att.,"Improves weapon attack on the shield.\nSuccess Rate 10%, W. attack+3, STR+2. The success rate of this scroll can be enhanced by Vega's Spell.",0,0,1,,,Item/Item.wz/Consume/0204.img.xml,Item/Item.wz/Consume/0204.img/02040915/info,Item/Item.wz/Consume/0204.img/02040915/info/icon.png,Item/Item.wz/Consume/0204.img/02040915/info/iconRaw.png
Consume,0204,2040916,Dark Scroll for Shield for Weapon Att.,"Improves weapon attack on the shield.\nSuccess Rate 70%, W. attack+2, STR+1nIf failed, the item will be destroyed at a 50% rate.",0,0,1,,,Item/Item.wz/Consume/0204.img.xml,Item/Item.wz/Consume/0204.img/02040916/info,Item/Item.wz/Consume/0204.img/02040916/info/icon.png,Item/Item.wz/Consume/0204.img/02040916/info/iconRaw.png
Consume,0204,2040917,Dark Scroll for Shield for Weapon Att.,"Improves weapon attack on the shield.\nSuccess Rate 30%, W. attack+3, STR+2nIf failed, the item will be destroyed at a 50% rate.",0,0,1,,,Item/Item.wz/Consume/0204.img.xml,Item/Item.wz/Consume/0204.img/02040917/info,Item/Item.wz/Consume/0204.img/02040917/info/icon.png,Item/Item.wz/Consume/0204.img/02040917/info/iconRaw.png
Consume,0204,2040918,Scroll for Shield for Magic Att.,"Improves magic attack on the shield.\nSuccess Rate 100%, magic attack+1",0,0,1,,,Item/Item.wz/Consume/0204.img.xml,Item/Item.wz/Consume/0204.img/02040918/info,Item/Item.wz/Consume/0204.img/02040918/info/icon.png,Item/Item.wz/Consume/0204.img/02040918/info/iconRaw.png
Consume,0204,2040919,Scroll for Shield for Magic Att.,"Improves magic attack on the shield.\nSuccess Rate 60%, magic attack+2, INT+1. The success rate of this scroll can be enhanced by Vega's Spell.",0,0,1,,,Item/Item.wz/Consume/0204.img.xml,Item/Item.wz/Consume/0204.img/02040919/info,Item/Item.wz/Consume/0204.img/02040919/info/icon.png,Item/Item.wz/Consume/0204.img/02040919/info/iconRaw.png
Consume,0204,2040920,Scroll for Shield for Magic Att.,"Improves magic attack on the shield.\nSuccess Rate 10%, magic attack+3, INT+2. The success rate of this scroll can be enhanced by Vega's Spell.",0,0,1,,,Item/Item.wz/Consume/0204.img.xml,Item/Item.wz/Consume/0204.img/02040920/info,Item/Item.wz/Consume/0204.img/02040920/info/icon.png,Item/Item.wz/Consume/0204.img/02040920/info/iconRaw.png
Consume,0204,2040921,Dark Scroll for Shield for Magic Att.,"Improves magic attack on the shield.\nSuccess Rate 70%, magic attack+2, INT+1nIf failed, the item will be destroyed at a 50% rate.",0,0,1,,,Item/Item.wz/Consume/0204.img.xml,Item/Item.wz/Consume/0204.img/02040921/info,Item/Item.wz/Consume/0204.img/02040921/info/icon.png,Item/Item.wz/Consume/0204.img/02040921/info/iconRaw.png
Consume,0204,2040922,Dark Scroll for Shield for Magic Att.,"Improves magic attack on the shield.\nSuccess Rate 50%, magic attack+3, INT+2nIf failed, the item will be destroyed at a 50% rate.",0,0,1,,,Item/Item.wz/Consume/0204.img.xml,Item/Item.wz/Consume/0204.img/02040922/info,Item/Item.wz/Consume/0204.img/02040922/info/icon.png,Item/Item.wz/Consume/0204.img/02040922/info/iconRaw.png
Consume,0204,2040923,Scroll for Shield for LUK 100%,"Improves LUK on shields..\nSuccess rate:100%, LUK+1",0,0,1,,,Item/Item.wz/Consume/0204.img.xml,Item/Item.wz/Consume/0204.img/02040923/info,Item/Item.wz/Consume/0204.img/02040923/info/icon.png,Item/Item.wz/Consume/0204.img/02040923/info/iconRaw.png
Consume,0204,2040924,Scroll for Shield for LUK 60%,"Improves LUK on shields.\nSuccess rate:60%, LUK+2. The success rate of this scroll can be enhanced by Vega's Spell.",0,0,1,,,Item/Item.wz/Consume/0204.img.xml,Item/Item.wz/Consume/0204.img/02040924/info,Item/Item.wz/Consume/0204.img/02040924/info/icon.png,Item/Item.wz/Consume/0204.img/02040924/info/iconRaw.png
Consume,0204,2040925,Scroll for Shield for LUK 10%,"Improves LUK on shields.\nSuccess rate:10%, LUK+3. The success rate of this scroll can be enhanced by Vega's Spell.",0,0,1,,,Item/Item.wz/Consume/0204.img.xml,Item/Item.wz/Consume/0204.img/02040925/info,Item/Item.wz/Consume/0204.img/02040925/info/icon.png,Item/Item.wz/Consume/0204.img/02040925/info/iconRaw.png
Consume,0204,2040926,Scroll for Shield for HP 100%,"Improves HP on shields..\nSuccess rate:100%, MaxHP+5",0,0,1,,,Item/Item.wz/Consume/0204.img.xml,Item/Item.wz/Consume/0204.img/02040926/info,Item/Item.wz/Consume/0204.img/02040926/info/icon.png,Item/Item.wz/Consume/0204.img/02040926/info/iconRaw.png
Consume,0204,2040927,Scroll for Shield for HP 60%,"Improves HP on shields.\nSuccess rate:60%, MaxHP+15. The success rate of this scroll can be enhanced by Vega's Spell.",0,0,1,,,Item/Item.wz/Consume/0204.img.xml,Item/Item.wz/Consume/0204.img/02040927/info,Item/Item.wz/Consume/0204.img/02040927/info/icon.png,Item/Item.wz/Consume/0204.img/02040927/info/iconRaw.png
Consume,0204,2040928,Scroll for Shield for HP 10%,"Improves HP on shields.\nSuccess rate:10%, MaxHP+30. The success rate of this scroll can be enhanced by Vega's Spell.",0,0,1,,,Item/Item.wz/Consume/0204.img.xml,Item/Item.wz/Consume/0204.img/02040928/info,Item/Item.wz/Consume/0204.img/02040928/info/icon.png,Item/Item.wz/Consume/0204.img/02040928/info/iconRaw.png
Consume,0204,2040929,Scroll for Shield for STR 100%,"Improves strength on shields..\nSuccess rate:100%, STR+1",0,0,1,,,Item/Item.wz/Consume/0204.img.xml,Item/Item.wz/Consume/0204.img/02040929/info,Item/Item.wz/Consume/0204.img/02040929/info/icon.png,Item/Item.wz/Consume/0204.img/02040929/info/iconRaw.png
Consume,0204,2040930,Scroll for Shield for STR 70%,"Improves strength on shields..\nSuccess rate:70%, STR+2nIf failed, the item will be destroyed at a 50% rate.",0,0,1,,,Item/Item.wz/Consume/0204.img.xml,Item/Item.wz/Consume/0204.img/02040930/info,Item/Item.wz/Consume/0204.img/02040930/info/icon.png,Item/Item.wz/Consume/0204.img/02040930/info/iconRaw.png
Consume,0204,2040931,Scroll for Shield for STR 60%,"Improves strength on shields.\nSuccess rate:60%, STR+2. The success rate of this scroll can be enhanced by Vega's Spell.",0,0,1,,,Item/Item.wz/Consume/0204.img.xml,Item/Item.wz/Consume/0204.img/02040931/info,Item/Item.wz/Consume/0204.img/02040931/info/icon.png,Item/Item.wz/Consume/0204.img/02040931/info/iconRaw.png
Consume,0204,2040932,Scroll for Shield for STR 30%,"Improves strength on shields..\nSuccess rate:30%, STR+3nIf failed, the item will be destroyed at a 50% rate.",0,0,1,,,Item/Item.wz/Consume/0204.img.xml,Item/Item.wz/Consume/0204.img/02040932/info,Item/Item.wz/Consume/0204.img/02040932/info/icon.png,Item/Item.wz/Consume/0204.img/02040932/info/iconRaw.png
Consume,0204,2040933,Scroll for Shield for STR 10%,"Improves strength on shields.\nSuccess rate:10%, STR+3. The success rate of this scroll can be enhanced by Vega's Spell.",0,0,1,,,Item/Item.wz/Consume/0204.img.xml,Item/Item.wz/Consume/0204.img/02040933/info,Item/Item.wz/Consume/0204.img/02040933/info/icon.png,Item/Item.wz/Consume/0204.img/02040933/info/iconRaw.png
Consume,0204,2040936,Scroll for Shield for DEF 100%,"Improves weapon def. on the shield.\nSuccess rate:100%, weapon def.+2, magic def.+3",1,1,1,,,Item/Item.wz/Consume/0204.img.xml,Item/Item.wz/Consume/0204.img/02040936/info,Item/Item.wz/Consume/0204.img/02040936/info/icon.png,Item/Item.wz/Consume/0204.img/02040936/info/iconRaw.png
Consume,0204,2040937,Scroll for Shield for LUK 65%,"Improves LUK on Shields.\nSuccess Rate: 65%, LUK+2",0,0,1,,,Item/Item.wz/Consume/0204.img.xml,Item/Item.wz/Consume/0204.img/02040937/info,Item/Item.wz/Consume/0204.img/02040937/info/icon.png,Item/Item.wz/Consume/0204.img/02040937/info/iconRaw.png
Consume,0204,2040938,Scroll for Shield for LUK 15%,"Improves LUK on Shields.\nSuccess Rate: 15%, LUK+3",0,0,1,,,Item/Item.wz/Consume/0204.img.xml,Item/Item.wz/Consume/0204.img/02040938/info,Item/Item.wz/Consume/0204.img/02040938/info/icon.png,Item/Item.wz/Consume/0204.img/02040938/info/iconRaw.png
Consume,0204,2040939,Scroll for Shield for HP 65%,"Improves HP on Shields.\nSuccess Rate: 65%, MaxHP+15",0,0,1,,,Item/Item.wz/Consume/0204.img.xml,Item/Item.wz/Consume/0204.img/02040939/info,Item/Item.wz/Consume/0204.img/02040939/info/icon.png,Item/Item.wz/Consume/0204.img/02040939/info/iconRaw.png
Consume,0204,2040940,Scroll for Shield for HP 15%,"Improves HP on Shields.\nSuccess Rate: 15%, MaxHP+30",0,0,1,,,Item/Item.wz/Consume/0204.img.xml,Item/Item.wz/Consume/0204.img/02040940/info,Item/Item.wz/Consume/0204.img/02040940/info/icon.png,Item/Item.wz/Consume/0204.img/02040940/info/iconRaw.png
Consume,0204,2040941,Scroll for Shield for STR 65%,"Improves STR on Shields.\nSuccess Rate: 65%, STR+2",0,0,1,,,Item/Item.wz/Consume/0204.img.xml,Item/Item.wz/Consume/0204.img/02040941/info,Item/Item.wz/Consume/0204.img/02040941/info/icon.png,Item/Item.wz/Consume/0204.img/02040941/info/iconRaw.png
Consume,0204,2040942,Scroll for Shield for STR 15%,"Improves STR on Shields.\nSuccess Rate: 15%, STR+3",0,0,1,,,Item/Item.wz/Consume/0204.img.xml,Item/Item.wz/Consume/0204.img/02040942/info,Item/Item.wz/Consume/0204.img/02040942/info/icon.png,Item/Item.wz/Consume/0204.img/02040942/info/iconRaw.png
Consume,0204,2040943,Scroll for Shield for DEF 50%,"Improves weapon def. on the shield.\nSuccess rate 50%, weapon def.+5, magic def.+4",0,0,1,,,Item/Item.wz/Consume/0204.img.xml,Item/Item.wz/Consume/0204.img/02040943/info,Item/Item.wz/Consume/0204.img/02040943/info/icon.png,Item/Item.wz/Consume/0204.img/02040943/info/iconRaw.png
Consume,0204,2041000,Scroll for Cape for Magic Def.,"Improves magic def. on the cape.\nSuccess rate:100%, magic def. +1",0,0,1,,,Item/Item.wz/Consume/0204.img.xml,Item/Item.wz/Consume/0204.img/02041000/info,Item/Item.wz/Consume/0204.img/02041000/info/icon.png,Item/Item.wz/Consume/0204.img/02041000/info/iconRaw.png
Consume,0204,2041001,Scroll for Cape for Magic Def.,"Improves magic def. on the cape.\nSuccess rate:60%, magic def.+3, weapon def.+1. The success rate of this scroll can be enhanced by Vega's Spell.",0,0,1,,,Item/Item.wz/Consume/0204.img.xml,Item/Item.wz/Consume/0204.img/02041001/info,Item/Item.wz/Consume/0204.img/02041001/info/icon.png,Item/Item.wz/Consume/0204.img/02041001/info/iconRaw.png
Consume,0204,2041002,Scroll for Cape for Magic Def.,"Improves magic def. on the cape.\nSuccess rate:10%, magic def. +5, weapon def. +3, MaxMP+10. The success rate of this scroll can be enhanced by Vega's Spell.",0,0,1,,,Item/Item.wz/Consume/0204.img.xml,Item/Item.wz/Consume/0204.img/02041002/info,Item/Item.wz/Consume/0204.img/02041002/info/icon.png,Item/Item.wz/Consume/0204.img/02041002/info/iconRaw.png
Consume,0204,2041003,Scroll for Cape for Weapon Def.,"Improves weapon def. on the cape.\nSuccess rate:100%, weapon def.+1",0,0,1,,,Item/Item.wz/Consume/0204.img.xml,Item/Item.wz/Consume/0204.img/02041003/info,Item/Item.wz/Consume/0204.img/02041003/info/icon.png,Item/Item.wz/Consume/0204.img/02041003/info/iconRaw.png
Consume,0204,2041004,Scroll for Cape for Weapon Def.,"Improves weapon def. on the cape.\nSuccess rate:60%, weapon def.+3, magic def. +1. The success rate of this scroll can be enhanced by Vega's Spell.",0,0,1,,,Item/Item.wz/Consume/0204.img.xml,Item/Item.wz/Consume/0204.img/02041004/info,Item/Item.wz/Consume/0204.img/02041004/info/icon.png,Item/Item.wz/Consume/0204.img/02041004/info/iconRaw.png
Consume,0204,2041005,Scroll for Cape for Weapon Def.,"Improves weapon def. on the cape.\nSuccess rate:10%, weapon def. +5, magic def.+3, MaxHP+10. The success rate of this scroll can be enhanced by Vega's Spell.",0,0,1,,,Item/Item.wz/Consume/0204.img.xml,Item/Item.wz/Consume/0204.img/02041005/info,Item/Item.wz/Consume/0204.img/02041005/info/icon.png,Item/Item.wz/Consume/0204.img/02041005/info/iconRaw.png
Consume,0204,2041006,Scroll for Cape for HP,"Improves MaxHP on the cape.\nSuccess rate:100%, MaxHP+5",0,0,1,,,Item/Item.wz/Consume/0204.img.xml,Item/Item.wz/Consume/0204.img/02041006/info,Item/Item.wz/Consume/0204.img/02041006/info/icon.png,Item/Item.wz/Consume/0204.img/02041006/info/iconRaw.png
Consume,0204,2041007,Scroll for Cape for HP,"Improves MaxHP on the cape.\nSuccess rate:60%, MaxHP+10. The success rate of this scroll can be enhanced by Vega's Spell.",0,0,1,,,Item/Item.wz/Consume/0204.img.xml,Item/Item.wz/Consume/0204.img/02041007/info,Item/Item.wz/Consume/0204.img/02041007/info/icon.png,Item/Item.wz/Consume/0204.img/02041007/info/iconRaw.png
Consume,0204,2041008,Scroll for Cape for HP,"Improves MaxHP on the cape.\nSuccess rate:10%, MaxHP+20. The success rate of this scroll can be enhanced by Vega's Spell.",0,0,1,,,Item/Item.wz/Consume/0204.img.xml,Item/Item.wz/Consume/0204.img/02041008/info,Item/Item.wz/Consume/0204.img/02041008/info/icon.png,Item/Item.wz/Consume/0204.img/02041008/info/iconRaw.png
Consume,0204,2041009,Scroll for Cape for MP,"Improves MaxMP on the cape.\nSuccess rate:100%, MaxMP+5",0,0,1,,,Item/Item.wz/Consume/0204.img.xml,Item/Item.wz/Consume/0204.img/02041009/info,Item/Item.wz/Consume/0204.img/02041009/info/icon.png,Item/Item.wz/Consume/0204.img/02041009/info/iconRaw.png
Consume,0204,2041010,Scroll for Cape for MP,"Improves MaxMP on the cape.\nSuccess rate:60%, MaxMP+10. The success rate of this scroll can be enhanced by Vega's Spell.",0,0,1,,,Item/Item.wz/Consume/0204.img.xml,Item/Item.wz/Consume/0204.img/02041010/info,Item/Item.wz/Consume/0204.img/02041010/info/icon.png,Item/Item.wz/Consume/0204.img/02041010/info/iconRaw.png
Consume,0204,2041011,Scroll for Cape for MP,"Improves MaxMP on the cape.\nSuccess rate:10%, MaxMP+20. The success rate of this scroll can be enhanced by Vega's Spell.",0,0,1,,,Item/Item.wz/Consume/0204.img.xml,Item/Item.wz/Consume/0204.img/02041011/info,Item/Item.wz/Consume/0204.img/02041011/info/icon.png,Item/Item.wz/Consume/0204.img/02041011/info/iconRaw.png
Consume,0204,2041012,Scroll for Cape for STR,"Improves STR on the cape.\nSuccess rate:100%, STR+1",0,0,1,,,Item/Item.wz/Consume/0204.img.xml,Item/Item.wz/Consume/0204.img/02041012/info,Item/Item.wz/Consume/0204.img/02041012/info/icon.png,Item/Item.wz/Consume/0204.img/02041012/info/iconRaw.png
Consume,0204,2041013,Scroll for Cape for STR,"Improves STR on the cape.\nSuccess rate:60%, STR+2. The success rate of this scroll can be enhanced by Vega's Spell.",0,0,1,,,Item/Item.wz/Consume/0204.img.xml,Item/Item.wz/Consume/0204.img/02041013/info,Item/Item.wz/Consume/0204.img/02041013/info/icon.png,Item/Item.wz/Consume/0204.img/02041013/info/iconRaw.png
Consume,0204,2041014,Scroll for Cape for STR,"Improves STR on the cape.\nSuccess rate:10%, STR+3. The success rate of this scroll can be enhanced by Vega's Spell.",0,0,1,,,Item/Item.wz/Consume/0204.img.xml,Item/Item.wz/Consume/0204.img/02041014/info,Item/Item.wz/Consume/0204.img/02041014/info/icon.png,Item/Item.wz/Consume/0204.img/02041014/info/iconRaw.png
Consume,0204,2041015,Scroll for Cape for INT,"Improves INT on the cape.\nSuccess rate:100%, INT+1",0,0,1,,,Item/Item.wz/Consume/0204.img.xml,Item/Item.wz/Consume/0204.img/02041015/info,Item/Item.wz/Consume/0204.img/02041015/info/icon.png,Item/Item.wz/Consume/0204.img/02041015/info/iconRaw.png
Consume,0204,2041016,Scroll for Cape for INT,"Improves INT on the cape.\nSuccess rate:60%, INT+2. The success rate of this scroll can be enhanced by Vega's Spell.",0,0,1,,,Item/Item.wz/Consume/0204.img.xml,Item/Item.wz/Consume/0204.img/02041016/info,Item/Item.wz/Consume/0204.img/02041016/info/icon.png,Item/Item.wz/Consume/0204.img/02041016/info/iconRaw.png
Consume,0204,2041017,Scroll for Cape for INT,"Improves INT on the cape.\nSuccess rate:10%, INT+3. The success rate of this scroll can be enhanced by Vega's Spell.",0,0,1,,,Item/Item.wz/Consume/0204.img.xml,Item/Item.wz/Consume/0204.img/02041017/info,Item/Item.wz/Consume/0204.img/02041017/info/icon.png,Item/Item.wz/Consume/0204.img/02041017/info/iconRaw.png
Consume,0204,2041018,Scroll for Cape for DEX,"Improves DEX on the cape.\nSuccess rate:100%, DEX+1",0,0,1,,,Item/Item.wz/Consume/0204.img.xml,Item/Item.wz/Consume/0204.img/02041018/info,Item/Item.wz/Consume/0204.img/02041018/info/icon.png,Item/Item.wz/Consume/0204.img/02041018/info/iconRaw.png
Consume,0204,2041019,Scroll for Cape for DEX,"Improves DEX on the cape.\nSuccess rate:60%, DEX+2. The success rate of this scroll can be enhanced by Vega's Spell.",0,0,1,,,Item/Item.wz/Consume/0204.img.xml,Item/Item.wz/Consume/0204.img/02041019/info,Item/Item.wz/Consume/0204.img/02041019/info/icon.png,Item/Item.wz/Consume/0204.img/02041019/info/iconRaw.png
Consume,0204,2041020,Scroll for Cape for DEX,"Improves DEX on the cape.\nSuccess rate:10%, DEX+3. The success rate of this scroll can be enhanced by Vega's Spell.",0,0,1,,,Item/Item.wz/Consume/0204.img.xml,Item/Item.wz/Consume/0204.img/02041020/info,Item/Item.wz/Consume/0204.img/02041020/info/icon.png,Item/Item.wz/Consume/0204.img/02041020/info/iconRaw.png
Consume,0204,2041021,Scroll for Cape for LUK,"Improves LUK on the cape.\nSuccess rate:100%, LUK+1",0,0,1,,,Item/Item.wz/Consume/0204.img.xml,Item/Item.wz/Consume/0204.img/02041021/info,Item/Item.wz/Consume/0204.img/02041021/info/icon.png,Item/Item.wz/Consume/0204.img/02041021/info/iconRaw.png
Consume,0204,2041022,Scroll for Cape for LUK,"Improves LUK on the cape.\nSuccess rate:60%, LUK+2. The success rate of this scroll can be enhanced by Vega's Spell.",0,0,1,,,Item/Item.wz/Consume/0204.img.xml,Item/Item.wz/Consume/0204.img/02041022/info,Item/Item.wz/Consume/0204.img/02041022/info/icon.png,Item/Item.wz/Consume/0204.img/02041022/info/iconRaw.png
Consume,0204,2041023,Scroll for Cape for LUK,"Improves LUK on the cape.\nSuccess rate:10%, LUK+3. The success rate of this scroll can be enhanced by Vega's Spell.",0,0,1,,,Item/Item.wz/Consume/0204.img.xml,Item/Item.wz/Consume/0204.img/02041023/info,Item/Item.wz/Consume/0204.img/02041023/info/icon.png,Item/Item.wz/Consume/0204.img/02041023/info/iconRaw.png
Consume,0204,2041024,Scroll for Cape for Magic Def.,"Improves magic def. on the cape.\nSuccess rate:100%, magic def.+5, weapon def.+3, MaxMP+10",0,0,1,,,Item/Item.wz/Consume/0204.img.xml,Item/Item.wz/Consume/0204.img/02041024/info,Item/Item.wz/Consume/0204.img/02041024/info/icon.png,Item/Item.wz/Consume/0204.img/02041024/info/iconRaw.png
Consume,0204,2041025,Scroll for Cape for Weapon Def.,"Improves weapon def. on the cape.\nSuccess rate:100%, weapon def.+5, magic def.+3, MaxHP+10",0,0,1,,,Item/Item.wz/Consume/0204.img.xml,Item/Item.wz/Consume/0204.img/02041025/info,Item/Item.wz/Consume/0204.img/02041025/info/icon.png,Item/Item.wz/Consume/0204.img/02041025/info/iconRaw.png
Consume,0204,2041026,Dark scroll for Cape for Magic Def.,"Improves magic def. on the cape.\nSuccess rate:70%, magic def.+3, weapon def.+1nIf failed, the item will be destroyed at a 50% rate.",0,0,1,,,Item/Item.wz/Consume/0204.img.xml,Item/Item.wz/Consume/0204.img/02041026/info,Item/Item.wz/Consume/0204.img/02041026/info/icon.png,Item/Item.wz/Consume/0204.img/02041026/info/iconRaw.png
Consume,0204,2041027,Dark scroll for Cape for Magic Def.,"Improves magic def. on the cape.\nSuccess rate:30%, magic def.+5, weapon def.+3, MaxMP+10nIf failed, the item will be destroyed at a 50% rate.",0,0,1,,,Item/Item.wz/Consume/0204.img.xml,Item/Item.wz/Consume/0204.img/02041027/info,Item/Item.wz/Consume/0204.img/02041027/info/icon.png,Item/Item.wz/Consume/0204.img/02041027/info/iconRaw.png
Consume,0204,2041028,Dark scroll for Cape for Weapon Def.,"Improves weapon def. on the cape.\nSuccess rate:70%, weapon def.+3, magic def.+1nIf failed, the item will be destroyed at a 50% rate.",0,0,1,,,Item/Item.wz/Consume/0204.img.xml,Item/Item.wz/Consume/0204.img/02041028/info,Item/Item.wz/Consume/0204.img/02041028/info/icon.png,Item/Item.wz/Consume/0204.img/02041028/info/iconRaw.png
Consume,0204,2041029,Dark scroll for Cape for Weapon Def.,"Improves weapon def. on the cape.\nSuccess rate:30%, weapon def.+5, magic def.+3, MaxHP+10nIf failed, the item will be destroyed at a 50% rate.",0,0,1,,,Item/Item.wz/Consume/0204.img.xml,Item/Item.wz/Consume/0204.img/02041029/info,Item/Item.wz/Consume/0204.img/02041029/info/icon.png,Item/Item.wz/Consume/0204.img/02041029/info/iconRaw.png
Consume,0204,2041030,Dark scroll for Cape for HP,"Improves MaxHP on the cape.\nSuccess rate:70%, MaxHP+10nIf failed, the item will be destroyed at a 50% rate.",0,0,1,,,Item/Item.wz/Consume/0204.img.xml,Item/Item.wz/Consume/0204.img/02041030/info,Item/Item.wz/Consume/0204.img/02041030/info/icon.png,Item/Item.wz/Consume/0204.img/02041030/info/iconRaw.png
Consume,0204,2041031,Dark scroll for Cape for HP,"Improves MaxHP on the cape.\nSuccess rate:30%, MaxHP+20nIf failed, the item will be destroyed at a 50% rate.",0,0,1,,,Item/Item.wz/Consume/0204.img.xml,Item/Item.wz/Consume/0204.img/02041031/info,Item/Item.wz/Consume/0204.img/02041031/info/icon.png,Item/Item.wz/Consume/0204.img/02041031/info/iconRaw.png
Consume,0204,2041032,Dark scroll for Cape for MP,"Improves MaxMP on the cape.\nSuccess rate:70%, MaxMP+10nIf failed, the item will be destroyed at a 50% rate.",0,0,1,,,Item/Item.wz/Consume/0204.img.xml,Item/Item.wz/Consume/0204.img/02041032/info,Item/Item.wz/Consume/0204.img/02041032/info/icon.png,Item/Item.wz/Consume/0204.img/02041032/info/iconRaw.png
Consume,0204,2041033,Dark scroll for Cape for MP,"Improves MaxMP on the cape.\nSuccess rate:30%, MaxMP+20nIf failed, the item will be destroyed at a 50% rate.",0,0,1,,,Item/Item.wz/Consume/0204.img.xml,Item/Item.wz/Consume/0204.img/02041033/info,Item/Item.wz/Consume/0204.img/02041033/info/icon.png,Item/Item.wz/Consume/0204.img/02041033/info/iconRaw.png
Consume,0204,2041034,Dark scroll for Cape for STR,"Improves STR on the cape.\nSuccess rate:70%, STR+2nIf failed, the item will be destroyed at a 50% rate.",0,0,1,,,Item/Item.wz/Consume/0204.img.xml,Item/Item.wz/Consume/0204.img/02041034/info,Item/Item.wz/Consume/0204.img/02041034/info/icon.png,Item/Item.wz/Consume/0204.img/02041034/info/iconRaw.png
Consume,0204,2041035,Dark scroll for Cape for STR,"Improves STR on the cape.\nSuccess rate:30%, STR+3nIf failed, the item will be destroyed at a 50% rate.",0,0,1,,,Item/Item.wz/Consume/0204.img.xml,Item/Item.wz/Consume/0204.img/02041035/info,Item/Item.wz/Consume/0204.img/02041035/info/icon.png,Item/Item.wz/Consume/0204.img/02041035/info/iconRaw.png
Consume,0204,2041036,Dark scroll for Cape for INT,"Improves INT on the cape.\nSuccess rate:70%, INT+2nIf failed, the item will be destroyed at a 50% rate.",0,0,1,,,Item/Item.wz/Consume/0204.img.xml,Item/Item.wz/Consume/0204.img/02041036/info,Item/Item.wz/Consume/0204.img/02041036/info/icon.png,Item/Item.wz/Consume/0204.img/02041036/info/iconRaw.png
Consume,0204,2041037,Dark scroll for Cape for INT,"Improves INT on the cape.\nSuccess rate:30%, INT+3nIf failed, the item will be destroyed at a 50% rate.",0,0,1,,,Item/Item.wz/Consume/0204.img.xml,Item/Item.wz/Consume/0204.img/02041037/info,Item/Item.wz/Consume/0204.img/02041037/info/icon.png,Item/Item.wz/Consume/0204.img/02041037/info/iconRaw.png
Consume,0204,2041038,Dark scroll for Cape for DEX,"Improves DEX on the cape.\nSuccess rate:70%, DEX+2nIf failed, the item will be destroyed at a 50% rate.",0,0,1,,,Item/Item.wz/Consume/0204.img.xml,Item/Item.wz/Consume/0204.img/02041038/info,Item/Item.wz/Consume/0204.img/02041038/info/icon.png,Item/Item.wz/Consume/0204.img/02041038/info/iconRaw.png
Consume,0204,2041039,Dark scroll for Cape for DEX,"Improves DEX on the cape.\nSuccess rate:30%, DEX+3nIf failed, the item will be destroyed at a 50% rate.",0,0,1,,,Item/Item.wz/Consume/0204.img.xml,Item/Item.wz/Consume/0204.img/02041039/info,Item/Item.wz/Consume/0204.img/02041039/info/icon.png,Item/Item.wz/Consume/0204.img/02041039/info/iconRaw.png
Consume,0204,2041040,Dark scroll for Cape for LUK,"Improves LUK on the cape.\nSuccess rate:70%, LUK+2nIf failed, the item will be destroyed at a 50% rate.",0,0,1,,,Item/Item.wz/Consume/0204.img.xml,Item/Item.wz/Consume/0204.img/02041040/info,Item/Item.wz/Consume/0204.img/02041040/info/icon.png,Item/Item.wz/Consume/0204.img/02041040/info/iconRaw.png
Consume,0204,2041041,Dark scroll for Cape for LUK,"Improves LUK on the cape.\nSuccess rate:30%, LUK+3nIf failed, the item will be destroyed at a 50% rate.",0,0,1,,,Item/Item.wz/Consume/0204.img.xml,Item/Item.wz/Consume/0204.img/02041041/info,Item/Item.wz/Consume/0204.img/02041041/info/icon.png,Item/Item.wz/Consume/0204.img/02041041/info/iconRaw.png
Consume,0204,2041042,Scroll for Cape for Magic DEF,"Improves magic defense on the cape.\nSuccess rate:65%, magic def.+3, weapon def.+1",0,0,1,,,Item/Item.wz/Consume/0204.img.xml,Item/Item.wz/Consume/0204.img/02041042/info,Item/Item.wz/Consume/0204.img/02041042/info/icon.png,Item/Item.wz/Consume/0204.img/02041042/info/iconRaw.png
Consume,0204,2041043,Scroll for Cape for Magic DEF,"Improves magic defense on the cape.\nSuccess rate:15%, magic def.+5, weapon def.+3, MaxMP+10",0,0,1,,,Item/Item.wz/Consume/0204.img.xml,Item/Item.wz/Consume/0204.img/02041043/info,Item/Item.wz/Consume/0204.img/02041043/info/icon.png,Item/Item.wz/Consume/0204.img/02041043/info/iconRaw.png
Consume,0204,2041044,Scroll for Cape for Weapon DEF,"Improves weapon defense on the cape.\nSuccess rate:65%, weapon def.+3, magic def.+1",0,0,1,,,Item/Item.wz/Consume/0204.img.xml,Item/Item.wz/Consume/0204.img/02041044/info,Item/Item.wz/Consume/0204.img/02041044/info/icon.png,Item/Item.wz/Consume/0204.img/02041044/info/iconRaw.png
Consume,0204,2041045,Scroll for Cape for Weapon DEF,"Improves weapon defense on the cape.\nSuccess rate:15%, weapon def.+5, magic def.+3, MaxHP+10",0,0,1,,,Item/Item.wz/Consume/0204.img.xml,Item/Item.wz/Consume/0204.img/02041045/info,Item/Item.wz/Consume/0204.img/02041045/info/icon.png,Item/Item.wz/Consume/0204.img/02041045/info/iconRaw.png
Consume,0204,2041046,Scroll for Cape for MaxHP,"Improves MaxHP on the cape.\nSuccess rate:65%, MaxHP+10",0,0,1,,,Item/Item.wz/Consume/0204.img.xml,Item/Item.wz/Consume/0204.img/02041046/info,Item/Item.wz/Consume/0204.img/02041046/info/icon.png,Item/Item.wz/Consume/0204.img/02041046/info/iconRaw.png
Consume,0204,2041047,Scroll for Cape for MaxHP,"Improves MaxHP on the cape.\nSuccess rate:15%, MaxHP+20",0,0,1,,,Item/Item.wz/Consume/0204.img.xml,Item/Item.wz/Consume/0204.img/02041047/info,Item/Item.wz/Consume/0204.img/02041047/info/icon.png,Item/Item.wz/Consume/0204.img/02041047/info/iconRaw.png
Consume,0204,2041048,Scroll for Cape for MP,"Improves MaxMP on the cape.\nSuccess rate:65%, MaxMP+10",0,0,1,,,Item/Item.wz/Consume/0204.img.xml,Item/Item.wz/Consume/0204.img/02041048/info,Item/Item.wz/Consume/0204.img/02041048/info/icon.png,Item/Item.wz/Consume/0204.img/02041048/info/iconRaw.png
Consume,0204,2041049,Scroll for Cape for MP,"Improves MaxMP on the cape.\nSuccess rate:15%, MaxMP+20",0,0,1,,,Item/Item.wz/Consume/0204.img.xml,Item/Item.wz/Consume/0204.img/02041049/info,Item/Item.wz/Consume/0204.img/02041049/info/icon.png,Item/Item.wz/Consume/0204.img/02041049/info/iconRaw.png
Consume,0204,2041050,Scroll for Cape for STR,"Improves STR on the cape.\nSuccess rate:65%, STR+2",0,0,1,,,Item/Item.wz/Consume/0204.img.xml,Item/Item.wz/Consume/0204.img/02041050/info,Item/Item.wz/Consume/0204.img/02041050/info/icon.png,Item/Item.wz/Consume/0204.img/02041050/info/iconRaw.png
Consume,0204,2041051,Scroll for Cape for STR,"Improves STR on the cape.\nSuccess rate:15%, STR+3",0,0,1,,,Item/Item.wz/Consume/0204.img.xml,Item/Item.wz/Consume/0204.img/02041051/info,Item/Item.wz/Consume/0204.img/02041051/info/icon.png,Item/Item.wz/Consume/0204.img/02041051/info/iconRaw.png
Consume,0204,2041052,Scroll for Cape for INT,"Improves INT on the cape.\nSuccess rate:65%, INT+2",0,0,1,,,Item/Item.wz/Consume/0204.img.xml,Item/Item.wz/Consume/0204.img/02041052/info,Item/Item.wz/Consume/0204.img/02041052/info/icon.png,Item/Item.wz/Consume/0204.img/02041052/info/iconRaw.png
Consume,0204,2041053,Scroll for Cape for INT,"Improves INT on the cape.\nSuccess rate:15%, INT+3",0,0,1,,,Item/Item.wz/Consume/0204.img.xml,Item/Item.wz/Consume/0204.img/02041053/info,Item/Item.wz/Consume/0204.img/02041053/info/icon.png,Item/Item.wz/Consume/0204.img/02041053/info/iconRaw.png
Consume,0204,2041054,Scroll for Cape for DEX,"Improves dexterity on the cape.\nSuccess rate:65%, DEX+2",0,0,1,,,Item/Item.wz/Consume/0204.img.xml,Item/Item.wz/Consume/0204.img/02041054/info,Item/Item.wz/Consume/0204.img/02041054/info/icon.png,Item/Item.wz/Consume/0204.img/02041054/info/iconRaw.png
Consume,0204,2041055,Scroll for Cape for DEX,"Improves dexterity on the cape.\nSuccess rate:15%, DEX+3",0,0,1,,,Item/Item.wz/Consume/0204.img.xml,Item/Item.wz/Consume/0204.img/02041055/info,Item/Item.wz/Consume/0204.img/02041055/info/icon.png,Item/Item.wz/Consume/0204.img/02041055/info/iconRaw.png
Consume,0204,2041056,Scroll for Cape for LUK,"Improves LUK on the cape.\nSuccess rate:65%, LUK+2",0,0,1,,,Item/Item.wz/Consume/0204.img.xml,Item/Item.wz/Consume/0204.img/02041056/info,Item/Item.wz/Consume/0204.img/02041056/info/icon.png,Item/Item.wz/Consume/0204.img/02041056/info/iconRaw.png
Consume,0204,2041057,Scroll for Cape for LUK,"Improves LUK on the cape.\nSuccess rate:15%, LUK+3",0,0,1,,,Item/Item.wz/Consume/0204.img.xml,Item/Item.wz/Consume/0204.img/02041057/info,Item/Item.wz/Consume/0204.img/02041057/info/icon.png,Item/Item.wz/Consume/0204.img/02041057/info/iconRaw.png
Consume,0204,2041058,Scroll for Cape for Cold Protection 10%,Includes the effect of protection from cold weather on the cape.\nSuccess rate: 10%. Does not affect the number of upgrades available. The success rate of this scroll can be enhanced by Vega's Spell.,1,1,1,,,Item/Item.wz/Consume/0204.img.xml,Item/Item.wz/Consume/0204.img/02041058/info,Item/Item.wz/Consume/0204.img/02041058/info/icon.png,Item/Item.wz/Consume/0204.img/02041058/info/iconRaw.png
Consume,0204,2041059,[4yrAnniv] Scroll for Cape for STR 20%,"Improves strength on Maple Cape.\nSuccess rate:20%, STR+3 nIf failed, the item will be destroyed at a 30% rate.",1,1,1,,,Item/Item.wz/Consume/0204.img.xml,Item/Item.wz/Consume/0204.img/02041059/info,Item/Item.wz/Consume/0204.img/02041059/info/icon.png,Item/Item.wz/Consume/0204.img/02041059/info/iconRaw.png
Consume,0204,2041060,[4yrAnniv] Scroll for Cape for INT 20%,"Improves INT on Maple Cape.\nSuccess rate:20%, INT+3 nIf failed, the item will be destroyed at a 30% rate.",1,1,1,,,Item/Item.wz/Consume/0204.img.xml,Item/Item.wz/Consume/0204.img/02041060/info,Item/Item.wz/Consume/0204.img/02041060/info/icon.png,Item/Item.wz/Consume/0204.img/02041060/info/iconRaw.png
Consume,0204,2041061,[4yrAnniv] Scroll for Cape for DEX 20%,"Improves dexterity on Maple Cape.\nSuccess rate:20%, DEX+3 nIf failed, the item will be destroyed at a 30% rate.",1,1,1,,,Item/Item.wz/Consume/0204.img.xml,Item/Item.wz/Consume/0204.img/02041061/info,Item/Item.wz/Consume/0204.img/02041061/info/icon.png,Item/Item.wz/Consume/0204.img/02041061/info/iconRaw.png
Consume,0204,2041062,[4yrAnniv] Scroll for Cape for LUK 20%,"Improves luck on Maple Cape.\nSuccess rate:20%, LUK+3 nIf failed, the item will be destroyed at a 30% rate.",1,1,1,,,Item/Item.wz/Consume/0204.img.xml,Item/Item.wz/Consume/0204.img/02041062/info,Item/Item.wz/Consume/0204.img/02041062/info/icon.png,Item/Item.wz/Consume/0204.img/02041062/info/iconRaw.png
Consume,0204,2041066,Scroll for Cape for Magic DEF 100%,"Improves magic def. on the cape.\nSuccess rate:100%, magic def.+3, weapon def.+2",1,1,1,,,Item/Item.wz/Consume/0204.img.xml,Item/Item.wz/Consume/0204.img/02041066/info,Item/Item.wz/Consume/0204.img/02041066/info/icon.png,Item/Item.wz/Consume/0204.img/02041066/info/iconRaw.png
Consume,0204,2041067,Scroll for Cape for Weapon DEF 100%,"Improves weapon def. on the cape.\nSuccess rate:100%, weapon def.+3, magic def. +2",1,1,1,,,Item/Item.wz/Consume/0204.img.xml,Item/Item.wz/Consume/0204.img/02041067/info,Item/Item.wz/Consume/0204.img/02041067/info/icon.png,Item/Item.wz/Consume/0204.img/02041067/info/iconRaw.png
Consume,0204,2041068,Scroll for Cape for Magic Def. 50%,"Improves magic def. on the cape.\nSuccess rate:50%, magic def. +5, weapon def. +4",0,0,1,,,Item/Item.wz/Consume/0204.img.xml,Item/Item.wz/Consume/0204.img/02041068/info,Item/Item.wz/Consume/0204.img/02041068/info/icon.png,Item/Item.wz/Consume/0204.img/02041068/info/iconRaw.png
Consume,0204,2041069,Scroll for Cape for Weapon Def. 50%,"Improves weapon def. on the cape.\nSuccess rate:50%, weapon def. +5, magic def.+4",0,0,1,,,Item/Item.wz/Consume/0204.img.xml,Item/Item.wz/Consume/0204.img/02041069/info,Item/Item.wz/Consume/0204.img/02041069/info/icon.png,Item/Item.wz/Consume/0204.img/02041069/info/iconRaw.png
Consume,0204,2041100,Scroll for Ring for STR 100%,"Improves STR on Rings. nSuccess rate: 100%, STR +1",0,0,1,,,Item/Item.wz/Consume/0204.img.xml,Item/Item.wz/Consume/0204.img/02041100/info,Item/Item.wz/Consume/0204.img/02041100/info/icon.png,Item/Item.wz/Consume/0204.img/02041100/info/iconRaw.png
Consume,0204,2041101,Scroll for Rings for STR 60%,"Improves STR on Rings.\nSuccess rate: 60%, STR +2. The success rate of this scroll can be enhanced by Vega's Spell.",0,0,1,,,Item/Item.wz/Consume/0204.img.xml,Item/Item.wz/Consume/0204.img/02041101/info,Item/Item.wz/Consume/0204.img/02041101/info/icon.png,Item/Item.wz/Consume/0204.img/02041101/info/iconRaw.png
Consume,0204,2041102,Scroll for Rings for STR 10%,"Improves STR on Rings.\nSuccess rate: 10%, STR +3. The success rate of this scroll can be enhanced by Vega's Spell.",0,0,1,,,Item/Item.wz/Consume/0204.img.xml,Item/Item.wz/Consume/0204.img/02041102/info,Item/Item.wz/Consume/0204.img/02041102/info/icon.png,Item/Item.wz/Consume/0204.img/02041102/info/iconRaw.png
Consume,0204,2041103,Scroll for Rings for INT 100%,"Improves INT on Rings. nSuccess rate: 100%, INT +1",0,0,1,,,Item/Item.wz/Consume/0204.img.xml,Item/Item.wz/Consume/0204.img/02041103/info,Item/Item.wz/Consume/0204.img/02041103/info/icon.png,Item/Item.wz/Consume/0204.img/02041103/info/iconRaw.png
Consume,0204,2041104,Scroll for Rings for INT 60%,"Improves INT on Rings.\nSuccess rate: 60%, INT +2. The success rate of this scroll can be enhanced by Vega's Spell.",0,0,1,,,Item/Item.wz/Consume/0204.img.xml,Item/Item.wz/Consume/0204.img/02041104/info,Item/Item.wz/Consume/0204.img/02041104/info/icon.png,Item/Item.wz/Consume/0204.img/02041104/info/iconRaw.png
Consume,0204,2041105,Scroll for Rings for INT 10%,"Improves INT on Rings.\nSuccess rate: 10%, INT +2. The success rate of this scroll can be enhanced by Vega's Spell.",0,0,1,,,Item/Item.wz/Consume/0204.img.xml,Item/Item.wz/Consume/0204.img/02041105/info,Item/Item.wz/Consume/0204.img/02041105/info/icon.png,Item/Item.wz/Consume/0204.img/02041105/info/iconRaw.png
Consume,0204,2041106,Scroll for Rings for DEX 100%,"Improves DEX on Rings. nSuccess rate: 100%, DEX +1",0,0,1,,,Item/Item.wz/Consume/0204.img.xml,Item/Item.wz/Consume/0204.img/02041106/info,Item/Item.wz/Consume/0204.img/02041106/info/icon.png,Item/Item.wz/Consume/0204.img/02041106/info/iconRaw.png
Consume,0204,2041107,Scroll for Rings for DEX 60%,"Improves DEX on Rings.\nSuccess rate: 100%, DEX +2. The success rate of this scroll can be enhanced by Vega's Spell.",0,0,1,,,Item/Item.wz/Consume/0204.img.xml,Item/Item.wz/Consume/0204.img/02041107/info,Item/Item.wz/Consume/0204.img/02041107/info/icon.png,Item/Item.wz/Consume/0204.img/02041107/info/iconRaw.png
Consume,0204,2041108,Scroll for Rings for DEX 10%,"Improves DEX on Rings.\nSuccess rate: 10%, DEX +3. The success rate of this scroll can be enhanced by Vega's Spell.",0,0,1,,,Item/Item.wz/Consume/0204.img.xml,Item/Item.wz/Consume/0204.img/02041108/info,Item/Item.wz/Consume/0204.img/02041108/info/icon.png,Item/Item.wz/Consume/0204.img/02041108/info/iconRaw.png
Consume,0204,2041109,Scroll for Rings for LUK 100%,"Improves LUK on Rings. nSuccess rate: 100%, LUK +1",0,0,1,,,Item/Item.wz/Consume/0204.img.xml,Item/Item.wz/Consume/0204.img/02041109/info,Item/Item.wz/Consume/0204.img/02041109/info/icon.png,Item/Item.wz/Consume/0204.img/02041109/info/iconRaw.png
Consume,0204,2041110,Scroll for Rings for LUK 60%,"Improves LUK on Rings.\nSuccess rate: 60%, LUK+2. The success rate of this scroll can be enhanced by Vega's Spell.",0,0,1,,,Item/Item.wz/Consume/0204.img.xml,Item/Item.wz/Consume/0204.img/02041110/info,Item/Item.wz/Consume/0204.img/02041110/info/icon.png,Item/Item.wz/Consume/0204.img/02041110/info/iconRaw.png
Consume,0204,2041111,Scroll for Rings for LUK 10%,"Improves LUK on Rings.\nSuccess rate: 10%, LUK +3. The success rate of this scroll can be enhanced by Vega's Spell.",0,0,1,,,Item/Item.wz/Consume/0204.img.xml,Item/Item.wz/Consume/0204.img/02041111/info,Item/Item.wz/Consume/0204.img/02041111/info/icon.png,Item/Item.wz/Consume/0204.img/02041111/info/iconRaw.png
Consume,0204,2041112,Dark Scroll for Rings for STR 70%,"Improves STR on Rings. nSuccess rate: 70%, STR +2nIf unsuccessful, item has a 50% chance of being destroyed.",0,0,1,,,Item/Item.wz/Consume/0204.img.xml,Item/Item.wz/Consume/0204.img/02041112/info,Item/Item.wz/Consume/0204.img/02041112/info/icon.png,Item/Item.wz/Consume/0204.img/02041112/info/iconRaw.png
Consume,0204,2041113,Dark Scroll for Rings for STR 30%,"Improves STR on Rings. nSuccess rate: 30%, STR +3nIf unsuccessful, item has a 50% chance of being destroyed.",0,0,1,,,Item/Item.wz/Consume/0204.img.xml,Item/Item.wz/Consume/0204.img/02041113/info,Item/Item.wz/Consume/0204.img/02041113/info/icon.png,Item/Item.wz/Consume/0204.img/02041113/info/iconRaw.png
Consume,0204,2041114,Dark Scroll for Rings for INT 70%,"Improves INT on Rings.\nSuccess rate: 70%, INT +2nIf unsuccessful, item has a 50% chance of being destroyed.",0,0,1,,,Item/Item.wz/Consume/0204.img.xml,Item/Item.wz/Consume/0204.img/02041114/info,Item/Item.wz/Consume/0204.img/02041114/info/icon.png,Item/Item.wz/Consume/0204.img/02041114/info/iconRaw.png
Consume,0204,2041115,Dark Scroll for Rings for INT 30%,"Improves INT on Rings.\nSuccess rate: 30%, INT +3nIf unsuccessful, item has a 50% chance of being destroyed.",0,0,1,,,Item/Item.wz/Consume/0204.img.xml,Item/Item.wz/Consume/0204.img/02041115/info,Item/Item.wz/Consume/0204.img/02041115/info/icon.png,Item/Item.wz/Consume/0204.img/02041115/info/iconRaw.png
Consume,0204,2041116,Dark Scroll for Rings for DEX 70%,"Improves DEX on Rings.\nSuccess rate: 70%, DEX +2nIf unsuccessful, item has a 50% chance of being destroyed.",0,0,1,,,Item/Item.wz/Consume/0204.img.xml,Item/Item.wz/Consume/0204.img/02041116/info,Item/Item.wz/Consume/0204.img/02041116/info/icon.png,Item/Item.wz/Consume/0204.img/02041116/info/iconRaw.png
Consume,0204,2041117,Dark Scroll for Rings for DEX 30%,"Improves DEX on Rings. nSuccess rate: 30%, DEX +3nIf unsuccessful, item has a 50% chance of being destroyed.",0,0,1,,,Item/Item.wz/Consume/0204.img.xml,Item/Item.wz/Consume/0204.img/02041117/info,Item/Item.wz/Consume/0204.img/02041117/info/icon.png,Item/Item.wz/Consume/0204.img/02041117/info/iconRaw.png
Consume,0204,2041118,Dark Scroll for Rings for LUK 70%,"Improves LUK on Rings. nSuccess rate: 70%, LUK +2nIf unsuccessful, item has a 50% chance of being destroyed.",0,0,1,,,Item/Item.wz/Consume/0204.img.xml,Item/Item.wz/Consume/0204.img/02041118/info,Item/Item.wz/Consume/0204.img/02041118/info/icon.png,Item/Item.wz/Consume/0204.img/02041118/info/iconRaw.png
Consume,0204,2041119,Dark Scroll for Rings for LUK 30%,"Improves LUK on Rings. nSuccess rate: 30%, LUK +3nIf unsuccessful, item has a 50% chance of being destroyed.",0,0,1,,,Item/Item.wz/Consume/0204.img.xml,Item/Item.wz/Consume/0204.img/02041119/info,Item/Item.wz/Consume/0204.img/02041119/info/icon.png,Item/Item.wz/Consume/0204.img/02041119/info/iconRaw.png
Consume,0204,2041200,Dragon Stone,"A powerful stone that contains the mysterious power of the dragon. Can only be used on Horntail Necklace.\nSuccess rate:100%, Weapon Defense +140, Magic Defense +140, Avoidability +15, All Stats +15",1,1,1,,,Item/Item.wz/Consume/0204.img.xml,Item/Item.wz/Consume/0204.img/02041200/info,Item/Item.wz/Consume/0204.img/02041200/info/icon.png,Item/Item.wz/Consume/0204.img/02041200/info/iconRaw.png
Consume,0204,2041211,Spiegelmann's Marble,"Can only be used on Spiegelmann's Necklace.\nSuccess Rate: 60%, HP +30, MP +30",1,1,1,,200,Item/Item.wz/Consume/0204.img.xml,Item/Item.wz/Consume/0204.img/02041211/info,Item/Item.wz/Consume/0204.img/02041211/info/icon.png,Item/Item.wz/Consume/0204.img/02041211/info/iconRaw.png
Consume,0204,2041212,Rock of Wisdom,"Can only be used on Horus's Eye.\nSuccess rate:60%, HP +70, MP +70",1,1,1,,200,Item/Item.wz/Consume/0204.img.xml,Item/Item.wz/Consume/0204.img/02041212/info,Item/Item.wz/Consume/0204.img/02041212/info/icon.png,Item/Item.wz/Consume/0204.img/02041212/info/iconRaw.png
Consume,0204,2041300,Scroll for Belts for STR 100%,"Improves STR on Belts. nSuccess rate: 100%, STR +1",0,0,1,,,Item/Item.wz/Consume/0204.img.xml,Item/Item.wz/Consume/0204.img/02041300/info,Item/Item.wz/Consume/0204.img/02041300/info/icon.png,Item/Item.wz/Consume/0204.img/02041300/info/iconRaw.png
Consume,0204,2041301,Scroll for Belts for STR 60%,"Improves STR on Belts.\nSuccess rate: 60%, STR +2. The success rate of this scroll can be enhanced by Vega's Spell.",0,0,1,,,Item/Item.wz/Consume/0204.img.xml,Item/Item.wz/Consume/0204.img/02041301/info,Item/Item.wz/Consume/0204.img/02041301/info/icon.png,Item/Item.wz/Consume/0204.img/02041301/info/iconRaw.png
Consume,0204,2041302,Scroll for Belts for STR 10%,"Improves STR on Belts.\nSuccess rate: 10%, STR +3. The success rate of this scroll can be enhanced by Vega's Spell.",0,0,1,,,Item/Item.wz/Consume/0204.img.xml,Item/Item.wz/Consume/0204.img/02041302/info,Item/Item.wz/Consume/0204.img/02041302/info/icon.png,Item/Item.wz/Consume/0204.img/02041302/info/iconRaw.png
Consume,0204,2041303,Scroll for Belts for INT 100%,"Improves INT on Belts. nSuccess rate: 100%, INT +1",0,0,1,,,Item/Item.wz/Consume/0204.img.xml,Item/Item.wz/Consume/0204.img/02041303/info,Item/Item.wz/Consume/0204.img/02041303/info/icon.png,Item/Item.wz/Consume/0204.img/02041303/info/iconRaw.png
Consume,0204,2041304,Scroll for Belts for INT 60%,"Improves INT on Belts.\nSuccess rate: 60%, INT +2. The success rate of this scroll can be enhanced by Vega's Spell.",0,0,1,,,Item/Item.wz/Consume/0204.img.xml,Item/Item.wz/Consume/0204.img/02041304/info,Item/Item.wz/Consume/0204.img/02041304/info/icon.png,Item/Item.wz/Consume/0204.img/02041304/info/iconRaw.png
Consume,0204,2041305,Scroll for Belts for INT 10%,"Improves INT on Belts.\nSuccess rate: 10%, INT +3. The success rate of this scroll can be enhanced by Vega's Spell.",0,0,1,,,Item/Item.wz/Consume/0204.img.xml,Item/Item.wz/Consume/0204.img/02041305/info,Item/Item.wz/Consume/0204.img/02041305/info/icon.png,Item/Item.wz/Consume/0204.img/02041305/info/iconRaw.png
Consume,0204,2041306,Scroll for Belts for DEX 100%,"Improves DEX on Belts. nSuccess rate: 100%, DEX +1",0,0,1,,,Item/Item.wz/Consume/0204.img.xml,Item/Item.wz/Consume/0204.img/02041306/info,Item/Item.wz/Consume/0204.img/02041306/info/icon.png,Item/Item.wz/Consume/0204.img/02041306/info/iconRaw.png
Consume,0204,2041307,Scroll for Belts for DEX 60%,"Improves DEX on Belts.\nSuccess rate: 60%, DEX +2. The success rate of this scroll can be enhanced by Vega's Spell.",0,0,1,,,Item/Item.wz/Consume/0204.img.xml,Item/Item.wz/Consume/0204.img/02041307/info,Item/Item.wz/Consume/0204.img/02041307/info/icon.png,Item/Item.wz/Consume/0204.img/02041307/info/iconRaw.png
Consume,0204,2041308,Scroll for Belts for DEX 10%,"Improves DEX on Belts.\nSuccess rate: 10%, DEX +2. The success rate of this scroll can be enhanced by Vega's Spell.",0,0,1,,,Item/Item.wz/Consume/0204.img.xml,Item/Item.wz/Consume/0204.img/02041308/info,Item/Item.wz/Consume/0204.img/02041308/info/icon.png,Item/Item.wz/Consume/0204.img/02041308/info/iconRaw.png
Consume,0204,2041309,Scroll for Belts for LUK 100%,"Improves LUK on Belts. nSuccess rate: 100%, LUK +1",0,0,1,,,Item/Item.wz/Consume/0204.img.xml,Item/Item.wz/Consume/0204.img/02041309/info,Item/Item.wz/Consume/0204.img/02041309/info/icon.png,Item/Item.wz/Consume/0204.img/02041309/info/iconRaw.png
Consume,0204,2041310,Scroll for Belts for LUK 60%,"Improves LUK on Belts.\nSuccess rate: 60%, LUK +2. The success rate of this scroll can be enhanced by Vega's Spell.",0,0,1,,,Item/Item.wz/Consume/0204.img.xml,Item/Item.wz/Consume/0204.img/02041310/info,Item/Item.wz/Consume/0204.img/02041310/info/icon.png,Item/Item.wz/Consume/0204.img/02041310/info/iconRaw.png
Consume,0204,2041311,Scroll for Belts for LUK 10%,"Improves LUK on Belts.\nSuccess rate: 10%, LUK +3. The success rate of this scroll can be enhanced by Vega's Spell.",0,0,1,,,Item/Item.wz/Consume/0204.img.xml,Item/Item.wz/Consume/0204.img/02041311/info,Item/Item.wz/Consume/0204.img/02041311/info/icon.png,Item/Item.wz/Consume/0204.img/02041311/info/iconRaw.png
Consume,0204,2041312,Dark Scroll for Belts for STR 70%,"Improves STR on Belts. nSuccess rate: 70%, STR +2nIf unsuccessful, item has a 50% chance of being destroyed.",0,0,1,,,Item/Item.wz/Consume/0204.img.xml,Item/Item.wz/Consume/0204.img/02041312/info,Item/Item.wz/Consume/0204.img/02041312/info/icon.png,Item/Item.wz/Consume/0204.img/02041312/info/iconRaw.png
Consume,0204,2041313,Dark Scroll for Belts for STR 30%,"Improves STR on Belts. nSuccess rate: 30%, STR +3nIf unsuccessful, item has a 50% chance of being destroyed.",0,0,1,,,Item/Item.wz/Consume/0204.img.xml,Item/Item.wz/Consume/0204.img/02041313/info,Item/Item.wz/Consume/0204.img/02041313/info/icon.png,Item/Item.wz/Consume/0204.img/02041313/info/iconRaw.png
Consume,0204,2041314,Dark Scroll for Belts for INT 70%,"Improves INT on Belts. nSuccess rate: 70%, INT +2nIf unsuccessful, item has a 50% chance of being destroyed.",0,0,1,,,Item/Item.wz/Consume/0204.img.xml,Item/Item.wz/Consume/0204.img/02041314/info,Item/Item.wz/Consume/0204.img/02041314/info/icon.png,Item/Item.wz/Consume/0204.img/02041314/info/iconRaw.png
Consume,0204,2041315,Dark Scroll for Belts for INT 30%,"Improves INT on Belts. nSuccess rate: 30%, INT +3nIf unsuccessful, item has a 50% chance of being destroyed.",0,0,1,,,Item/Item.wz/Consume/0204.img.xml,Item/Item.wz/Consume/0204.img/02041315/info,Item/Item.wz/Consume/0204.img/02041315/info/icon.png,Item/Item.wz/Consume/0204.img/02041315/info/iconRaw.png
Consume,0204,2041316,Dark Scroll for Belts for DEX 70%,"Improves DEX on Belts. nSuccess rate: 70%, DEX +2nIf unsuccessful, item has a 50% chance of being destroyed.",0,0,1,,,Item/Item.wz/Consume/0204.img.xml,Item/Item.wz/Consume/0204.img/02041316/info,Item/Item.wz/Consume/0204.img/02041316/info/icon.png,Item/Item.wz/Consume/0204.img/02041316/info/iconRaw.png
Consume,0204,2041317,Dark Scroll for Belts for DEX 30%,"Improves DEX on Belts. nSuccess rate: 30%, DEX +3nIf unsuccessful, item has a 50% chance of being destroyed.",0,0,1,,,Item/Item.wz/Consume/0204.img.xml,Item/Item.wz/Consume/0204.img/02041317/info,Item/Item.wz/Consume/0204.img/02041317/info/icon.png,Item/Item.wz/Consume/0204.img/02041317/info/iconRaw.png
Consume,0204,2041318,Dark Scroll for Belts for LUK 70%,"Improves LUK on Belts. nSuccess rate: 70%, LUK +2nIf unsuccessful, item has a 50% chance of being destroyed.",0,0,1,,,Item/Item.wz/Consume/0204.img.xml,Item/Item.wz/Consume/0204.img/02041318/info,Item/Item.wz/Consume/0204.img/02041318/info/icon.png,Item/Item.wz/Consume/0204.img/02041318/info/iconRaw.png
Consume,0204,2041319,Dark Scroll for Belts for LUK 30%,"Improves LUK on Belts. nSuccess rate: 30%, LUK +3nIf unsuccessful, item has a 50% chance of being destroyed.",0,0,1,,,Item/Item.wz/Consume/0204.img.xml,Item/Item.wz/Consume/0204.img/02041319/info,Item/Item.wz/Consume/0204.img/02041319/info/icon.png,Item/Item.wz/Consume/0204.img/02041319/info/iconRaw.png
Consume,0204,2043000,Scroll for One-Handed Sword for ATT,"Improves attack on one-handed sword.\nSuccess rate:100%, weapon attack+1",0,0,1,,,Item/Item.wz/Consume/0204.img.xml,Item/Item.wz/Consume/0204.img/02043000/info,Item/Item.wz/Consume/0204.img/02043000/info/icon.png,Item/Item.wz/Consume/0204.img/02043000/info/iconRaw.png
Consume,0204,2043001,Scroll for One-Handed Sword for ATT,"Improves attack on one-handed sword.\nSuccess rate:60%, weapon attack+2, STR+1. The success rate of this scroll can be enhanced by Vega's Spell.",0,0,1,,,Item/Item.wz/Consume/0204.img.xml,Item/Item.wz/Consume/0204.img/02043001/info,Item/Item.wz/Consume/0204.img/02043001/info/icon.png,Item/Item.wz/Consume/0204.img/02043001/info/iconRaw.png
Consume,0204,2043002,Scroll for One-Handed Sword for ATT,"Improves attack on one-handed sword.\nSuccess rate:10%, weapon attack+5, STR+3, weapon def.+1. The success rate of this scroll can be enhanced by Vega's Spell.",0,0,1,,,Item/Item.wz/Consume/0204.img.xml,Item/Item.wz/Consume/0204.img/02043002/info,Item/Item.wz/Consume/0204.img/02043002/info/icon.png,Item/Item.wz/Consume/0204.img/02043002/info/iconRaw.png
Consume,0204,2043003,Scroll for One-Handed Sword for ATT,"Improves attack on one-handed sword.\nSuccess rate:100%, weapon attack+5, STR+3, weapon def.+1",0,0,1,,,Item/Item.wz/Consume/0204.img.xml,Item/Item.wz/Consume/0204.img/02043003/info,Item/Item.wz/Consume/0204.img/02043003/info/icon.png,Item/Item.wz/Consume/0204.img/02043003/info/iconRaw.png
Consume,0204,2043004,Dark scroll for One-Handed Sword for ATT,"Improves attack on one-handed sword.\nSuccess rate:70%, weapon attack+2, STR+1nIf failed, the item will be destroyed at a 50% rate.",0,0,1,,,Item/Item.wz/Consume/0204.img.xml,Item/Item.wz/Consume/0204.img/02043004/info,Item/Item.wz/Consume/0204.img/02043004/info/icon.png,Item/Item.wz/Consume/0204.img/02043004/info/iconRaw.png
Consume,0204,2043005,Dark scroll for One-Handed Sword for ATT,"Improves attack on one-handed sword.\nSuccess rate:30%, weapon attack+5, STR+3, weapon def.+1nIf failed, the item will be destroyed at a 50% rate.",0,0,1,,,Item/Item.wz/Consume/0204.img.xml,Item/Item.wz/Consume/0204.img/02043005/info,Item/Item.wz/Consume/0204.img/02043005/info/icon.png,Item/Item.wz/Consume/0204.img/02043005/info/iconRaw.png
Consume,0204,2043006,Dark Scroll for One-Handed Sword for Magic Att.,"Improves magic attack on one-handed sword.\nSuccess Rate 70%, magic attack+1, INT+1nIf failed, the item will be destroyed at a 50% rate.",0,0,1,,,Item/Item.wz/Consume/0204.img.xml,Item/Item.wz/Consume/0204.img/02043006/info,Item/Item.wz/Consume/0204.img/02043006/info/icon.png,Item/Item.wz/Consume/0204.img/02043006/info/iconRaw.png
Consume,0204,2043007,Dark Scroll for One-Handed Sword for Magic Att.,"Improves magic attack on one-handed sword.\nSuccess Rate 30%, magic attack+2, INT+2, magic defense+1nIf failed, the item will be destroyed at a 50% rate.",0,0,1,,,Item/Item.wz/Consume/0204.img.xml,Item/Item.wz/Consume/0204.img/02043007/info,Item/Item.wz/Consume/0204.img/02043007/info/icon.png,Item/Item.wz/Consume/0204.img/02043007/info/iconRaw.png
Consume,0204,2043008,Scroll for One-Handed Sword for Magic Att.,"Improves magic attack on one-handed sword.\nSuccess Rate 10%, magic attack+2, magic defense+1, INT+2. The success rate of this scroll can be enhanced by Vega's Spell.",0,0,1,,,Item/Item.wz/Consume/0204.img.xml,Item/Item.wz/Consume/0204.img/02043008/info,Item/Item.wz/Consume/0204.img/02043008/info/icon.png,Item/Item.wz/Consume/0204.img/02043008/info/iconRaw.png
Consume,0204,2043009,Scroll for One-Handed Sword for Magic Att.,"Improves magic attack on one-handed sword.\nSuccess Rate 60%, magic attack+1, INT+1. The success rate of this scroll can be enhanced by Vega's Spell.",0,0,1,,,Item/Item.wz/Consume/0204.img.xml,Item/Item.wz/Consume/0204.img/02043009/info,Item/Item.wz/Consume/0204.img/02043009/info/icon.png,Item/Item.wz/Consume/0204.img/02043009/info/iconRaw.png
Consume,0204,2043010,Scroll for One-Handed Sword for Magic Att.,"Improves magic attack on one-handed sword.\nSuccess Rate 100%, magic attack+1",0,0,1,,,Item/Item.wz/Consume/0204.img.xml,Item/Item.wz/Consume/0204.img/02043010/info,Item/Item.wz/Consume/0204.img/02043010/info/icon.png,Item/Item.wz/Consume/0204.img/02043010/info/iconRaw.png
Consume,0204,2043011,Scroll for One-Handed Sword for ATT,"Improves attack on the one-handed sword.\nSuccess rate:65%, weapon attack+2, STR+1",0,0,1,,,Item/Item.wz/Consume/0204.img.xml,Item/Item.wz/Consume/0204.img/02043011/info,Item/Item.wz/Consume/0204.img/02043011/info/icon.png,Item/Item.wz/Consume/0204.img/02043011/info/iconRaw.png
Consume,0204,2043012,Scroll for One-Handed Sword for ATT,"Improves attack on the one-handed sword.\nSuccess rate:15%, weapon attack+5, STR+3, weapon def.+1",0,0,1,,,Item/Item.wz/Consume/0204.img.xml,Item/Item.wz/Consume/0204.img/02043012/info,Item/Item.wz/Consume/0204.img/02043012/info/icon.png,Item/Item.wz/Consume/0204.img/02043012/info/iconRaw.png
Consume,0204,2043013,[4yrAnniv]Scroll for One-Handed Sword for ATT,"Improves attack for Maple Glory Sword. nSuccess rate:40%, weapon attack+3, STR+2 nIf failed, the item will be destroyed at a 30% rate.",0,0,1,,,Item/Item.wz/Consume/0204.img.xml,Item/Item.wz/Consume/0204.img/02043013/info,Item/Item.wz/Consume/0204.img/02043013/info/icon.png,Item/Item.wz/Consume/0204.img/02043013/info/iconRaw.png
Consume,0204,2043015,Scroll for One-Handed Sword for Accuracy 100%,"Improves accuracy on one-handed swords.\nSuccess rate:100%, accuracy+1",0,0,1,,,Item/Item.wz/Consume/0204.img.xml,Item/Item.wz/Consume/0204.img/02043015/info,Item/Item.wz/Consume/0204.img/02043015/info/icon.png,Item/Item.wz/Consume/0204.img/02043015/info/iconRaw.png
Consume,0204,2043016,Scroll for One-Handed Sword for Accuracy 70%,"Improves accuracy on one-handed swords.\nSuccess rate:70%, accuracy+3, DEX+2, weapon att.+1nIf failed, the item will be destroyed at a 50% rate.",0,0,1,,,Item/Item.wz/Consume/0204.img.xml,Item/Item.wz/Consume/0204.img/02043016/info,Item/Item.wz/Consume/0204.img/02043016/info/icon.png,Item/Item.wz/Consume/0204.img/02043016/info/iconRaw.png
Consume,0204,2043017,Scroll for One-Handed Sword for Accuracy 60%,"Improves accuracy on one-handed swords.\nSuccess rate:60%, accuracy+3, DEX+2, weapon att.+1. The success rate of this scroll can be enhanced by Vega's Spell.",0,0,1,,,Item/Item.wz/Consume/0204.img.xml,Item/Item.wz/Consume/0204.img/02043017/info,Item/Item.wz/Consume/0204.img/02043017/info/icon.png,Item/Item.wz/Consume/0204.img/02043017/info/iconRaw.png
Consume,0204,2043018,Scroll for One-Handed Sword for Accuracy 30%,"Improves accuracy on one-handed swords.\nSuccess rate:30%, accuracy+5, DEX+3, weapon att.+3nIf failed, the item will be destroyed at a 50% rate.",0,0,1,,,Item/Item.wz/Consume/0204.img.xml,Item/Item.wz/Consume/0204.img/02043018/info,Item/Item.wz/Consume/0204.img/02043018/info/icon.png,Item/Item.wz/Consume/0204.img/02043018/info/iconRaw.png
Consume,0204,2043019,Scroll for One-Handed Sword for Accuracy 10%,"Improves accuracy on one-handed swords.\nSuccess rate:10%, accuracy+5, DEX+3, weapon att.+3. The success rate of this scroll can be enhanced by Vega's Spell.",0,0,1,,,Item/Item.wz/Consume/0204.img.xml,Item/Item.wz/Consume/0204.img/02043019/info,Item/Item.wz/Consume/0204.img/02043019/info/icon.png,Item/Item.wz/Consume/0204.img/02043019/info/iconRaw.png
Consume,0204,2043021,King Pepe's 60% Scroll for One-handed Sword Attacks,"Improves the Attack strength of King Pepe's Cutlass.\nSuccess Rate: 60%, Weapon Attack +2, STR +1. The success rate of this scroll can be enhanced by Vega's Spell.",0,0,1,,,Item/Item.wz/Consume/0204.img.xml,Item/Item.wz/Consume/0204.img/02043021/info,Item/Item.wz/Consume/0204.img/02043021/info/icon.png,Item/Item.wz/Consume/0204.img/02043021/info/iconRaw.png
Consume,0204,2043022,Scroll for One-Handed Sword for ATT 50%,"Improves attack on one-handed sword.\nSuccess rate:50%, weapon attack+5, STR+3, DEX+1",0,0,1,,,Item/Item.wz/Consume/0204.img.xml,Item/Item.wz/Consume/0204.img/02043022/info,Item/Item.wz/Consume/0204.img/02043022/info/icon.png,Item/Item.wz/Consume/0204.img/02043022/info/iconRaw.png
Consume,0204,2043023,Scroll for One-Handed Sword for ATT 100%,"Improves attack on one-handed sword.\nSuccess rate:100%, weapon attack+2, STR+2",1,1,1,,,Item/Item.wz/Consume/0204.img.xml,Item/Item.wz/Consume/0204.img/02043023/info,Item/Item.wz/Consume/0204.img/02043023/info/icon.png,Item/Item.wz/Consume/0204.img/02043023/info/iconRaw.png
Consume,0204,2043024,Scroll for One-Handed Sword for Accuracy 65%,"Improves Accuracy on One-Handed Swords.\nSuccess Rate: 65%, Accuracy+3, DEX+2, Weapon Attack+1",0,0,1,,,Item/Item.wz/Consume/0204.img.xml,Item/Item.wz/Consume/0204.img/02043024/info,Item/Item.wz/Consume/0204.img/02043024/info/icon.png,Item/Item.wz/Consume/0204.img/02043024/info/iconRaw.png
Consume,0204,2043025,Scroll for One-Handed Sword for Accuracy 15%,"Improves Accuracy on One-Handed Swords.\nSuccess Rate: 15%, Accuracy+5, DEX+3, Weapon Attack+3",0,0,1,,,Item/Item.wz/Consume/0204.img.xml,Item/Item.wz/Consume/0204.img/02043025/info,Item/Item.wz/Consume/0204.img/02043025/info/icon.png,Item/Item.wz/Consume/0204.img/02043025/info/iconRaw.png
Consume,0204,2043100,Scroll for One-Handed Axe for ATT,"Improves attack on one-handed axe.\nSuccess rate:100%, weapon attack+1",0,0,1,,,Item/Item.wz/Consume/0204.img.xml,Item/Item.wz/Consume/0204.img/02043100/info,Item/Item.wz/Consume/0204.img/02043100/info/icon.png,Item/Item.wz/Consume/0204.img/02043100/info/iconRaw.png
Consume,0204,2043101,Scroll for One-Handed Axe for ATT,"Improves attack on one-handed axe.\nSuccess rate:60%, weapon attack+2, STR+1. The success rate of this scroll can be enhanced by Vega's Spell.",0,0,1,,,Item/Item.wz/Consume/0204.img.xml,Item/Item.wz/Consume/0204.img/02043101/info,Item/Item.wz/Consume/0204.img/02043101/info/icon.png,Item/Item.wz/Consume/0204.img/02043101/info/iconRaw.png
Consume,0204,2043102,Scroll for One-Handed Axe for ATT,"Improves attack on one-handed axe.\nSuccess rate: 10%, weapon attack +5, STR+3, weapon def. +1. The success rate of this scroll can be enhanced by Vega's Spell.",0,0,1,,,Item/Item.wz/Consume/0204.img.xml,Item/Item.wz/Consume/0204.img/02043102/info,Item/Item.wz/Consume/0204.img/02043102/info/icon.png,Item/Item.wz/Consume/0204.img/02043102/info/iconRaw.png
Consume,0204,2043103,Scroll for One-Handed Axe for ATT,"Improves attack on one-handed axe.\nSuccess rate:100%, weapon attack+5, STR+3, weapon def.+1",0,0,1,,,Item/Item.wz/Consume/0204.img.xml,Item/Item.wz/Consume/0204.img/02043103/info,Item/Item.wz/Consume/0204.img/02043103/info/icon.png,Item/Item.wz/Consume/0204.img/02043103/info/iconRaw.png
Consume,0204,2043104,Dark scroll for One-Handed Axe for ATT,"Improves attack on one-handed axe.\nSuccess rate:70%, weapon attack+2, STR+1nIf failed, the item will be destroyed at a 50% rate.",0,0,1,,,Item/Item.wz/Consume/0204.img.xml,Item/Item.wz/Consume/0204.img/02043104/info,Item/Item.wz/Consume/0204.img/02043104/info/icon.png,Item/Item.wz/Consume/0204.img/02043104/info/iconRaw.png
Consume,0204,2043105,Dark scroll for One-Handed Axe for ATT,"Improves attack on one-handed axe.\nSuccess rate:30%, weapon attack+5, STR+3, weapon def.+1nIf failed, the item will be destroyed at a 50% rate.",0,0,1,,,Item/Item.wz/Consume/0204.img.xml,Item/Item.wz/Consume/0204.img/02043105/info,Item/Item.wz/Consume/0204.img/02043105/info/icon.png,Item/Item.wz/Consume/0204.img/02043105/info/iconRaw.png
Consume,0204,2043106,Scroll for One-Handed Axe for ATT,"Improves attack on the one-handed axe.\nSuccess rate:65%, weapon attack+2, STR+1",0,0,1,,,Item/Item.wz/Consume/0204.img.xml,Item/Item.wz/Consume/0204.img/02043106/info,Item/Item.wz/Consume/0204.img/02043106/info/icon.png,Item/Item.wz/Consume/0204.img/02043106/info/iconRaw.png
Consume,0204,2043107,Scroll for One-Handed Axe for ATT,"Improves attack on the one-handed axe.\nSuccess rate:15%, weapon attack+5, STR+3, weapon def.+1",0,0,1,,,Item/Item.wz/Consume/0204.img.xml,Item/Item.wz/Consume/0204.img/02043107/info,Item/Item.wz/Consume/0204.img/02043107/info/icon.png,Item/Item.wz/Consume/0204.img/02043107/info/iconRaw.png
Consume,0204,2043108,[4yrAnniv]Scroll for One-Handed Axe for ATT,"Improves attack on the Maple Steel Axe. nSuccess rate:40%, weapon attack+3, STR+2nIf failed, the item will be destroyed at a 30% rate.",0,0,1,,,Item/Item.wz/Consume/0204.img.xml,Item/Item.wz/Consume/0204.img/02043108/info,Item/Item.wz/Consume/0204.img/02043108/info/icon.png,Item/Item.wz/Consume/0204.img/02043108/info/iconRaw.png
Consume,0204,2043110,Scroll for One-Handed Axe for Accuracy 100%,"Improves accuracy on one-handed axe.\nSuccess rate:100%, accuracy+1",0,0,1,,,Item/Item.wz/Consume/0204.img.xml,Item/Item.wz/Consume/0204.img/02043110/info,Item/Item.wz/Consume/0204.img/02043110/info/icon.png,Item/Item.wz/Consume/0204.img/02043110/info/iconRaw.png
Consume,0204,2043111,Scroll for One-Handed Axe for Accuracy 70%,"Improves accuracy on one-handed axe.\nSuccess rate:70%, accuracy+3, DEX+2, weapon att.+1nIf failed, the item will be destroyed at a 50% rate.",0,0,1,,,Item/Item.wz/Consume/0204.img.xml,Item/Item.wz/Consume/0204.img/02043111/info,Item/Item.wz/Consume/0204.img/02043111/info/icon.png,Item/Item.wz/Consume/0204.img/02043111/info/iconRaw.png
Consume,0204,2043112,Scroll for One-Handed Axe for Accuracy 60%,"Improves accuracy on one-handed axe.\nSuccess rate:60%, accuracy+3, DEX+2, weapon att.+1. The success rate of this scroll can be enhanced by Vega's Spell.",0,0,1,,,Item/Item.wz/Consume/0204.img.xml,Item/Item.wz/Consume/0204.img/02043112/info,Item/Item.wz/Consume/0204.img/02043112/info/icon.png,Item/Item.wz/Consume/0204.img/02043112/info/iconRaw.png
Consume,0204,2043113,Scroll for One-Handed Axe for Accuracy 30%,"Improves accuracy on one-handed axe.\nSuccess rate:30%, accuracy+5, DEX+3, weapon att.+3nIf failed, the item will be destroyed at a 50% rate.",0,0,1,,,Item/Item.wz/Consume/0204.img.xml,Item/Item.wz/Consume/0204.img/02043113/info,Item/Item.wz/Consume/0204.img/02043113/info/icon.png,Item/Item.wz/Consume/0204.img/02043113/info/iconRaw.png
Consume,0204,2043114,Scroll for One-Handed Axe for Accuracy 10%,"Improves accuracy on one-handed axe.\nSuccess rate:10%, accuracy+5, DEX+3, weapon att.+3. The success rate of this scroll can be enhanced by Vega's Spell.",0,0,1,,,Item/Item.wz/Consume/0204.img.xml,Item/Item.wz/Consume/0204.img/02043114/info,Item/Item.wz/Consume/0204.img/02043114/info/icon.png,Item/Item.wz/Consume/0204.img/02043114/info/iconRaw.png
Consume,0204,2043116,King Pepe's 60% Scroll for One-handed Axe Attacks,"Improves the Attack strength of King Pepe's Danker.\nSuccess Rate: 60%, Weapon Attack +2, STR +1. The success rate of this scroll can be enhanced by Vega's Spell.",0,0,1,,,Item/Item.wz/Consume/0204.img.xml,Item/Item.wz/Consume/0204.img/02043116/info,Item/Item.wz/Consume/0204.img/02043116/info/icon.png,Item/Item.wz/Consume/0204.img/02043116/info/iconRaw.png
Consume,0204,2043117,Scroll for One-Handed Axe for ATT 100%,"Improves attack on one-handed axe.\nSuccess rate:100%, weapon attack+2, STR+2",1,1,1,,,Item/Item.wz/Consume/0204.img.xml,Item/Item.wz/Consume/0204.img/02043117/info,Item/Item.wz/Consume/0204.img/02043117/info/icon.png,Item/Item.wz/Consume/0204.img/02043117/info/iconRaw.png
Consume,0204,2043118,Scroll for One-Handed Axe for Accuracy 65%,"Improves Accuracy on One-Handed Axe.\nSuccess Rate: 65%, Accuracy+3, DEX+2, Weapon Attack+1",0,0,1,,,Item/Item.wz/Consume/0204.img.xml,Item/Item.wz/Consume/0204.img/02043118/info,Item/Item.wz/Consume/0204.img/02043118/info/icon.png,Item/Item.wz/Consume/0204.img/02043118/info/iconRaw.png
Consume,0204,2043119,Scroll for One-Handed Axe for Accuracy 15%,"Improves Accuracy on One-Handed Axe.\nSuccess Rate: 15%, Accuracy+5, DEX+3, Weapon Attack+3",0,0,1,,,Item/Item.wz/Consume/0204.img.xml,Item/Item.wz/Consume/0204.img/02043119/info,Item/Item.wz/Consume/0204.img/02043119/info/icon.png,Item/Item.wz/Consume/0204.img/02043119/info/iconRaw.png
Consume,0204,2043120,Scroll for One-Handed Axe for ATT 50%,"Improves attack on one-handed axe.\nSuccess rate: 50%, weapon attack +5, STR+3, DEX+1",0,0,1,,,Item/Item.wz/Consume/0204.img.xml,Item/Item.wz/Consume/0204.img/02043120/info,Item/Item.wz/Consume/0204.img/02043120/info/icon.png,Item/Item.wz/Consume/0204.img/02043120/info/iconRaw.png
Consume,0204,2043200,Scroll for One-Handed BW for ATT,"Improves attack on one-handed blunt weapon.\nSuccess rate:100%, weapon attack+1",0,0,1,,,Item/Item.wz/Consume/0204.img.xml,Item/Item.wz/Consume/0204.img/02043200/info,Item/Item.wz/Consume/0204.img/02043200/info/icon.png,Item/Item.wz/Consume/0204.img/02043200/info/iconRaw.png
Consume,0204,2043201,Scroll for One-Handed BW for ATT,"Improves attack on one-handed blunt weapon.\nSuccess rate:60%, weapon attack+2, STR+1. The success rate of this scroll can be enhanced by Vega's Spell.",0,0,1,,,Item/Item.wz/Consume/0204.img.xml,Item/Item.wz/Consume/0204.img/02043201/info,Item/Item.wz/Consume/0204.img/02043201/info/icon.png,Item/Item.wz/Consume/0204.img/02043201/info/iconRaw.png
Consume,0204,2043202,Scroll for One-Handed BW for ATT,"Improves attack on one-handed blunt weapon.\nSuccess rate: 10%, weapon attack +5, STR+3, weapon def.+1. The success rate of this scroll can be enhanced by Vega's Spell.",0,0,1,,,Item/Item.wz/Consume/0204.img.xml,Item/Item.wz/Consume/0204.img/02043202/info,Item/Item.wz/Consume/0204.img/02043202/info/icon.png,Item/Item.wz/Consume/0204.img/02043202/info/iconRaw.png
Consume,0204,2043203,Scroll for One-Handed BW for ATT,"Improves attack on one-handed blunt weaponnSuccess rate:100%, weapon attack+5, STR+3, weapon def.+1",0,0,1,,,Item/Item.wz/Consume/0204.img.xml,Item/Item.wz/Consume/0204.img/02043203/info,Item/Item.wz/Consume/0204.img/02043203/info/icon.png,Item/Item.wz/Consume/0204.img/02043203/info/iconRaw.png
Consume,0204,2043204,Dark scroll for One-Handed BW for ATT,"Improves attack on one-handed blunt weapon.\nSuccess rate:70%, weapon attack+2, STR+1nIf failed, the item will be destroyed at a 50% rate.",0,0,1,,,Item/Item.wz/Consume/0204.img.xml,Item/Item.wz/Consume/0204.img/02043204/info,Item/Item.wz/Consume/0204.img/02043204/info/icon.png,Item/Item.wz/Consume/0204.img/02043204/info/iconRaw.png
Consume,0204,2043205,Dark scroll for One-Handed BW for ATT,"Improves attack on one-handed blunt weapon.\nSuccess rate:30%, weapon attack+5, STR+3, weapon def.+1nIf failed, the item will be destroyed at a 50% rate.",0,0,1,,,Item/Item.wz/Consume/0204.img.xml,Item/Item.wz/Consume/0204.img/02043205/info,Item/Item.wz/Consume/0204.img/02043205/info/icon.png,Item/Item.wz/Consume/0204.img/02043205/info/iconRaw.png
Consume,0204,2043206,Scroll for One-Handed BW for ATT,"Improves attack on the one-handed blunt weapon.\nSuccess rate:65%, weapon attack+2, STR+1",0,0,1,,,Item/Item.wz/Consume/0204.img.xml,Item/Item.wz/Consume/0204.img/02043206/info,Item/Item.wz/Consume/0204.img/02043206/info/icon.png,Item/Item.wz/Consume/0204.img/02043206/info/iconRaw.png
Consume,0204,2043207,Scroll for One-Handed BW for ATT,"Improves attack on the one-handed blunt weapon.\nSuccess rate:15%, weapon attack+5, STR+3, weapon def.+1",0,0,1,,,Item/Item.wz/Consume/0204.img.xml,Item/Item.wz/Consume/0204.img/02043207/info,Item/Item.wz/Consume/0204.img/02043207/info/icon.png,Item/Item.wz/Consume/0204.img/02043207/info/iconRaw.png
Consume,0204,2043208,[4yrAnniv]Scroll for One-Handed BW for ATT,"Added attack upgrade option for the Maple Havoc Hammer. nSuccess rate:40%, weapon attack+3, STR+2nIf failed, the item will be destroyed at a 30% rate.",0,0,1,,,Item/Item.wz/Consume/0204.img.xml,Item/Item.wz/Consume/0204.img/02043208/info,Item/Item.wz/Consume/0204.img/02043208/info/icon.png,Item/Item.wz/Consume/0204.img/02043208/info/iconRaw.png
Consume,0204,2043210,Scroll for One-Handed BW for Accuracy 100%,"Improves accuracy on one-handed blunt weapon.\nSuccess rate:100%, accuracy+1",0,0,1,,,Item/Item.wz/Consume/0204.img.xml,Item/Item.wz/Consume/0204.img/02043210/info,Item/Item.wz/Consume/0204.img/02043210/info/icon.png,Item/Item.wz/Consume/0204.img/02043210/info/iconRaw.png
Consume,0204,2043211,Scroll for One-Handed BW for Accuracy 70%,"Improves accuracy on one-handed blunt weapon.\nSuccess rate:70%, accuracy+3, DEX+2, weapon att.+1nIf failed, the item will be destroyed at a 50% rate.",0,0,1,,,Item/Item.wz/Consume/0204.img.xml,Item/Item.wz/Consume/0204.img/02043211/info,Item/Item.wz/Consume/0204.img/02043211/info/icon.png,Item/Item.wz/Consume/0204.img/02043211/info/iconRaw.png
Consume,0204,2043212,Scroll for One-Handed BW for Accuracy 60%,"Improves accuracy on one-handed blunt weapon.\nSuccess rate:60%, accuracy+3, DEX+2, weapon att.+1. The success rate of this scroll can be enhanced by Vega's Spell.",0,0,1,,,Item/Item.wz/Consume/0204.img.xml,Item/Item.wz/Consume/0204.img/02043212/info,Item/Item.wz/Consume/0204.img/02043212/info/icon.png,Item/Item.wz/Consume/0204.img/02043212/info/iconRaw.png
Consume,0204,2043213,Scroll for One-Handed BW for Accuracy 30%,"Improves accuracy on one-handed blunt weapon.\nSuccess rate:30%, accuracy+5, DEX+3, weapon att.+3nIf failed, the item will be destroyed at a 50% rate.",0,0,1,,,Item/Item.wz/Consume/0204.img.xml,Item/Item.wz/Consume/0204.img/02043213/info,Item/Item.wz/Consume/0204.img/02043213/info/icon.png,Item/Item.wz/Consume/0204.img/02043213/info/iconRaw.png
Consume,0204,2043214,Scroll for One-Handed BW for Accuracy 10%,"Improves accuracy on one-handed blunt weapon.\nSuccess rate:10%, accuracy+5, DEX+3, weapon att.+3. The success rate of this scroll can be enhanced by Vega's Spell.",0,0,1,,,Item/Item.wz/Consume/0204.img.xml,Item/Item.wz/Consume/0204.img/02043214/info,Item/Item.wz/Consume/0204.img/02043214/info/icon.png,Item/Item.wz/Consume/0204.img/02043214/info/iconRaw.png
Consume,0204,2043216,King Pepe's 60% Scroll for One-handed BW Attacks,"Improves the Attack strength of King Pepe's Heavy Hammer.\nSuccess Rate: 60%, Weapon Attack +2, STR +1. The success rate of this scroll can be enhanced by Vega's Spell.",0,0,1,,,Item/Item.wz/Consume/0204.img.xml,Item/Item.wz/Consume/0204.img/02043216/info,Item/Item.wz/Consume/0204.img/02043216/info/icon.png,Item/Item.wz/Consume/0204.img/02043216/info/iconRaw.png
Consume,0204,2043217,Scroll for One-Handed BW for ATT 100%,"Improves attack on one-handed blunt weapon.\nSuccess rate:100%, weapon attack+2, STR+2",1,1,1,,,Item/Item.wz/Consume/0204.img.xml,Item/Item.wz/Consume/0204.img/02043217/info,Item/Item.wz/Consume/0204.img/02043217/info/icon.png,Item/Item.wz/Consume/0204.img/02043217/info/iconRaw.png
Consume,0204,2043218,Scroll for One-Handed BW for Accuracy 65%,"Improves Accuracy on One-Handed Blunt Weapons.\nSuccess Rate: 65%, Accuracy+3, DEX+2, Weapon Attack+1",0,0,1,,,Item/Item.wz/Consume/0204.img.xml,Item/Item.wz/Consume/0204.img/02043218/info,Item/Item.wz/Consume/0204.img/02043218/info/icon.png,Item/Item.wz/Consume/0204.img/02043218/info/iconRaw.png
Consume,0204,2043219,Scroll for One-Handed BW for Accuracy 15%,"Improves Accuracy on One-Handed Blunt Weapons.\nSuccess Rate: 15%, Accuracy+5, DEX+3, Weapon Attack+3",0,0,1,,,Item/Item.wz/Consume/0204.img.xml,Item/Item.wz/Consume/0204.img/02043219/info,Item/Item.wz/Consume/0204.img/02043219/info/icon.png,Item/Item.wz/Consume/0204.img/02043219/info/iconRaw.png
Consume,0204,2043220,Scroll for One-Handed BW for ATT 50%,"Improves attack on one-handed blunt weapon.\nSuccess rate: 50%, weapon attack +5, STR+3, DEX+1",0,0,1,,,Item/Item.wz/Consume/0204.img.xml,Item/Item.wz/Consume/0204.img/02043220/info,Item/Item.wz/Consume/0204.img/02043220/info/icon.png,Item/Item.wz/Consume/0204.img/02043220/info/iconRaw.png
Consume,0204,2043300,Scroll for Dagger for ATT,"Improves attack on dagger.\nSuccess rate:100%, weapon attack+1",0,0,1,,,Item/Item.wz/Consume/0204.img.xml,Item/Item.wz/Consume/0204.img/02043300/info,Item/Item.wz/Consume/0204.img/02043300/info/icon.png,Item/Item.wz/Consume/0204.img/02043300/info/iconRaw.png
Consume,0204,2043301,Scroll for Dagger for ATT,"Improves attack on dagger.\nSuccess rate:60%, weapon attack+2, LUK+1. The success rate of this scroll can be enhanced by Vega's Spell.",0,0,1,,,Item/Item.wz/Consume/0204.img.xml,Item/Item.wz/Consume/0204.img/02043301/info,Item/Item.wz/Consume/0204.img/02043301/info/icon.png,Item/Item.wz/Consume/0204.img/02043301/info/iconRaw.png
Consume,0204,2043302,Scroll for Dagger for ATT,"Improves attack on dagger.\nSuccess rate: 10%, weapon attack +5, LUK+3, weapon def.+1. The success rate of this scroll can be enhanced by Vega's Spell.",0,0,1,,,Item/Item.wz/Consume/0204.img.xml,Item/Item.wz/Consume/0204.img/02043302/info,Item/Item.wz/Consume/0204.img/02043302/info/icon.png,Item/Item.wz/Consume/0204.img/02043302/info/iconRaw.png
Consume,0204,2043303,Scroll for Dagger for ATT,"Improves attack on dagger.\nSuccess rate:100%, weapon attack+5, LUK+3, weapon def.+1",0,0,1,,,Item/Item.wz/Consume/0204.img.xml,Item/Item.wz/Consume/0204.img/02043303/info,Item/Item.wz/Consume/0204.img/02043303/info/icon.png,Item/Item.wz/Consume/0204.img/02043303/info/iconRaw.png
Consume,0204,2043304,Dark scroll for Dagger for ATT,"Improves attack on dagger.\nSuccess rate:70%, weapon attack +2, LUK +1nIf failed, the item will be destroyed at a 50% rate.",0,0,1,,,Item/Item.wz/Consume/0204.img.xml,Item/Item.wz/Consume/0204.img/02043304/info,Item/Item.wz/Consume/0204.img/02043304/info/icon.png,Item/Item.wz/Consume/0204.img/02043304/info/iconRaw.png
Consume,0204,2043305,Dark scroll for Dagger for ATT,"Improves attack on dagger.\nSuccess rate:30%, weapon attack +5, LUK +3, weapon def. +1nIf failed, the item will be destroyed at a 50% rate.",0,0,1,,,Item/Item.wz/Consume/0204.img.xml,Item/Item.wz/Consume/0204.img/02043305/info,Item/Item.wz/Consume/0204.img/02043305/info/icon.png,Item/Item.wz/Consume/0204.img/02043305/info/iconRaw.png
Consume,0204,2043306,Scroll for Dagger for ATT,"Improves attack on the dagger.\nSuccess rate:65%, weapon attack+2, LUK+1",0,0,1,,,Item/Item.wz/Consume/0204.img.xml,Item/Item.wz/Consume/0204.img/02043306/info,Item/Item.wz/Consume/0204.img/02043306/info/icon.png,Item/Item.wz/Consume/0204.img/02043306/info/iconRaw.png
Consume,0204,2043307,Scroll for Dagger for ATT,"Improves attack on the dagger.\nSuccess rate:15%, weapon attack+5, LUK+3, weapon def.+1",0,0,1,,,Item/Item.wz/Consume/0204.img.xml,Item/Item.wz/Consume/0204.img/02043307/info,Item/Item.wz/Consume/0204.img/02043307/info/icon.png,Item/Item.wz/Consume/0204.img/02043307/info/iconRaw.png
Consume,0204,2043308,[4yrAnniv]Scroll for Dagger for ATT,"Improves attack on the Maple Dark Mate and Maple Asura DaggernSuccess rate:40%, weapon attack+3, LUK+2nIf failed, the item will be destroyed at a 30% rate.",0,0,1,,,Item/Item.wz/Consume/0204.img.xml,Item/Item.wz/Consume/0204.img/02043308/info,Item/Item.wz/Consume/0204.img/02043308/info/icon.png,Item/Item.wz/Consume/0204.img/02043308/info/iconRaw.png
Consume,0204,2043311,King Pepe's 60% Scroll for Dagger Attacks,"Improves the Attack strength of King Pepe's Gephart.\nSuccess Rate: 60%, Weapon Attack +2, Luck +1. The success rate of this scroll can be enhanced by Vega's Spell.",0,0,1,,,Item/Item.wz/Consume/0204.img.xml,Item/Item.wz/Consume/0204.img/02043311/info,Item/Item.wz/Consume/0204.img/02043311/info/icon.png,Item/Item.wz/Consume/0204.img/02043311/info/iconRaw.png
Consume,0204,2043312,Scroll for Dagger for ATT 100%,"Improves attack on dagger.\nSuccess rate:100%, weapon attack+2, LUK+2",1,1,1,,,Item/Item.wz/Consume/0204.img.xml,Item/Item.wz/Consume/0204.img/02043312/info,Item/Item.wz/Consume/0204.img/02043312/info/icon.png,Item/Item.wz/Consume/0204.img/02043312/info/iconRaw.png
Consume,0204,2043313,Scroll for Dagger for ATT 50%,"Improves attack on dagger.\nSuccess rate: 50%, weapon attack +5, LUK+3, DEX+1",0,0,1,,,Item/Item.wz/Consume/0204.img.xml,Item/Item.wz/Consume/0204.img/02043313/info,Item/Item.wz/Consume/0204.img/02043313/info/icon.png,Item/Item.wz/Consume/0204.img/02043313/info/iconRaw.png
Consume,0204,2043700,Scroll for Wand for Magic Att.,"Improves magic on wand.\nSuccess rate:100%, magic attack+1",0,0,1,,,Item/Item.wz/Consume/0204.img.xml,Item/Item.wz/Consume/0204.img/02043700/info,Item/Item.wz/Consume/0204.img/02043700/info/icon.png,Item/Item.wz/Consume/0204.img/02043700/info/iconRaw.png
Consume,0204,2043701,Scroll for Wand for Magic Att.,"Improves magic on wand.\nSuccess rate:60%, magic attack+2, INT+1. The success rate of this scroll can be enhanced by Vega's Spell.",0,0,1,,,Item/Item.wz/Consume/0204.img.xml,Item/Item.wz/Consume/0204.img/02043701/info,Item/Item.wz/Consume/0204.img/02043701/info/icon.png,Item/Item.wz/Consume/0204.img/02043701/info/iconRaw.png
Consume,0204,2043702,Scroll for Wand for Magic Att.,"Improves magic on wand.\nSuccess rate:10%, magic attack+5, INT+3, magic def.+1. The success rate of this scroll can be enhanced by Vega's Spell.",0,0,1,,,Item/Item.wz/Consume/0204.img.xml,Item/Item.wz/Consume/0204.img/02043702/info,Item/Item.wz/Consume/0204.img/02043702/info/icon.png,Item/Item.wz/Consume/0204.img/02043702/info/iconRaw.png
Consume,0204,2043703,Scroll for Wand for Magic Att.,"Improves magic on wand.\nSuccess rate:100%, magic attack+5, INT+3, magic def.+1",0,0,1,,,Item/Item.wz/Consume/0204.img.xml,Item/Item.wz/Consume/0204.img/02043703/info,Item/Item.wz/Consume/0204.img/02043703/info/icon.png,Item/Item.wz/Consume/0204.img/02043703/info/iconRaw.png
Consume,0204,2043704,Dark scroll for Wand for Magic Att.,"Improves magic on wand.\nSuccess rate:70%, magic attack+2, INT+1nIf failed, the item will be destroyed at a 50% rate.",0,0,1,,,Item/Item.wz/Consume/0204.img.xml,Item/Item.wz/Consume/0204.img/02043704/info,Item/Item.wz/Consume/0204.img/02043704/info/icon.png,Item/Item.wz/Consume/0204.img/02043704/info/iconRaw.png
Consume,0204,2043705,Dark scroll for Wand for Magic Att.,"Improves magic on wand.\nSuccess rate:30%, magic attack+5, INT+3, magic def.+1nIf failed, the item will be destroyed at a 50% rate.",0,0,1,,,Item/Item.wz/Consume/0204.img.xml,Item/Item.wz/Consume/0204.img/02043705/info,Item/Item.wz/Consume/0204.img/02043705/info/icon.png,Item/Item.wz/Consume/0204.img/02043705/info/iconRaw.png
Consume,0204,2043706,Scroll for Wand for Magic Att.,"Improves magic attack on the wand.\nSuccess rate:65%, magic attack+2, INT+1",0,0,1,,,Item/Item.wz/Consume/0204.img.xml,Item/Item.wz/Consume/0204.img/02043706/info,Item/Item.wz/Consume/0204.img/02043706/info/icon.png,Item/Item.wz/Consume/0204.img/02043706/info/iconRaw.png
Consume,0204,2043707,Scroll for Wand for Magic Att.,"Improves magic attack on the wand.\nSuccess rate:15%, magic attack+5, INT+3, magic def.+1",0,0,1,,,Item/Item.wz/Consume/0204.img.xml,Item/Item.wz/Consume/0204.img/02043707/info,Item/Item.wz/Consume/0204.img/02043707/info/icon.png,Item/Item.wz/Consume/0204.img/02043707/info/iconRaw.png
Consume,0204,2043708,[4yrAnniv]Scroll for Wand for Magic Att.,"Improves magic attack on Maple Shine Wand.\nSuccess rate:40%, magic attack+3, INT+2nIf failed, the item will be destroyed at a 30% rate.",0,0,1,,,Item/Item.wz/Consume/0204.img.xml,Item/Item.wz/Consume/0204.img/02043708/info,Item/Item.wz/Consume/0204.img/02043708/info/icon.png,Item/Item.wz/Consume/0204.img/02043708/info/iconRaw.png
Consume,0204,2043711,King Pepe's 60% Scroll for Wand Magic Attacks,"Improves the Magic Attack strength of King Pepe's Wizard Wand.\nSuccess Rate: 60%, Magic Attack +2, Intelligence +1. The success rate of this scroll can be enhanced by Vega's Spell.",0,0,1,,,Item/Item.wz/Consume/0204.img.xml,Item/Item.wz/Consume/0204.img/02043711/info,Item/Item.wz/Consume/0204.img/02043711/info/icon.png,Item/Item.wz/Consume/0204.img/02043711/info/iconRaw.png
Consume,0204,2043712,Scroll for Wand for Magic ATT 100%,"Improves magic on wand.\nSuccess rate:100%, magic attack+2, INT+2",1,1,1,,,Item/Item.wz/Consume/0204.img.xml,Item/Item.wz/Consume/0204.img/02043712/info,Item/Item.wz/Consume/0204.img/02043712/info/icon.png,Item/Item.wz/Consume/0204.img/02043712/info/iconRaw.png
Consume,0204,2043713,Scroll for Wand for Magic Att. 50%,"Improves magic on wand.\nSuccess rate:50%, magic attack+5, INT+3, LUK+1",0,0,1,,,Item/Item.wz/Consume/0204.img.xml,Item/Item.wz/Consume/0204.img/02043713/info,Item/Item.wz/Consume/0204.img/02043713/info/icon.png,Item/Item.wz/Consume/0204.img/02043713/info/iconRaw.png
Consume,0204,2043800,Scroll for Staff for Magic Att.,"Improves magic on staff.\nSuccess rate:100%, magic attack+1",0,0,1,,,Item/Item.wz/Consume/0204.img.xml,Item/Item.wz/Consume/0204.img/02043800/info,Item/Item.wz/Consume/0204.img/02043800/info/icon.png,Item/Item.wz/Consume/0204.img/02043800/info/iconRaw.png
Consume,0204,2043801,Scroll for Staff for Magic Att.,"Improves magic on staff.\nSuccess rate:60%, magic attack+2, INT+1. The success rate of this scroll can be enhanced by Vega's Spell.",0,0,1,,,Item/Item.wz/Consume/0204.img.xml,Item/Item.wz/Consume/0204.img/02043801/info,Item/Item.wz/Consume/0204.img/02043801/info/icon.png,Item/Item.wz/Consume/0204.img/02043801/info/iconRaw.png
Consume,0204,2043802,Scroll for Staff for Magic Att.,"Improves magic on staff.\nSuccess rate:10%, magic attack+5, INT+3, magic def.+1. The success rate of this scroll can be enhanced by Vega's Spell.",0,0,1,,,Item/Item.wz/Consume/0204.img.xml,Item/Item.wz/Consume/0204.img/02043802/info,Item/Item.wz/Consume/0204.img/02043802/info/icon.png,Item/Item.wz/Consume/0204.img/02043802/info/iconRaw.png
Consume,0204,2043803,Scroll for Staff for Magic Att.,"Improves magic on staff.\nSuccess rate:100%, magic attack+5, INT+3, magic def.+1",0,0,1,,,Item/Item.wz/Consume/0204.img.xml,Item/Item.wz/Consume/0204.img/02043803/info,Item/Item.wz/Consume/0204.img/02043803/info/icon.png,Item/Item.wz/Consume/0204.img/02043803/info/iconRaw.png
Consume,0204,2043804,Dark scroll for Staff for Magic Att.,"Improves magic on staff.\nSuccess rate:70%, magic attack+2, INT+1nIf failed, the item will be destroyed at a 50% rate.",0,0,1,,,Item/Item.wz/Consume/0204.img.xml,Item/Item.wz/Consume/0204.img/02043804/info,Item/Item.wz/Consume/0204.img/02043804/info/icon.png,Item/Item.wz/Consume/0204.img/02043804/info/iconRaw.png
Consume,0204,2043805,Dark scroll for Staff for Magic Att.,"Improves magic on staff.\nSuccess rate:30%, magic attack+5, INT+3, magic def.+1nIf failed, the item will be destroyed at a 50% rate.",0,0,1,,,Item/Item.wz/Consume/0204.img.xml,Item/Item.wz/Consume/0204.img/02043805/info,Item/Item.wz/Consume/0204.img/02043805/info/icon.png,Item/Item.wz/Consume/0204.img/02043805/info/iconRaw.png
Consume,0204,2043806,Scroll for Staff for Magic Att.,"Improves magic attack on the staff.\nSuccess rate:65%, magic attack+2, INT+1",0,0,1,,,Item/Item.wz/Consume/0204.img.xml,Item/Item.wz/Consume/0204.img/02043806/info,Item/Item.wz/Consume/0204.img/02043806/info/icon.png,Item/Item.wz/Consume/0204.img/02043806/info/iconRaw.png
Consume,0204,2043807,Scroll for Staff for Magic Att.,"Improves magic attack on the staff.\nSuccess rate:15%, magic attack+5, INT+3, magic def.+1",0,0,1,,,Item/Item.wz/Consume/0204.img.xml,Item/Item.wz/Consume/0204.img/02043807/info,Item/Item.wz/Consume/0204.img/02043807/info/icon.png,Item/Item.wz/Consume/0204.img/02043807/info/iconRaw.png
Consume,0204,2043808,[4yrAnniv]Scroll for Staff for Magic Att.,"Improves magic attack on Maple Wisdom Staff.\nSuccess rate:40%, magic attack+3, INT+2nIf failed, the item will be destroyed at a 30% rate.",0,0,1,,,Item/Item.wz/Consume/0204.img.xml,Item/Item.wz/Consume/0204.img/02043808/info,Item/Item.wz/Consume/0204.img/02043808/info/icon.png,Item/Item.wz/Consume/0204.img/02043808/info/iconRaw.png
Consume,0204,2043811,King Pepe's 60% Scroll for Staff Magic Attacks,"Improves the Magic Attacks strength of King Pepe's Petal Staff.\nSuccess Rate: 60%, Magic Attack +2, Intelligence +1. The success rate of this scroll can be enhanced by Vega's Spell.",0,0,1,,,Item/Item.wz/Consume/0204.img.xml,Item/Item.wz/Consume/0204.img/02043811/info,Item/Item.wz/Consume/0204.img/02043811/info/icon.png,Item/Item.wz/Consume/0204.img/02043811/info/iconRaw.png
Consume,0204,2043812,Scroll for Staff for Magic ATT 100%,"Improves magic on staff.\nSuccess rate:100%, magic attack+2, INT+2",1,1,1,,,Item/Item.wz/Consume/0204.img.xml,Item/Item.wz/Consume/0204.img/02043812/info,Item/Item.wz/Consume/0204.img/02043812/info/icon.png,Item/Item.wz/Consume/0204.img/02043812/info/iconRaw.png
Consume,0204,2043813,Scroll for Staff for Magic Att. 50%,"Improves magic on staff.\nSuccess rate:50%, magic attack+5, INT+3, LUK+1",0,0,1,,,Item/Item.wz/Consume/0204.img.xml,Item/Item.wz/Consume/0204.img/02043813/info,Item/Item.wz/Consume/0204.img/02043813/info/icon.png,Item/Item.wz/Consume/0204.img/02043813/info/iconRaw.png
Consume,0204,2044000,Scroll for Two-handed Sword for ATT,"Improves attack on two-handed sword.\nSuccess rate:100%, weapon attack+1",0,0,1,,,Item/Item.wz/Consume/0204.img.xml,Item/Item.wz/Consume/0204.img/02044000/info,Item/Item.wz/Consume/0204.img/02044000/info/icon.png,Item/Item.wz/Consume/0204.img/02044000/info/iconRaw.png
Consume,0204,2044001,Scroll for Two-handed Sword for ATT,"Improves attack on two-handed sword.\nSuccess rate:60%, weapon attack+2, STR+1. The success rate of this scroll can be enhanced by Vega's Spell.",0,0,1,,,Item/Item.wz/Consume/0204.img.xml,Item/Item.wz/Consume/0204.img/02044001/info,Item/Item.wz/Consume/0204.img/02044001/info/icon.png,Item/Item.wz/Consume/0204.img/02044001/info/iconRaw.png
Consume,0204,2044002,Scroll for Two-handed Sword for ATT,"Improves attack on two-handed sword.\nSuccess rate:10%, weapon attack+5, STR+3, weapon def.+1. The success rate of this scroll can be enhanced by Vega's Spell.",0,0,1,,,Item/Item.wz/Consume/0204.img.xml,Item/Item.wz/Consume/0204.img/02044002/info,Item/Item.wz/Consume/0204.img/02044002/info/icon.png,Item/Item.wz/Consume/0204.img/02044002/info/iconRaw.png
Consume,0204,2044003,Scroll for Two-handed Sword for ATT,"Improves attack on two-handed sword weapon.\nSuccess rate:100%, weapon attack+5, STR+3, weapon def.+1",0,0,1,,,Item/Item.wz/Consume/0204.img.xml,Item/Item.wz/Consume/0204.img/02044003/info,Item/Item.wz/Consume/0204.img/02044003/info/icon.png,Item/Item.wz/Consume/0204.img/02044003/info/iconRaw.png
Consume,0204,2044004,Dark scroll for Two-handed Sword for ATT,"Improves attack on two-handed sword.\nSuccess rate:70%, weapon attack+2, STR+1nIf failed, the item will be destroyed at a 50% rate.",0,0,1,,,Item/Item.wz/Consume/0204.img.xml,Item/Item.wz/Consume/0204.img/02044004/info,Item/Item.wz/Consume/0204.img/02044004/info/icon.png,Item/Item.wz/Consume/0204.img/02044004/info/iconRaw.png
Consume,0204,2044005,Dark scroll for Two-handed Sword for ATT,"Improves attack on two-handed sword.\nSuccess rate:30%, weapon attack+5, STR+3, weapon def.+1nIf failed, the item will be destroyed at a 50% rate.",0,0,1,,,Item/Item.wz/Consume/0204.img.xml,Item/Item.wz/Consume/0204.img/02044005/info,Item/Item.wz/Consume/0204.img/02044005/info/icon.png,Item/Item.wz/Consume/0204.img/02044005/info/iconRaw.png
Consume,0204,2044006,Scroll for Two-Handed Sword for ATT,"Improves attack on the two-handed sword.\nSuccess rate:65%, weapon attack+2, STR+1",0,0,1,,,Item/Item.wz/Consume/0204.img.xml,Item/Item.wz/Consume/0204.img/02044006/info,Item/Item.wz/Consume/0204.img/02044006/info/icon.png,Item/Item.wz/Consume/0204.img/02044006/info/iconRaw.png
Consume,0204,2044007,Scroll for Two-Handed Sword for ATT,"Improves attack on the two-handed sword.\nSuccess rate:15%, weapon attack+5, STR+3, weapon def.+1",0,0,1,,,Item/Item.wz/Consume/0204.img.xml,Item/Item.wz/Consume/0204.img/02044007/info,Item/Item.wz/Consume/0204.img/02044007/info/icon.png,Item/Item.wz/Consume/0204.img/02044007/info/iconRaw.png
Consume,0204,2044008,[4yrAnniv]Scroll for Two-Handed Sword for ATT,"Improves attack for Maple Soul Rohen. nSuccess rate:40%, weapon attack+3, STR+2nIf failed, the item will be destroyed at a 30% rate.",0,0,1,,,Item/Item.wz/Consume/0204.img.xml,Item/Item.wz/Consume/0204.img/02044008/info,Item/Item.wz/Consume/0204.img/02044008/info/icon.png,Item/Item.wz/Consume/0204.img/02044008/info/iconRaw.png
Consume,0204,2044010,Scroll for Two-Handed Sword for Accuracy 100%,"Improves accuracy on two-handed swords.\nSuccess rate:100%, accuracy+1",0,0,1,,,Item/Item.wz/Consume/0204.img.xml,Item/Item.wz/Consume/0204.img/02044010/info,Item/Item.wz/Consume/0204.img/02044010/info/icon.png,Item/Item.wz/Consume/0204.img/02044010/info/iconRaw.png
Consume,0204,2044011,Scroll for Two-Handed Sword for Accuracy 70%,"Improves accuracy on two-handed swords.\nSuccess rate:70%, accuracy+3, DEX+2, weapon att.+1nIf failed, the item will be destroyed at a 50% rate.",0,0,1,,,Item/Item.wz/Consume/0204.img.xml,Item/Item.wz/Consume/0204.img/02044011/info,Item/Item.wz/Consume/0204.img/02044011/info/icon.png,Item/Item.wz/Consume/0204.img/02044011/info/iconRaw.png
Consume,0204,2044012,Scroll for Two-Handed Sword for Accuracy 60%,"Improves accuracy on two-handed swords.\nSuccess rate:60%, accuracy+3, DEX+2, weapon att.+1. The success rate of this scroll can be enhanced by Vega's Spell.",0,0,1,,,Item/Item.wz/Consume/0204.img.xml,Item/Item.wz/Consume/0204.img/02044012/info,Item/Item.wz/Consume/0204.img/02044012/info/icon.png,Item/Item.wz/Consume/0204.img/02044012/info/iconRaw.png
Consume,0204,2044013,Scroll for Two-Handed Sword for Accuracy 30%,"Improves accuracy on two-handed swords.\nSuccess rate:30%, accuracy+5, DEX+3, weapon att.+3nIf failed, the item will be destroyed at a 50% rate.",0,0,1,,,Item/Item.wz/Consume/0204.img.xml,Item/Item.wz/Consume/0204.img/02044013/info,Item/Item.wz/Consume/0204.img/02044013/info/icon.png,Item/Item.wz/Consume/0204.img/02044013/info/iconRaw.png
Consume,0204,2044014,Scroll for Two-Handed Sword for Accuracy 10%,"Improves accuracy on two-handed swords.\nSuccess rate:10%, accuracy+5, DEX+3, weapon att.+3. The success rate of this scroll can be enhanced by Vega's Spell.",0,0,1,,,Item/Item.wz/Consume/0204.img.xml,Item/Item.wz/Consume/0204.img/02044014/info,Item/Item.wz/Consume/0204.img/02044014/info/icon.png,Item/Item.wz/Consume/0204.img/02044014/info/iconRaw.png
Consume,0204,2044015,Scroll for Two-Handed Swords for ATT 10%,"Improves ATT on Two-Handed Swords. nSuccess rate: 10%, Weapons ATT +5, STR +3, Weapons Defense +1",0,0,1,,,Item/Item.wz/Consume/0204.img.xml,Item/Item.wz/Consume/0204.img/02044015/info,Item/Item.wz/Consume/0204.img/02044015/info/icon.png,Item/Item.wz/Consume/0204.img/02044015/info/iconRaw.png
Consume,0204,2044024,King Pepe's 60% Scroll for Two-handed Sword Attacks,"Improves the Attack strength of King Pepe's Highlander.\nSuccess Rate: 60%, Weapon Attack +2, Strength +1. The success rate of this scroll can be enhanced by Vega's Spell.",0,0,1,,,Item/Item.wz/Consume/0204.img.xml,Item/Item.wz/Consume/0204.img/02044024/info,Item/Item.wz/Consume/0204.img/02044024/info/icon.png,Item/Item.wz/Consume/0204.img/02044024/info/iconRaw.png
Consume,0204,2044025,Scroll for Two-handed Sword for ATT 100%,"Improves attack on two-handed sword.\nSuccess rate:100%, weapon attack+2, STR+2",1,1,1,,,Item/Item.wz/Consume/0204.img.xml,Item/Item.wz/Consume/0204.img/02044025/info,Item/Item.wz/Consume/0204.img/02044025/info/icon.png,Item/Item.wz/Consume/0204.img/02044025/info/iconRaw.png
Consume,0204,2044026,Scroll for Two-Handed Sword for Accuracy 65%,"Improves Accuracy on Two-Handed Swords.\nSuccess Rate: 65%, Accuracy+3, DEX+2, Weapon Attack+1",0,0,1,,,Item/Item.wz/Consume/0204.img.xml,Item/Item.wz/Consume/0204.img/02044026/info,Item/Item.wz/Consume/0204.img/02044026/info/icon.png,Item/Item.wz/Consume/0204.img/02044026/info/iconRaw.png
Consume,0204,2044027,Scroll for Two-Handed Sword for Accuracy 15%,"Improves Accuracy on Two-Handed Swords.\nSuccess Rate: 15%, Accuracy+5, DEX+3, Weapon Attack+3",0,0,1,,,Item/Item.wz/Consume/0204.img.xml,Item/Item.wz/Consume/0204.img/02044027/info,Item/Item.wz/Consume/0204.img/02044027/info/icon.png,Item/Item.wz/Consume/0204.img/02044027/info/iconRaw.png
Consume,0204,2044028,Scroll for Two-handed Sword for ATT 50%,"Improves attack on two-handed sword.\nSuccess rate:50%, weapon attack+5, STR+3, DEX+1",0,0,1,,,Item/Item.wz/Consume/0204.img.xml,Item/Item.wz/Consume/0204.img/02044028/info,Item/Item.wz/Consume/0204.img/02044028/info/icon.png,Item/Item.wz/Consume/0204.img/02044028/info/iconRaw.png
Consume,0204,2044100,Scroll for Two-handed Axe for ATT,"Improves attack on two-handed axe.\nSuccess rate:100%, weapon attack+1",0,0,1,,,Item/Item.wz/Consume/0204.img.xml,Item/Item.wz/Consume/0204.img/02044100/info,Item/Item.wz/Consume/0204.img/02044100/info/icon.png,Item/Item.wz/Consume/0204.img/02044100/info/iconRaw.png
Consume,0204,2044101,Scroll for Two-handed Axe for ATT,"Improves attack on two-handed axe.\nSuccess rate:60%, weapon attack+2, STR+1. The success rate of this scroll can be enhanced by Vega's Spell.",0,0,1,,,Item/Item.wz/Consume/0204.img.xml,Item/Item.wz/Consume/0204.img/02044101/info,Item/Item.wz/Consume/0204.img/02044101/info/icon.png,Item/Item.wz/Consume/0204.img/02044101/info/iconRaw.png
Consume,0204,2044102,Scroll for Two-handed Axe for ATT,"Improves attack on two-handed axe.\nSuccess rate:10%, weapon attack+5, STR+3, weapon def. +1. The success rate of this scroll can be enhanced by Vega's Spell.",0,0,1,,,Item/Item.wz/Consume/0204.img.xml,Item/Item.wz/Consume/0204.img/02044102/info,Item/Item.wz/Consume/0204.img/02044102/info/icon.png,Item/Item.wz/Consume/0204.img/02044102/info/iconRaw.png
Consume,0204,2044103,Scroll for Two-handed Axe for ATT,"Improves attack on two-handed axe.\nSuccess rate:100%, weapon attack+5, STR+3, weapon def.+1",0,0,1,,,Item/Item.wz/Consume/0204.img.xml,Item/Item.wz/Consume/0204.img/02044103/info,Item/Item.wz/Consume/0204.img/02044103/info/icon.png,Item/Item.wz/Consume/0204.img/02044103/info/iconRaw.png
Consume,0204,2044104,Dark scroll for Two-handed Axe for ATT,"Improves attack on two-handed axe.\nSuccess rate:70%, weapon attack+2, STR+1nIf failed, the item will be destroyed at a 50% rate.",0,0,1,,,Item/Item.wz/Consume/0204.img.xml,Item/Item.wz/Consume/0204.img/02044104/info,Item/Item.wz/Consume/0204.img/02044104/info/icon.png,Item/Item.wz/Consume/0204.img/02044104/info/iconRaw.png
Consume,0204,2044105,Dark scroll for Two-handed Axe for ATT,"Improves attack on two-handed axe.\nSuccess rate:30%, weapon attack+5, STR+3, weapon def.+1nIf failed, the item will be destroyed at a 50% rate.",0,0,1,,,Item/Item.wz/Consume/0204.img.xml,Item/Item.wz/Consume/0204.img/02044105/info,Item/Item.wz/Consume/0204.img/02044105/info/icon.png,Item/Item.wz/Consume/0204.img/02044105/info/iconRaw.png
Consume,0204,2044106,Scroll for Two-Handed Axe for ATT,"Improves attack on the two-handed axe.\nSuccess rate:65%, weapon attack+2, STR+1",0,0,1,,,Item/Item.wz/Consume/0204.img.xml,Item/Item.wz/Consume/0204.img/02044106/info,Item/Item.wz/Consume/0204.img/02044106/info/icon.png,Item/Item.wz/Consume/0204.img/02044106/info/iconRaw.png
Consume,0204,2044107,Scroll for Two-Handed Axe for ATT,"Improves attack on the two-handed axe.\nSuccess rate:15%, weapon attack+5, STR+3, weapon def.+1",0,0,1,,,Item/Item.wz/Consume/0204.img.xml,Item/Item.wz/Consume/0204.img/02044107/info,Item/Item.wz/Consume/0204.img/02044107/info/icon.png,Item/Item.wz/Consume/0204.img/02044107/info/iconRaw.png
Consume,0204,2044108,[4yrAnniv]Scroll for Two-Handed Axe for ATT,"Improves attack for Maple Demon Axe. nSuccess rate:40%, weapon attack+3, STR+2nIf failed, the item will be destroyed at a 30% rate.",0,0,1,,,Item/Item.wz/Consume/0204.img.xml,Item/Item.wz/Consume/0204.img/02044108/info,Item/Item.wz/Consume/0204.img/02044108/info/icon.png,Item/Item.wz/Consume/0204.img/02044108/info/iconRaw.png
Consume,0204,2044110,Scroll for Two-Handed Axe for Accuracy 100%,"Improves accuracy on two-handed axe.\nSuccess rate:100%, accuracy+1",0,0,1,,,Item/Item.wz/Consume/0204.img.xml,Item/Item.wz/Consume/0204.img/02044110/info,Item/Item.wz/Consume/0204.img/02044110/info/icon.png,Item/Item.wz/Consume/0204.img/02044110/info/iconRaw.png
Consume,0204,2044111,Scroll for Two-Handed Axe for Accuracy 70%,"Improves accuracy on two-handed axe.\nSuccess rate:70%, accuracy+3, DEX+2, weapon att.+1nIf failed, the item will be destroyed at a 50% rate.",0,0,1,,,Item/Item.wz/Consume/0204.img.xml,Item/Item.wz/Consume/0204.img/02044111/info,Item/Item.wz/Consume/0204.img/02044111/info/icon.png,Item/Item.wz/Consume/0204.img/02044111/info/iconRaw.png
Consume,0204,2044112,Scroll for Two-Handed Axe for Accuracy 60%,"Improves accuracy on two-handed axe.\nSuccess rate:60%, accuracy+3, DEX+2, weapon att.+1. The success rate of this scroll can be enhanced by Vega's Spell.",0,0,1,,,Item/Item.wz/Consume/0204.img.xml,Item/Item.wz/Consume/0204.img/02044112/info,Item/Item.wz/Consume/0204.img/02044112/info/icon.png,Item/Item.wz/Consume/0204.img/02044112/info/iconRaw.png
Consume,0204,2044113,Scroll for Two-Handed Axe for Accuracy 30%,"Improves accuracy on two-handed axe.\nSuccess rate:30%, accuracy+5, DEX+3, weapon att.+3nIf failed, the item will be destroyed at a 50% rate.",0,0,1,,,Item/Item.wz/Consume/0204.img.xml,Item/Item.wz/Consume/0204.img/02044113/info,Item/Item.wz/Consume/0204.img/02044113/info/icon.png,Item/Item.wz/Consume/0204.img/02044113/info/iconRaw.png
Consume,0204,2044114,Scroll for Two-Handed Axe for Accuracy 10%,"Improves accuracy on two-handed axe.\nSuccess rate:10%, accuracy+5, DEX+3, weapon att.+3. The success rate of this scroll can be enhanced by Vega's Spell.",0,0,1,,,Item/Item.wz/Consume/0204.img.xml,Item/Item.wz/Consume/0204.img/02044114/info,Item/Item.wz/Consume/0204.img/02044114/info/icon.png,Item/Item.wz/Consume/0204.img/02044114/info/iconRaw.png
Consume,0204,2044116,King Pepe's 60% Scroll for Two-handed Axe Attacks,"Improves the Attack strength of King Pepe's Niam.\nSuccess Rate: 60%, Weapon Attack +2, Strength +1. The success rate of this scroll can be enhanced by Vega's Spell.",0,0,1,,,Item/Item.wz/Consume/0204.img.xml,Item/Item.wz/Consume/0204.img/02044116/info,Item/Item.wz/Consume/0204.img/02044116/info/icon.png,Item/Item.wz/Consume/0204.img/02044116/info/iconRaw.png
Consume,0204,2044117,Scroll for Two-handed Axe for ATT 100%,"Improves attack on two-handed axe.\nSuccess rate:100%, weapon attack+2, STR+2",1,1,1,,,Item/Item.wz/Consume/0204.img.xml,Item/Item.wz/Consume/0204.img/02044117/info,Item/Item.wz/Consume/0204.img/02044117/info/icon.png,Item/Item.wz/Consume/0204.img/02044117/info/iconRaw.png
Consume,0204,2044118,Scroll for Two-Handed Axe for Accuracy 65%,"Improves Accuracy on Two-Handed Axe.\nSuccess Rate: 65%, Accuracy+3, DEX+2, Weapon Attack+1",0,0,1,,,Item/Item.wz/Consume/0204.img.xml,Item/Item.wz/Consume/0204.img/02044118/info,Item/Item.wz/Consume/0204.img/02044118/info/icon.png,Item/Item.wz/Consume/0204.img/02044118/info/iconRaw.png
Consume,0204,2044119,Scroll for Two-Handed Axe for Accuracy 15%,"Improves Accuracy on Two-Handed Axe.\nSuccess Rate: 15%, Accuracy+5, DEX+3, Weapon Attack+3",0,0,1,,,Item/Item.wz/Consume/0204.img.xml,Item/Item.wz/Consume/0204.img/02044119/info,Item/Item.wz/Consume/0204.img/02044119/info/icon.png,Item/Item.wz/Consume/0204.img/02044119/info/iconRaw.png
Consume,0204,2044120,Scroll for Two-handed Axe for ATT 50%,"Improves attack on two-handed axe.\nSuccess rate:50%, weapon attack+5, STR+3, DEX+1",0,0,1,,,Item/Item.wz/Consume/0204.img.xml,Item/Item.wz/Consume/0204.img/02044120/info,Item/Item.wz/Consume/0204.img/02044120/info/icon.png,Item/Item.wz/Consume/0204.img/02044120/info/iconRaw.png
Consume,0204,2044200,Scroll for Two-handed BW for ATT,"Improves attack on two-handed blunt weapon.\nSuccess rate:100%, weapon attack+1",0,0,1,,,Item/Item.wz/Consume/0204.img.xml,Item/Item.wz/Consume/0204.img/02044200/info,Item/Item.wz/Consume/0204.img/02044200/info/icon.png,Item/Item.wz/Consume/0204.img/02044200/info/iconRaw.png
Consume,0204,2044201,Scroll for Two-handed BW for ATT,"Improves attack on two-handed blunt weapon.\nSuccess rate:60%, weapon attack+2, STR+1. The success rate of this scroll can be enhanced by Vega's Spell.",0,0,1,,,Item/Item.wz/Consume/0204.img.xml,Item/Item.wz/Consume/0204.img/02044201/info,Item/Item.wz/Consume/0204.img/02044201/info/icon.png,Item/Item.wz/Consume/0204.img/02044201/info/iconRaw.png
Consume,0204,2044202,Scroll for Two-handed BW for ATT,"Improves attack on two-handed blunt weapon.\nSuccess rate:10%, weapon attack+5, STR+3, weapon def.+1. The success rate of this scroll can be enhanced by Vega's Spell.",0,0,1,,,Item/Item.wz/Consume/0204.img.xml,Item/Item.wz/Consume/0204.img/02044202/info,Item/Item.wz/Consume/0204.img/02044202/info/icon.png,Item/Item.wz/Consume/0204.img/02044202/info/iconRaw.png
Consume,0204,2044203,Scroll for Two-handed BW for ATT,"Improves attack on two-handed blunt weapon.\nSuccess rate:100%, weapon attack+5, STR+3, weapon def.+1",0,0,1,,,Item/Item.wz/Consume/0204.img.xml,Item/Item.wz/Consume/0204.img/02044203/info,Item/Item.wz/Consume/0204.img/02044203/info/icon.png,Item/Item.wz/Consume/0204.img/02044203/info/iconRaw.png
Consume,0204,2044204,Dark scroll for Two-handed BW for ATT,"Improves attack on two-handed blunt weapon.\nSuccess rate:70%, weapon attack+2, STR+1nIf failed, the item will be destroyed at a 50% rate.",0,0,1,,,Item/Item.wz/Consume/0204.img.xml,Item/Item.wz/Consume/0204.img/02044204/info,Item/Item.wz/Consume/0204.img/02044204/info/icon.png,Item/Item.wz/Consume/0204.img/02044204/info/iconRaw.png
Consume,0204,2044205,Dark scroll for Two-handed BW for ATT,"Improves attack on two-handed blunt weapon.\nSuccess rate:30%, weapon attack+5, STR+3, weapon def.+1nIf failed, the item will be destroyed at a 50% rate.",0,0,1,,,Item/Item.wz/Consume/0204.img.xml,Item/Item.wz/Consume/0204.img/02044205/info,Item/Item.wz/Consume/0204.img/02044205/info/icon.png,Item/Item.wz/Consume/0204.img/02044205/info/iconRaw.png
Consume,0204,2044206,Scroll for Two-Handed BW for ATT,"Improves attack on the two-handed blunt weapon.\nSuccess rate:65%, weapon attack+2, STR+1",0,0,1,,,Item/Item.wz/Consume/0204.img.xml,Item/Item.wz/Consume/0204.img/02044206/info,Item/Item.wz/Consume/0204.img/02044206/info/icon.png,Item/Item.wz/Consume/0204.img/02044206/info/iconRaw.png
Consume,0204,2044207,Scroll for Two-Handed BW for ATT,"Improves attack on the two-handed blunt weapon.\nSuccess rate:15%, weapon attack+5, STR+3, weapon def.+1",0,0,1,,,Item/Item.wz/Consume/0204.img.xml,Item/Item.wz/Consume/0204.img/02044207/info,Item/Item.wz/Consume/0204.img/02044207/info/icon.png,Item/Item.wz/Consume/0204.img/02044207/info/iconRaw.png
Consume,0204,2044208,[4yrAnniv]Scroll for Two-Handed BW for ATT,"Improves attack on Maple Belzet. nSuccess rate:40%, weapon attack+3, STR+2nIf failed, the item will be destroyed at a 30% rate.",0,0,1,,,Item/Item.wz/Consume/0204.img.xml,Item/Item.wz/Consume/0204.img/02044208/info,Item/Item.wz/Consume/0204.img/02044208/info/icon.png,Item/Item.wz/Consume/0204.img/02044208/info/iconRaw.png
Consume,0204,2044210,Scroll for Two-Handed BW for Accuracy 100%,"Improves accuracy on two-handed blunt weapon.\nSuccess rate:100%, accuracy+1",0,0,1,,,Item/Item.wz/Consume/0204.img.xml,Item/Item.wz/Consume/0204.img/02044210/info,Item/Item.wz/Consume/0204.img/02044210/info/icon.png,Item/Item.wz/Consume/0204.img/02044210/info/iconRaw.png
Consume,0204,2044211,Scroll for Two-Handed BW for Accuracy 70%,"Improves accuracy on two-handed blunt weapon.\nSuccess rate:70%, accuracy+3, DEX+2, weapon att.+1nIf failed, the item will be destroyed at a 50% rate.",0,0,1,,,Item/Item.wz/Consume/0204.img.xml,Item/Item.wz/Consume/0204.img/02044211/info,Item/Item.wz/Consume/0204.img/02044211/info/icon.png,Item/Item.wz/Consume/0204.img/02044211/info/iconRaw.png
Consume,0204,2044212,Scroll for Two-Handed BW for Accuracy 60%,"Improves accuracy on two-handed blunt weapon.\nSuccess rate:60%, accuracy+3, DEX+2, weapon att.+1. The success rate of this scroll can be enhanced by Vega's Spell.",0,0,1,,,Item/Item.wz/Consume/0204.img.xml,Item/Item.wz/Consume/0204.img/02044212/info,Item/Item.wz/Consume/0204.img/02044212/info/icon.png,Item/Item.wz/Consume/0204.img/02044212/info/iconRaw.png
Consume,0204,2044213,Scroll for Two-Handed BW for Accuracy 30%,"Improves accuracy on two-handed blunt weapon.\nSuccess rate:30%, accuracy+5, DEX+3, weapon att.+3nIf failed, the item will be destroyed at a 50% rate.",0,0,1,,,Item/Item.wz/Consume/0204.img.xml,Item/Item.wz/Consume/0204.img/02044213/info,Item/Item.wz/Consume/0204.img/02044213/info/icon.png,Item/Item.wz/Consume/0204.img/02044213/info/iconRaw.png
Consume,0204,2044214,Scroll for Two-Handed BW for Accuracy 10%,"Improves accuracy on two-handed blunt weapon.\nSuccess rate:10%, accuracy+5, DEX+3, weapon att.+3. The success rate of this scroll can be enhanced by Vega's Spell.",0,0,1,,,Item/Item.wz/Consume/0204.img.xml,Item/Item.wz/Consume/0204.img/02044214/info,Item/Item.wz/Consume/0204.img/02044214/info/icon.png,Item/Item.wz/Consume/0204.img/02044214/info/iconRaw.png
Consume,0204,2044216,King Pepe's 60% Scroll for Two-handed BW Attacks,"Improves the Attack strength of King Pepe's Big Hammer.\nSuccess Rate: 60%, Weapon Attack +2, Strength +1. The success rate of this scroll can be enhanced by Vega's Spell.",0,0,1,,,Item/Item.wz/Consume/0204.img.xml,Item/Item.wz/Consume/0204.img/02044216/info,Item/Item.wz/Consume/0204.img/02044216/info/icon.png,Item/Item.wz/Consume/0204.img/02044216/info/iconRaw.png
Consume,0204,2044217,Scroll for Two-handed BW for ATT 100%,"Improves attack on two-handed blunt weapon.\nSuccess rate:100%, weapon attack+2, STR+2",1,1,1,,,Item/Item.wz/Consume/0204.img.xml,Item/Item.wz/Consume/0204.img/02044217/info,Item/Item.wz/Consume/0204.img/02044217/info/icon.png,Item/Item.wz/Consume/0204.img/02044217/info/iconRaw.png
Consume,0204,2044218,Scroll for Two-Handed BW for Accuracy 65%,"Improves Accuracy on Two-Handed Blunt Weapons.\nSuccess Rate: 65%, Accuracy+3, DEX+2, Weapon Attack+1",0,0,1,,,Item/Item.wz/Consume/0204.img.xml,Item/Item.wz/Consume/0204.img/02044218/info,Item/Item.wz/Consume/0204.img/02044218/info/icon.png,Item/Item.wz/Consume/0204.img/02044218/info/iconRaw.png
Consume,0204,2044219,Scroll for Two-Handed BW for Accuracy 15%,"Improves Accuracy on Two-Handed Blunt Weapons.\nSuccess Rate: 15%, Accuracy+5, DEX+3, Weapon Attack+3",0,0,1,,,Item/Item.wz/Consume/0204.img.xml,Item/Item.wz/Consume/0204.img/02044219/info,Item/Item.wz/Consume/0204.img/02044219/info/icon.png,Item/Item.wz/Consume/0204.img/02044219/info/iconRaw.png
Consume,0204,2044220,Scroll for Two-handed BW for ATT 50%,"Improves attack on two-handed blunt weapon.\nSuccess rate:50%, weapon attack+5, STR+3, DEX+1",0,0,1,,,Item/Item.wz/Consume/0204.img.xml,Item/Item.wz/Consume/0204.img/02044220/info,Item/Item.wz/Consume/0204.img/02044220/info/icon.png,Item/Item.wz/Consume/0204.img/02044220/info/iconRaw.png
Consume,0204,2044300,Scroll for Spear for ATT,"Improves attack on spear.\nSuccess rate:100%, weapon attack+1",0,0,1,,,Item/Item.wz/Consume/0204.img.xml,Item/Item.wz/Consume/0204.img/02044300/info,Item/Item.wz/Consume/0204.img/02044300/info/icon.png,Item/Item.wz/Consume/0204.img/02044300/info/iconRaw.png
Consume,0204,2044301,Scroll for Spear for ATT,"Improves attack on spear.\nSuccess rate:60%, weapon attack+2, STR+1. The success rate of this scroll can be enhanced by Vega's Spell.",0,0,1,,,Item/Item.wz/Consume/0204.img.xml,Item/Item.wz/Consume/0204.img/02044301/info,Item/Item.wz/Consume/0204.img/02044301/info/icon.png,Item/Item.wz/Consume/0204.img/02044301/info/iconRaw.png
Consume,0204,2044302,Scroll for Spear for ATT,"Improves attack on spear.\nSuccess rate:10%, weapon attack+5, STR+3, weapon def.+1. The success rate of this scroll can be enhanced by Vega's Spell.",0,0,1,,,Item/Item.wz/Consume/0204.img.xml,Item/Item.wz/Consume/0204.img/02044302/info,Item/Item.wz/Consume/0204.img/02044302/info/icon.png,Item/Item.wz/Consume/0204.img/02044302/info/iconRaw.png
Consume,0204,2044303,Scroll for Spear for ATT,"Improves attack on spear.\nSuccess rate:100%, weapon attack +5, STR+3, weapon def.+1",0,0,1,,,Item/Item.wz/Consume/0204.img.xml,Item/Item.wz/Consume/0204.img/02044303/info,Item/Item.wz/Consume/0204.img/02044303/info/icon.png,Item/Item.wz/Consume/0204.img/02044303/info/iconRaw.png
Consume,0204,2044304,Dark scroll for Spear for ATT,"Improves attack on spear.\nSuccess rate:70%, weapon attack +2, STR+1nIf failed, the item will be destroyed at a 50% rate.",0,0,1,,,Item/Item.wz/Consume/0204.img.xml,Item/Item.wz/Consume/0204.img/02044304/info,Item/Item.wz/Consume/0204.img/02044304/info/icon.png,Item/Item.wz/Consume/0204.img/02044304/info/iconRaw.png
Consume,0204,2044305,Dark scroll for Spear for ATT,"Improves attack on spear.\nSuccess rate:30%, weapon attack +5, STR+3, weapon def.+1nIf failed, the item will be destroyed at a 50% rate.",0,0,1,,,Item/Item.wz/Consume/0204.img.xml,Item/Item.wz/Consume/0204.img/02044305/info,Item/Item.wz/Consume/0204.img/02044305/info/icon.png,Item/Item.wz/Consume/0204.img/02044305/info/iconRaw.png
Consume,0204,2044306,Scroll for Spear for ATT,"Improves attack on the Spear. nSuccess rate:65%, weapon attack+2, STR+1",0,0,1,,,Item/Item.wz/Consume/0204.img.xml,Item/Item.wz/Consume/0204.img/02044306/info,Item/Item.wz/Consume/0204.img/02044306/info/icon.png,Item/Item.wz/Consume/0204.img/02044306/info/iconRaw.png
Consume,0204,2044307,Scroll for Spear for ATT,"Improves attack on the Spear. nSuccess rate:15%, weapon attack+5, STR+3, weapon def.+1",0,0,1,,,Item/Item.wz/Consume/0204.img.xml,Item/Item.wz/Consume/0204.img/02044307/info,Item/Item.wz/Consume/0204.img/02044307/info/icon.png,Item/Item.wz/Consume/0204.img/02044307/info/iconRaw.png
Consume,0204,2044308,[4yrAnniv]Scroll for Spear for ATT,"Improves attack on Maple Soul Spear. nSuccess rate:40%, weapon attack+3, STR+2nIf failed, the item will be destroyed at a 30% rate.",0,0,1,,,Item/Item.wz/Consume/0204.img.xml,Item/Item.wz/Consume/0204.img/02044308/info,Item/Item.wz/Consume/0204.img/02044308/info/icon.png,Item/Item.wz/Consume/0204.img/02044308/info/iconRaw.png
Consume,0204,2044310,Scroll for Spear for Accuracy 100%,"Improves accuracy on spears.\nSuccess rate:100%, accuracy+1",0,0,1,,,Item/Item.wz/Consume/0204.img.xml,Item/Item.wz/Consume/0204.img/02044310/info,Item/Item.wz/Consume/0204.img/02044310/info/icon.png,Item/Item.wz/Consume/0204.img/02044310/info/iconRaw.png
Consume,0204,2044311,Scroll for Spear for Accuracy 70%,"Improves accuracy on spears.\nSuccess rate:70%, accuracy+3, DEX+2, weapon att.+1nIf failed, the item will be destroyed at a 50% rate.",0,0,1,,,Item/Item.wz/Consume/0204.img.xml,Item/Item.wz/Consume/0204.img/02044311/info,Item/Item.wz/Consume/0204.img/02044311/info/icon.png,Item/Item.wz/Consume/0204.img/02044311/info/iconRaw.png
Consume,0204,2044312,Scroll for Spear for Accuracy 60%,"Improves accuracy on spears.\nSuccess rate:60%, accuracy+3, DEX+2, weapon att.+1. The success rate of this scroll can be enhanced by Vega's Spell.",0,0,1,,,Item/Item.wz/Consume/0204.img.xml,Item/Item.wz/Consume/0204.img/02044312/info,Item/Item.wz/Consume/0204.img/02044312/info/icon.png,Item/Item.wz/Consume/0204.img/02044312/info/iconRaw.png
Consume,0204,2044313,Scroll for Spear for Accuracy 30%,"Improves accuracy on spears.\nSuccess rate:30%, accuracy+5, DEX+3, weapon att.+3nIf failed, the item will be destroyed at a 50% rate.",0,0,1,,,Item/Item.wz/Consume/0204.img.xml,Item/Item.wz/Consume/0204.img/02044313/info,Item/Item.wz/Consume/0204.img/02044313/info/icon.png,Item/Item.wz/Consume/0204.img/02044313/info/iconRaw.png
Consume,0204,2044314,Scroll for Spear for Accuracy 10%,"Improves accuracy on spears.\nSuccess rate:10%, accuracy+5, DEX+3, weapon att.+3. The success rate of this scroll can be enhanced by Vega's Spell.",0,0,1,,,Item/Item.wz/Consume/0204.img.xml,Item/Item.wz/Consume/0204.img/02044314/info,Item/Item.wz/Consume/0204.img/02044314/info/icon.png,Item/Item.wz/Consume/0204.img/02044314/info/iconRaw.png
Consume,0204,2044316,King Pepe's 60% Scroll for Spear Attacks,"Improves the Attack strength of King Pepe's Nakamaki.\nSuccess Rate: 60%, Weapon Attack +2, Strength +1. The success rate of this scroll can be enhanced by Vega's Spell.",0,0,1,,,Item/Item.wz/Consume/0204.img.xml,Item/Item.wz/Consume/0204.img/02044316/info,Item/Item.wz/Consume/0204.img/02044316/info/icon.png,Item/Item.wz/Consume/0204.img/02044316/info/iconRaw.png
Consume,0204,2044317,Scroll for Spear for ATT 100%,"Improves attack on spear.\nSuccess rate:100%, weapon attack+2, STR+2",1,1,1,,,Item/Item.wz/Consume/0204.img.xml,Item/Item.wz/Consume/0204.img/02044317/info,Item/Item.wz/Consume/0204.img/02044317/info/icon.png,Item/Item.wz/Consume/0204.img/02044317/info/iconRaw.png
Consume,0204,2044318,Scroll for Spears for Accuracy 65%,"Improves Accuracy on Spears.\nSuccess Rate: 65%, Accuracy+3, DEX+2, Weapon Attack+1",0,0,1,,,Item/Item.wz/Consume/0204.img.xml,Item/Item.wz/Consume/0204.img/02044318/info,Item/Item.wz/Consume/0204.img/02044318/info/icon.png,Item/Item.wz/Consume/0204.img/02044318/info/iconRaw.png
Consume,0204,2044319,Scroll for Spears for Accuracy 15%,"Improves Accuracy on Spears.\nSuccess Rate: 15%, Accuracy+5, DEX+3, Weapon Attack+3",0,0,1,,,Item/Item.wz/Consume/0204.img.xml,Item/Item.wz/Consume/0204.img/02044319/info,Item/Item.wz/Consume/0204.img/02044319/info/icon.png,Item/Item.wz/Consume/0204.img/02044319/info/iconRaw.png
Consume,0204,2044320,Scroll for Spear for ATT 50%,"Improves attack on spear.\nSuccess rate:50%, weapon attack+5, STR+3, DEX+1",0,0,1,,,Item/Item.wz/Consume/0204.img.xml,Item/Item.wz/Consume/0204.img/02044320/info,Item/Item.wz/Consume/0204.img/02044320/info/icon.png,Item/Item.wz/Consume/0204.img/02044320/info/iconRaw.png
Consume,0204,2044400,Scroll for Pole Arm for ATT,"Improves attack on pole arm.\nSuccess rate:100%, weapon attack+1",0,0,1,,,Item/Item.wz/Consume/0204.img.xml,Item/Item.wz/Consume/0204.img/02044400/info,Item/Item.wz/Consume/0204.img/02044400/info/icon.png,Item/Item.wz/Consume/0204.img/02044400/info/iconRaw.png
Consume,0204,2044401,Scroll for Pole Arm for ATT,"Improves attack on pole arm.\nSuccess rate:60%, weapon attack+2, STR+1. The success rate of this scroll can be enhanced by Vega's Spell.",0,0,1,,,Item/Item.wz/Consume/0204.img.xml,Item/Item.wz/Consume/0204.img/02044401/info,Item/Item.wz/Consume/0204.img/02044401/info/icon.png,Item/Item.wz/Consume/0204.img/02044401/info/iconRaw.png
Consume,0204,2044402,Scroll for Pole Arm for ATT,"Improves attack on pole arm.\nSuccess rate:10%, weapon attack+5, STR+3, weapon def.+1. The success rate of this scroll can be enhanced by Vega's Spell.",0,0,1,,,Item/Item.wz/Consume/0204.img.xml,Item/Item.wz/Consume/0204.img/02044402/info,Item/Item.wz/Consume/0204.img/02044402/info/icon.png,Item/Item.wz/Consume/0204.img/02044402/info/iconRaw.png
Consume,0204,2044403,Scroll for Pole Arm for ATT,"Improves attack on pole arm.\nSuccess rate:100%, weapon attack +5, STR+3, weapon def.+1",0,0,1,,,Item/Item.wz/Consume/0204.img.xml,Item/Item.wz/Consume/0204.img/02044403/info,Item/Item.wz/Consume/0204.img/02044403/info/icon.png,Item/Item.wz/Consume/0204.img/02044403/info/iconRaw.png
Consume,0204,2044404,Dark scroll for Pole Arm for ATT,"Improves attack on pole arm.\nSuccess rate:70%, weapon attack +2, STR+1nIf failed, the item will be destroyed at a 50% rate.",0,0,1,,,Item/Item.wz/Consume/0204.img.xml,Item/Item.wz/Consume/0204.img/02044404/info,Item/Item.wz/Consume/0204.img/02044404/info/icon.png,Item/Item.wz/Consume/0204.img/02044404/info/iconRaw.png
Consume,0204,2044405,Dark scroll for Pole Arm for ATT,"Improves attack on pole arm.\nSuccess rate:30%, weapon attack +5, STR+3, weapon def.+1nIf failed, the item will be destroyed at a 50% rate.",0,0,1,,,Item/Item.wz/Consume/0204.img.xml,Item/Item.wz/Consume/0204.img/02044405/info,Item/Item.wz/Consume/0204.img/02044405/info/icon.png,Item/Item.wz/Consume/0204.img/02044405/info/iconRaw.png
Consume,0204,2044406,Scroll for Pole Arm for ATT,"Improves attack on the Pole arm. nSuccess rate:65%, weapon attack+2, STR+1",0,0,1,,,Item/Item.wz/Consume/0204.img.xml,Item/Item.wz/Consume/0204.img/02044406/info,Item/Item.wz/Consume/0204.img/02044406/info/icon.png,Item/Item.wz/Consume/0204.img/02044406/info/iconRaw.png
Consume,0204,2044407,Scroll for Pole Arm for ATT,"Improves attack on the Pole arm. nSuccess rate:15%, weapon attack+5, STR+3, weapon def.+1",0,0,1,,,Item/Item.wz/Consume/0204.img.xml,Item/Item.wz/Consume/0204.img/02044407/info,Item/Item.wz/Consume/0204.img/02044407/info/icon.png,Item/Item.wz/Consume/0204.img/02044407/info/iconRaw.png
Consume,0204,2044408,[4yrAnniv]Scroll for Pole Arm for ATT,"Improves attack for Maple Karstan nSuccess rate:40%, weapon attack+3, STR+2nIf failed, the item will be destroyed at a 30% rate.",0,0,1,,,Item/Item.wz/Consume/0204.img.xml,Item/Item.wz/Consume/0204.img/02044408/info,Item/Item.wz/Consume/0204.img/02044408/info/icon.png,Item/Item.wz/Consume/0204.img/02044408/info/iconRaw.png
Consume,0204,2044410,Scroll for Pole-Arm for Accuracy 100%,"Improves accuracy on pole-arms.\nSuccess rate:100%, accuracy+1",0,0,1,,,Item/Item.wz/Consume/0204.img.xml,Item/Item.wz/Consume/0204.img/02044410/info,Item/Item.wz/Consume/0204.img/02044410/info/icon.png,Item/Item.wz/Consume/0204.img/02044410/info/iconRaw.png
Consume,0204,2044411,Scroll for Pole-Arm for Accuracy 70%,"Improves accuracy on pole-arms.\nSuccess rate:70%, accuracy+3, DEX+2, weapon att.+1nIf failed, the item will be destroyed at a 50% rate.",0,0,1,,,Item/Item.wz/Consume/0204.img.xml,Item/Item.wz/Consume/0204.img/02044411/info,Item/Item.wz/Consume/0204.img/02044411/info/icon.png,Item/Item.wz/Consume/0204.img/02044411/info/iconRaw.png
Consume,0204,2044412,Scroll for Pole-Arm for Accuracy 60%,"Improves accuracy on pole-arms.\nSuccess rate:60%, accuracy+3, DEX+2, weapon att.+1. The success rate of this scroll can be enhanced by Vega's Spell.",0,0,1,,,Item/Item.wz/Consume/0204.img.xml,Item/Item.wz/Consume/0204.img/02044412/info,Item/Item.wz/Consume/0204.img/02044412/info/icon.png,Item/Item.wz/Consume/0204.img/02044412/info/iconRaw.png
Consume,0204,2044413,Scroll for Pole-Arm for Accuracy 30%,"Improves accuracy on pole-arms.\nSuccess rate:30%, accuracy+5, DEX+3, weapon att.+3nIf failed, the item will be destroyed at a 50% rate.",0,0,1,,,Item/Item.wz/Consume/0204.img.xml,Item/Item.wz/Consume/0204.img/02044413/info,Item/Item.wz/Consume/0204.img/02044413/info/icon.png,Item/Item.wz/Consume/0204.img/02044413/info/iconRaw.png
Consume,0204,2044414,Scroll for Pole-Arm for Accuracy 10%,"Improves accuracy on pole-arms.\nSuccess rate:10%, accuracy+5, DEX+3, weapon att.+3. The success rate of this scroll can be enhanced by Vega's Spell.",0,0,1,,,Item/Item.wz/Consume/0204.img.xml,Item/Item.wz/Consume/0204.img/02044414/info,Item/Item.wz/Consume/0204.img/02044414/info/icon.png,Item/Item.wz/Consume/0204.img/02044414/info/iconRaw.png
Consume,0204,2044416,King Pepe's 60% Scroll for Polearm Attacks,"Improves the Attack strength of King Pepe's Axe Polearm.\nSuccess Rate: 60%, Weapon Attack +2, Strength +1. The success rate of this scroll can be enhanced by Vega's Spell.",0,0,1,,,Item/Item.wz/Consume/0204.img.xml,Item/Item.wz/Consume/0204.img/02044416/info,Item/Item.wz/Consume/0204.img/02044416/info/icon.png,Item/Item.wz/Consume/0204.img/02044416/info/iconRaw.png
Consume,0204,2044417,Scroll for Pole Arm for ATT 100%,"Improves attack on pole arm.\nSuccess rate:100%, weapon attack+2, STR+2",1,1,1,,,Item/Item.wz/Consume/0204.img.xml,Item/Item.wz/Consume/0204.img/02044417/info,Item/Item.wz/Consume/0204.img/02044417/info/icon.png,Item/Item.wz/Consume/0204.img/02044417/info/iconRaw.png
Consume,0204,2044418,Scroll for Polearm for Accuracy 65%,"Improves Accuracy on Polearms.\nSuccess Rate: 65%, Accuracy+3, DEX+2, Weapon Attack+1",0,0,1,,,Item/Item.wz/Consume/0204.img.xml,Item/Item.wz/Consume/0204.img/02044418/info,Item/Item.wz/Consume/0204.img/02044418/info/icon.png,Item/Item.wz/Consume/0204.img/02044418/info/iconRaw.png
Consume,0204,2044419,Scroll for Polearm for Accuracy 15%,"Improves Accuracy on Polearms.\nSuccess Rate: 15%, Accuracy+5, DEX+3, Weapon Attack+3",0,0,1,,,Item/Item.wz/Consume/0204.img.xml,Item/Item.wz/Consume/0204.img/02044419/info,Item/Item.wz/Consume/0204.img/02044419/info/icon.png,Item/Item.wz/Consume/0204.img/02044419/info/iconRaw.png
Consume,0204,2044420,Scroll for Pole Arm for ATT 50%,"Improves attack on pole arm.\nSuccess rate:50%, weapon attack+5, STR+3, DEX+1",0,0,1,,,Item/Item.wz/Consume/0204.img.xml,Item/Item.wz/Consume/0204.img/02044420/info,Item/Item.wz/Consume/0204.img/02044420/info/icon.png,Item/Item.wz/Consume/0204.img/02044420/info/iconRaw.png
Consume,0204,2044500,Scroll for Bow for ATT,"Improves attack on bow.\nSuccess rate:100%, weapon attack+1",0,0,1,,,Item/Item.wz/Consume/0204.img.xml,Item/Item.wz/Consume/0204.img/02044500/info,Item/Item.wz/Consume/0204.img/02044500/info/icon.png,Item/Item.wz/Consume/0204.img/02044500/info/iconRaw.png
Consume,0204,2044501,Scroll for Bow for ATT,"Improves attack on bow.\nSuccess rate: 60%, weapon attack+2, accuracy +1. The success rate of this scroll can be enhanced by Vega's Spell.",0,0,1,,,Item/Item.wz/Consume/0204.img.xml,Item/Item.wz/Consume/0204.img/02044501/info,Item/Item.wz/Consume/0204.img/02044501/info/icon.png,Item/Item.wz/Consume/0204.img/02044501/info/iconRaw.png
Consume,0204,2044502,Scroll for Bow for ATT,"Improves attack on bow.\nSuccess rate:10%, weapon attack+5, accuracy+3, DEX+1. The success rate of this scroll can be enhanced by Vega's Spell.",0,0,1,,,Item/Item.wz/Consume/0204.img.xml,Item/Item.wz/Consume/0204.img/02044502/info,Item/Item.wz/Consume/0204.img/02044502/info/icon.png,Item/Item.wz/Consume/0204.img/02044502/info/iconRaw.png
Consume,0204,2044503,Scroll for Bow for ATT,"Improves attack on bow.\nSuccess rate:100%, weapon attack +5, accuracy +3, DEX+1",0,0,1,,,Item/Item.wz/Consume/0204.img.xml,Item/Item.wz/Consume/0204.img/02044503/info,Item/Item.wz/Consume/0204.img/02044503/info/icon.png,Item/Item.wz/Consume/0204.img/02044503/info/iconRaw.png
Consume,0204,2044504,Dark scroll for Bow for ATT,"Improves attack on bow.\nSuccess rate:70%, weapon attack +2, accuracy +1nIf failed, the item will be destroyed at a 50% rate.",0,0,1,,,Item/Item.wz/Consume/0204.img.xml,Item/Item.wz/Consume/0204.img/02044504/info,Item/Item.wz/Consume/0204.img/02044504/info/icon.png,Item/Item.wz/Consume/0204.img/02044504/info/iconRaw.png
Consume,0204,2044505,Dark scroll for Bow for ATT,"Improves attack on bow.\nSuccess rate:30%, weapon attack +5, accuracy +3, DEX+1nIf failed, the item will be destroyed at a 50% rate.",0,0,1,,,Item/Item.wz/Consume/0204.img.xml,Item/Item.wz/Consume/0204.img/02044505/info,Item/Item.wz/Consume/0204.img/02044505/info/icon.png,Item/Item.wz/Consume/0204.img/02044505/info/iconRaw.png
Consume,0204,2044506,Scroll for Bow for ATT,"Improves attack on the Bow. nSuccess rate:65%, weapon attack+2, accuracy+1",0,0,1,,,Item/Item.wz/Consume/0204.img.xml,Item/Item.wz/Consume/0204.img/02044506/info,Item/Item.wz/Consume/0204.img/02044506/info/icon.png,Item/Item.wz/Consume/0204.img/02044506/info/iconRaw.png
Consume,0204,2044507,Scroll for Bow for ATT,"Improves attack on the Bow. nSuccess rate:15%, weapon attack+5, accuracy+3, DEX+1",0,0,1,,,Item/Item.wz/Consume/0204.img.xml,Item/Item.wz/Consume/0204.img/02044507/info,Item/Item.wz/Consume/0204.img/02044507/info/icon.png,Item/Item.wz/Consume/0204.img/02044507/info/iconRaw.png
Consume,0204,2044508,[4yrAnniv]Scroll for Bow for ATT,"Improves attack on Maple Kandiva Bow. nSuccess rate:40%, weapon attack+3, accuracy+1nIf failed, the item will be destroyed at a 30% rate.",0,0,1,,,Item/Item.wz/Consume/0204.img.xml,Item/Item.wz/Consume/0204.img/02044508/info,Item/Item.wz/Consume/0204.img/02044508/info/icon.png,Item/Item.wz/Consume/0204.img/02044508/info/iconRaw.png
Consume,0204,2044511,King Pepe's 60% Scroll for Bow Attacks,"Improves the Attack strength of King Pepe's Red Viper.\nSuccess Rate: 60%, Weapon Attack +2, Accuracy +1. The success rate of this scroll can be enhanced by Vega's Spell.",0,0,1,,,Item/Item.wz/Consume/0204.img.xml,Item/Item.wz/Consume/0204.img/02044511/info,Item/Item.wz/Consume/0204.img/02044511/info/icon.png,Item/Item.wz/Consume/0204.img/02044511/info/iconRaw.png
Consume,0204,2044512,Scroll for Bow for ATT 100%,"Improves attack on bow.\nSuccess rate: 100%, weapon attack+2, accuracy +3",1,1,1,,,Item/Item.wz/Consume/0204.img.xml,Item/Item.wz/Consume/0204.img/02044512/info,Item/Item.wz/Consume/0204.img/02044512/info/icon.png,Item/Item.wz/Consume/0204.img/02044512/info/iconRaw.png
Consume,0204,2044513,Scroll for Bow for ATT 50%,"Improves attack on bow.\nSuccess rate:50%, weapon attack +5, DEX+1, STR+1",0,0,1,,,Item/Item.wz/Consume/0204.img.xml,Item/Item.wz/Consume/0204.img/02044513/info,Item/Item.wz/Consume/0204.img/02044513/info/icon.png,Item/Item.wz/Consume/0204.img/02044513/info/iconRaw.png
Consume,0204,2044600,Scroll for Crossbow for ATT,"Improves attack on crossbow.\nSuccess rate:100%, weapon attack+1",0,0,1,,,Item/Item.wz/Consume/0204.img.xml,Item/Item.wz/Consume/0204.img/02044600/info,Item/Item.wz/Consume/0204.img/02044600/info/icon.png,Item/Item.wz/Consume/0204.img/02044600/info/iconRaw.png
Consume,0204,2044601,Scroll for Crossbow for ATT,"Improves attack on crossbow.\nSuccess rate:60%, weapon attack+2, accuracy+1. The success rate of this scroll can be enhanced by Vega's Spell.",0,0,1,,,Item/Item.wz/Consume/0204.img.xml,Item/Item.wz/Consume/0204.img/02044601/info,Item/Item.wz/Consume/0204.img/02044601/info/icon.png,Item/Item.wz/Consume/0204.img/02044601/info/iconRaw.png
Consume,0204,2044602,Scroll for Crossbow for ATT,"Improves attack on crossbow.\nSuccess rate:10%, weapon attack+5, accuracy+3, DEX+1. The success rate of this scroll can be enhanced by Vega's Spell.",0,0,1,,,Item/Item.wz/Consume/0204.img.xml,Item/Item.wz/Consume/0204.img/02044602/info,Item/Item.wz/Consume/0204.img/02044602/info/icon.png,Item/Item.wz/Consume/0204.img/02044602/info/iconRaw.png
Consume,0204,2044603,Scroll for Crossbow for ATT,"Improves attack on crossbow.\nSuccess rate:100%, weapon attack+5, accuracy+3, DEX+1",0,0,1,,,Item/Item.wz/Consume/0204.img.xml,Item/Item.wz/Consume/0204.img/02044603/info,Item/Item.wz/Consume/0204.img/02044603/info/icon.png,Item/Item.wz/Consume/0204.img/02044603/info/iconRaw.png
Consume,0204,2044604,Dark scroll for Crossbow for ATT,"Improves attack on crossbow.\nSuccess rate:70%, weapon attack+2, accuracy+1nIf failed, the item will be destroyed at a 50% rate.",0,0,1,,,Item/Item.wz/Consume/0204.img.xml,Item/Item.wz/Consume/0204.img/02044604/info,Item/Item.wz/Consume/0204.img/02044604/info/icon.png,Item/Item.wz/Consume/0204.img/02044604/info/iconRaw.png
Consume,0204,2044605,Dark scroll for Crossbow for ATT,"Improves attack on crossbow.\nSuccess rate:30%, weapon attack+5, accuracy+3, DEX+1nIf failed, the item will be destroyed at a 50% rate.",0,0,1,,,Item/Item.wz/Consume/0204.img.xml,Item/Item.wz/Consume/0204.img/02044605/info,Item/Item.wz/Consume/0204.img/02044605/info/icon.png,Item/Item.wz/Consume/0204.img/02044605/info/iconRaw.png
Consume,0204,2044606,Scroll for Crossbow for ATT,"Improves attack on the Crossbow. nSuccess rate:65%, weapon attack+2, accuracy+1",0,0,1,,,Item/Item.wz/Consume/0204.img.xml,Item/Item.wz/Consume/0204.img/02044606/info,Item/Item.wz/Consume/0204.img/02044606/info/icon.png,Item/Item.wz/Consume/0204.img/02044606/info/iconRaw.png
Consume,0204,2044607,Scroll for Crossbow for ATT,"Improves attack on the Crossbow. nSuccess rate:15%, weapon attack+5, accuracy+3, DEX+1",0,0,1,,,Item/Item.wz/Consume/0204.img.xml,Item/Item.wz/Consume/0204.img/02044607/info,Item/Item.wz/Consume/0204.img/02044607/info/icon.png,Item/Item.wz/Consume/0204.img/02044607/info/iconRaw.png
Consume,0204,2044608,[4yrAnniv]Scroll for Crossbow for ATT,"Improves attack on Maple Nishada. nSuccess rate:40%, weapon attack+3, accuracy+2nIf failed, the item will be destroyed at a 30% rate.",0,0,1,,,Item/Item.wz/Consume/0204.img.xml,Item/Item.wz/Consume/0204.img/02044608/info,Item/Item.wz/Consume/0204.img/02044608/info/icon.png,Item/Item.wz/Consume/0204.img/02044608/info/iconRaw.png
Consume,0204,2044611,King Pepe's 60% Scroll for Crossbow Attacks,"Improves the Attack strength of King Pepe's Eagle Crow.\nSuccess Rate: 60%, Weapon Attack +2, Accuracy +1. The success rate of this scroll can be enhanced by Vega's Spell.",0,0,1,,,Item/Item.wz/Consume/0204.img.xml,Item/Item.wz/Consume/0204.img/02044611/info,Item/Item.wz/Consume/0204.img/02044611/info/icon.png,Item/Item.wz/Consume/0204.img/02044611/info/iconRaw.png
Consume,0204,2044612,Scroll for Crossbow for ATT 100%,"Improves attack on crossbow.\nSuccess rate:100%, weapon attack+2, accuracy+3",1,1,1,,,Item/Item.wz/Consume/0204.img.xml,Item/Item.wz/Consume/0204.img/02044612/info,Item/Item.wz/Consume/0204.img/02044612/info/icon.png,Item/Item.wz/Consume/0204.img/02044612/info/iconRaw.png
Consume,0204,2044613,Scroll for Crossbow for ATT 50%,"Improves attack on crossbow.\nSuccess rate:50%, weapon attack+5, DEX+1, STR+1",0,0,1,,,Item/Item.wz/Consume/0204.img.xml,Item/Item.wz/Consume/0204.img/02044613/info,Item/Item.wz/Consume/0204.img/02044613/info/icon.png,Item/Item.wz/Consume/0204.img/02044613/info/iconRaw.png
Consume,0204,2044700,Scroll for Claw for ATT,"Improves attack on claw.\nSuccess rate:100%, weapon attack+1",0,0,1,,,Item/Item.wz/Consume/0204.img.xml,Item/Item.wz/Consume/0204.img/02044700/info,Item/Item.wz/Consume/0204.img/02044700/info/icon.png,Item/Item.wz/Consume/0204.img/02044700/info/iconRaw.png
Consume,0204,2044701,Scroll for Claw for ATT,"Improves attack on claw.\nSuccess rate:60%, weapon attack+2, accuracy+1. The success rate of this scroll can be enhanced by Vega's Spell.",0,0,1,,,Item/Item.wz/Consume/0204.img.xml,Item/Item.wz/Consume/0204.img/02044701/info,Item/Item.wz/Consume/0204.img/02044701/info/icon.png,Item/Item.wz/Consume/0204.img/02044701/info/iconRaw.png
Consume,0204,2044702,Scroll for Claw for ATT,"Improves attack on claw.\nSuccess rate:10%, weapon attack+5, accuracy+3, LUK+1. The success rate of this scroll can be enhanced by Vega's Spell.",0,0,1,,,Item/Item.wz/Consume/0204.img.xml,Item/Item.wz/Consume/0204.img/02044702/info,Item/Item.wz/Consume/0204.img/02044702/info/icon.png,Item/Item.wz/Consume/0204.img/02044702/info/iconRaw.png
Consume,0204,2044703,Scroll for Claw for ATT,"Improves attack on claw.\nSuccess rate:100%, weapon attack+5, accuracy+3, LUK+1",0,0,1,,,Item/Item.wz/Consume/0204.img.xml,Item/Item.wz/Consume/0204.img/02044703/info,Item/Item.wz/Consume/0204.img/02044703/info/icon.png,Item/Item.wz/Consume/0204.img/02044703/info/iconRaw.png
Consume,0204,2044704,Dark Scroll for Claw for ATT,"Improves attack on claw.\nSuccess rate:70%, weapon attack +2, accuracy +1nIf failed, the item will be destroyed at the 50% rate.",0,0,1,,,Item/Item.wz/Consume/0204.img.xml,Item/Item.wz/Consume/0204.img/02044704/info,Item/Item.wz/Consume/0204.img/02044704/info/icon.png,Item/Item.wz/Consume/0204.img/02044704/info/iconRaw.png
Consume,0204,2044705,Dark scroll for Claw for ATT,"Improves attack on claw.\nSuccess rate:30%, weapon attack +5, accuracy +3, LUK+1nIf failed, the item will be destroyed at a 50% rate.",0,0,1,,,Item/Item.wz/Consume/0204.img.xml,Item/Item.wz/Consume/0204.img/02044705/info,Item/Item.wz/Consume/0204.img/02044705/info/icon.png,Item/Item.wz/Consume/0204.img/02044705/info/iconRaw.png
Consume,0204,2044706,Scroll for Claw for ATT,"Improves attack on the Claw. nSuccess rate:65%, weapon attack+2, accuracy+1",0,0,1,,,Item/Item.wz/Consume/0204.img.xml,Item/Item.wz/Consume/0204.img/02044706/info,Item/Item.wz/Consume/0204.img/02044706/info/icon.png,Item/Item.wz/Consume/0204.img/02044706/info/iconRaw.png
Consume,0204,2044707,Scroll for Claw for ATT,"Improves attack on the Claw. nSuccess rate:15%, weapon attack+5, accuracy+3, LUK+1",0,0,1,,,Item/Item.wz/Consume/0204.img.xml,Item/Item.wz/Consume/0204.img/02044707/info,Item/Item.wz/Consume/0204.img/02044707/info/icon.png,Item/Item.wz/Consume/0204.img/02044707/info/iconRaw.png
Consume,0204,2044708,[4yrAnniv]Scroll for Claw for ATT,"Improves attack on Maple Scandar. nSuccess rate:40%, weapon attack+3, accuracy+2nIf failed, the item will be destroyed at a 30% rate.",0,0,1,,,Item/Item.wz/Consume/0204.img.xml,Item/Item.wz/Consume/0204.img/02044708/info,Item/Item.wz/Consume/0204.img/02044708/info/icon.png,Item/Item.wz/Consume/0204.img/02044708/info/iconRaw.png
Consume,0204,2044711,King Pepe's 60% Scroll for Thief Attacks,"Improves the Attack strength of King Pepe's Dark Guardian.\nSuccess Rate: 60%, Weapon Attack +2, Accuracy +1. The success rate of this scroll can be enhanced by Vega's Spell.",0,0,1,,,Item/Item.wz/Consume/0204.img.xml,Item/Item.wz/Consume/0204.img/02044711/info,Item/Item.wz/Consume/0204.img/02044711/info/icon.png,Item/Item.wz/Consume/0204.img/02044711/info/iconRaw.png
Consume,0204,2044712,Scroll for Claw for ATT 100%,"Improves attack on claw.\nSuccess rate:100%, weapon attack+2, accuracy+3",1,1,1,,,Item/Item.wz/Consume/0204.img.xml,Item/Item.wz/Consume/0204.img/02044712/info,Item/Item.wz/Consume/0204.img/02044712/info/icon.png,Item/Item.wz/Consume/0204.img/02044712/info/iconRaw.png
Consume,0204,2044713,Scroll for Claw for ATT 50%,"Improves attack on claw.\nSuccess rate:50%, weapon attack+5, LUK+1, DEX+1",1,1,1,,,Item/Item.wz/Consume/0204.img.xml,Item/Item.wz/Consume/0204.img/02044713/info,Item/Item.wz/Consume/0204.img/02044713/info/icon.png,Item/Item.wz/Consume/0204.img/02044713/info/iconRaw.png
Consume,0204,2044800,Scroll for Knuckler for Attack 100%,"Improves attack on Knucklers.\nSuccess rate:100%, weapon att. +1",0,0,1,,,Item/Item.wz/Consume/0204.img.xml,Item/Item.wz/Consume/0204.img/02044800/info,Item/Item.wz/Consume/0204.img/02044800/info/icon.png,Item/Item.wz/Consume/0204.img/02044800/info/iconRaw.png
Consume,0204,2044801,Scroll for Knuckler for Attack 60%,"Improves attack on Knucklers.\nSuccess rate:60%, weapon att. +2, STR+1. The success rate of this scroll can be enhanced by Vega's Spell.",0,0,1,,,Item/Item.wz/Consume/0204.img.xml,Item/Item.wz/Consume/0204.img/02044801/info,Item/Item.wz/Consume/0204.img/02044801/info/icon.png,Item/Item.wz/Consume/0204.img/02044801/info/iconRaw.png
Consume,0204,2044802,Scroll for Knuckler for ATT,"Improves attack on Knucklers.\nSuccess rate:10%, weapon att. +5, STR+3, weapon def. +1. The success rate of this scroll can be enhanced by Vega's Spell.",0,0,1,,,Item/Item.wz/Consume/0204.img.xml,Item/Item.wz/Consume/0204.img/02044802/info,Item/Item.wz/Consume/0204.img/02044802/info/icon.png,Item/Item.wz/Consume/0204.img/02044802/info/iconRaw.png
Consume,0204,2044803,Scroll for Knuckler for Attack 70%,"Improves attack on Knucklers.\nSuccess rate:70%, weapon att. +2, STR+1nIf failed, the item will be destroyed at a 50% rate",0,0,1,,,Item/Item.wz/Consume/0204.img.xml,Item/Item.wz/Consume/0204.img/02044803/info,Item/Item.wz/Consume/0204.img/02044803/info/icon.png,Item/Item.wz/Consume/0204.img/02044803/info/iconRaw.png
Consume,0204,2044804,Scroll for Knuckler for Attack 30%,"Improves attack on Knucklers.\nSuccess rate:30%, weapon att. +5, STR+3, weapon def. +1nIf failed, the item will be destroyed at a 50% rate",0,0,1,,,Item/Item.wz/Consume/0204.img.xml,Item/Item.wz/Consume/0204.img/02044804/info,Item/Item.wz/Consume/0204.img/02044804/info/icon.png,Item/Item.wz/Consume/0204.img/02044804/info/iconRaw.png
Consume,0204,2044805,Scroll for Knuckle for Accuracy 100%,"Improves accuracy on knuckles.\nSuccess rate:100%, accuracy+1",0,0,1,,,Item/Item.wz/Consume/0204.img.xml,Item/Item.wz/Consume/0204.img/02044805/info,Item/Item.wz/Consume/0204.img/02044805/info/icon.png,Item/Item.wz/Consume/0204.img/02044805/info/iconRaw.png
Consume,0204,2044806,Scroll for Knuckle for Accuracy 70%,"Improves accuracy on knuckles.\nSuccess rate:70%, accuracy+3, DEX+2, weapon att.+1nIf failed, the item will be destroyed at a 50% rate..",0,0,1,,,Item/Item.wz/Consume/0204.img.xml,Item/Item.wz/Consume/0204.img/02044806/info,Item/Item.wz/Consume/0204.img/02044806/info/icon.png,Item/Item.wz/Consume/0204.img/02044806/info/iconRaw.png
Consume,0204,2044807,Scroll for Knuckle for Accuracy 60%,"Improves accuracy on knuckles.\nSuccess rate:60%, accuracy+3, DEX+2, weapon att.+1. The success rate of this scroll can be enhanced by Vega's Spell.",0,0,1,,,Item/Item.wz/Consume/0204.img.xml,Item/Item.wz/Consume/0204.img/02044807/info,Item/Item.wz/Consume/0204.img/02044807/info/icon.png,Item/Item.wz/Consume/0204.img/02044807/info/iconRaw.png
Consume,0204,2044808,Scroll for Knuckle for Accuracy 30%,"Improves accuracy on knuckles.\nSuccess rate:30%, accuracy+5, DEX+3, weapon att.+3nIf failed, the item will be destroyed at a 50% rate..",0,0,1,,,Item/Item.wz/Consume/0204.img.xml,Item/Item.wz/Consume/0204.img/02044808/info,Item/Item.wz/Consume/0204.img/02044808/info/icon.png,Item/Item.wz/Consume/0204.img/02044808/info/iconRaw.png
Consume,0204,2044809,Scroll for Knuckle for Accuracy 10%,"Improves accuracy on knuckles.\nSuccess rate:10%, accuracy+5, DEX+3, weapon att.+3. The success rate of this scroll can be enhanced by Vega's Spell.",0,0,1,,,Item/Item.wz/Consume/0204.img.xml,Item/Item.wz/Consume/0204.img/02044809/info,Item/Item.wz/Consume/0204.img/02044809/info/icon.png,Item/Item.wz/Consume/0204.img/02044809/info/iconRaw.png
Consume,0204,2044810,[4yrAnniv] Scroll for Knuckle for Attack 40%,"Improves the attack on Maple Golden Claw. nSuccess rate:40%,weapon att.+3,STR+2nIf failed, the item will be destroyed at a 30% rate.",0,0,1,,,Item/Item.wz/Consume/0204.img.xml,Item/Item.wz/Consume/0204.img/02044810/info,Item/Item.wz/Consume/0204.img/02044810/info/icon.png,Item/Item.wz/Consume/0204.img/02044810/info/iconRaw.png
Consume,0204,2044811,Scroll for Knuckles for ATT 65%,"Improves ATT on Knuckles.\nSuccess Rate:65%, Weapon Att+2, STR+1",0,0,1,,,Item/Item.wz/Consume/0204.img.xml,Item/Item.wz/Consume/0204.img/02044811/info,Item/Item.wz/Consume/0204.img/02044811/info/icon.png,Item/Item.wz/Consume/0204.img/02044811/info/iconRaw.png
Consume,0204,2044812,Scroll for Knuckles for ATT 15%,"Improves ATT on Knuckles.\nSuccess Rate:15%, Weapon Att+5, STR+3, Weapon DEF+1",0,0,1,,,Item/Item.wz/Consume/0204.img.xml,Item/Item.wz/Consume/0204.img/02044812/info,Item/Item.wz/Consume/0204.img/02044812/info/icon.png,Item/Item.wz/Consume/0204.img/02044812/info/iconRaw.png
Consume,0204,2044813,Scroll for Knuckles for Accuracy 65%,"Improves Accuracy on Knuckles.\nSuccess Rate:65%, Accuracy+3, DEX+2, Weapon Att+1",0,0,1,,,Item/Item.wz/Consume/0204.img.xml,Item/Item.wz/Consume/0204.img/02044813/info,Item/Item.wz/Consume/0204.img/02044813/info/icon.png,Item/Item.wz/Consume/0204.img/02044813/info/iconRaw.png
Consume,0204,2044814,Scroll for Knuckles for Accuracy 15%,"Improves Accuracy on Knuckles.\nSuccess Rate:15%, Accuracy+5, DEX+3, Weapon Att+3",0,0,1,,,Item/Item.wz/Consume/0204.img.xml,Item/Item.wz/Consume/0204.img/02044814/info,Item/Item.wz/Consume/0204.img/02044814/info/icon.png,Item/Item.wz/Consume/0204.img/02044814/info/iconRaw.png
Consume,0204,2044815,Scroll for Knuckler for Attack 100%,"Improves attack on Knucklers.\nSuccess rate: 100%. Weapon Attack +2, STR +1",1,1,1,,,Item/Item.wz/Consume/0204.img.xml,Item/Item.wz/Consume/0204.img/02044815/info,Item/Item.wz/Consume/0204.img/02044815/info/icon.png,Item/Item.wz/Consume/0204.img/02044815/info/iconRaw.png
Consume,0204,2044816,King Pepe's 60% Scroll for Knuckle Attacks,"Improves the Attack strength of King Pepe's Silver Maden.\nSuccess Rate: 60%, Weapon Attack +2, Strength +1. The success rate of this scroll can be enhanced by Vega's Spell.",0,0,1,,,Item/Item.wz/Consume/0204.img.xml,Item/Item.wz/Consume/0204.img/02044816/info,Item/Item.wz/Consume/0204.img/02044816/info/icon.png,Item/Item.wz/Consume/0204.img/02044816/info/iconRaw.png
Consume,0204,2044817,Scroll for Knuckler for Attack 50%,"Improves attack on Knucklers.\nSuccess rate: 50%. Weapon Attack +5, STR +3,  DEX +1",1,1,1,,,Item/Item.wz/Consume/0204.img.xml,Item/Item.wz/Consume/0204.img/02044817/info,Item/Item.wz/Consume/0204.img/02044817/info/icon.png,Item/Item.wz/Consume/0204.img/02044817/info/iconRaw.png
Consume,0204,2044900,Scroll for Gun for Attack 100%,"Improves attack on Guns.\nSuccess rate:100%, weapon att. +1",0,0,1,,,Item/Item.wz/Consume/0204.img.xml,Item/Item.wz/Consume/0204.img/02044900/info,Item/Item.wz/Consume/0204.img/02044900/info/icon.png,Item/Item.wz/Consume/0204.img/02044900/info/iconRaw.png
Consume,0204,2044901,Scroll for Gun for Attack 60%,"Improves attack on Guns.\nSuccess rate:60%, weapon att. +2, accuracy+1. The success rate of this scroll can be enhanced by Vega's Spell.",0,0,1,,,Item/Item.wz/Consume/0204.img.xml,Item/Item.wz/Consume/0204.img/02044901/info,Item/Item.wz/Consume/0204.img/02044901/info/icon.png,Item/Item.wz/Consume/0204.img/02044901/info/iconRaw.png
Consume,0204,2044902,Scroll for Gun for ATT,"Improves attack on Guns.\nSuccess rate:10%, weapon att. +5, accuracy+3, DEX+1. The success rate of this scroll can be enhanced by Vega's Spell.",0,0,1,,,Item/Item.wz/Consume/0204.img.xml,Item/Item.wz/Consume/0204.img/02044902/info,Item/Item.wz/Consume/0204.img/02044902/info/icon.png,Item/Item.wz/Consume/0204.img/02044902/info/iconRaw.png
Consume,0204,2044903,Scroll for Gun for Attack 70%,"Improves attack on Guns.\nSuccess rate:70%, weapon att. +2, accuracy+1nIf failed, the item will be destroyed at a 50% rate",0,0,1,,,Item/Item.wz/Consume/0204.img.xml,Item/Item.wz/Consume/0204.img/02044903/info,Item/Item.wz/Consume/0204.img/02044903/info/icon.png,Item/Item.wz/Consume/0204.img/02044903/info/iconRaw.png
Consume,0204,2044904,Scroll for Gun for Attack 30%,"Improves attack on Guns.\nSuccess rate:30%, weapon att. +5, accuracy+3, DEX+1nIf failed, the item will be destroyed at a 50% rate",0,0,1,,,Item/Item.wz/Consume/0204.img.xml,Item/Item.wz/Consume/0204.img/02044904/info,Item/Item.wz/Consume/0204.img/02044904/info/icon.png,Item/Item.wz/Consume/0204.img/02044904/info/iconRaw.png
Consume,0204,2044905,[4yrAnniv] Gun for Attack 40%,"Improves the attact on Maple Canon Shooter. nSuccess rate:40%, weapon att.+3,naccuracy+2nIf failed, the item will be destroyed at a 30% rate.",0,0,1,,,Item/Item.wz/Consume/0204.img.xml,Item/Item.wz/Consume/0204.img/02044905/info,Item/Item.wz/Consume/0204.img/02044905/info/icon.png,Item/Item.wz/Consume/0204.img/02044905/info/iconRaw.png
Consume,0204,2044906,Gun ATT Scroll 65%,"Improves ATT on guns.\nSuccess Rate:65%, Weapon Att.+2, Accuracy+1",0,0,1,,,Item/Item.wz/Consume/0204.img.xml,Item/Item.wz/Consume/0204.img/02044906/info,Item/Item.wz/Consume/0204.img/02044906/info/icon.png,Item/Item.wz/Consume/0204.img/02044906/info/iconRaw.png
Consume,0204,2044907,Gun ATT Scroll 15%,"Improves ATT on guns.\nSuccess Rate:15%, Weapon Att.+5, Accuracy+3, DEX+1",0,0,1,,,Item/Item.wz/Consume/0204.img.xml,Item/Item.wz/Consume/0204.img/02044907/info,Item/Item.wz/Consume/0204.img/02044907/info/icon.png,Item/Item.wz/Consume/0204.img/02044907/info/iconRaw.png
Consume,0204,2044908,Scroll for Gun for Attack 100%,"Improves attack on Guns.\nSuccess rate: 100%. Weapon Attack +2, Accuracy +1",1,1,1,,,Item/Item.wz/Consume/0204.img.xml,Item/Item.wz/Consume/0204.img/02044908/info,Item/Item.wz/Consume/0204.img/02044908/info/icon.png,Item/Item.wz/Consume/0204.img/02044908/info/iconRaw.png
Consume,0204,2044909,King Pepe's 60% Scroll for Gun Attacks,"Improves the Attack strength of King Pepe's Shooting Star.\nSuccess Rate: 60%, Weapon Attack +2, Accuracy +1. The success rate of this scroll can be enhanced by Vega's Spell.",0,0,1,,,Item/Item.wz/Consume/0204.img.xml,Item/Item.wz/Consume/0204.img/02044909/info,Item/Item.wz/Consume/0204.img/02044909/info/icon.png,Item/Item.wz/Consume/0204.img/02044909/info/iconRaw.png
Consume,0204,2044910,Scroll for Gun for Attack 50%,"Improves attack on Guns.\nSuccess rate: 50%. Weapon Attack +5, LUK +1, DEX +1",1,1,1,,,Item/Item.wz/Consume/0204.img.xml,Item/Item.wz/Consume/0204.img/02044910/info,Item/Item.wz/Consume/0204.img/02044910/info/icon.png,Item/Item.wz/Consume/0204.img/02044910/info/iconRaw.png
Consume,0204,2048000,Scroll for Pet Equip. for Speed,"Improves speed on pet equip.\nSuccess rate:100%, speed+1",0,0,1,,,Item/Item.wz/Consume/0204.img.xml,Item/Item.wz/Consume/0204.img/02048000/info,Item/Item.wz/Consume/0204.img/02048000/info/icon.png,Item/Item.wz/Consume/0204.img/02048000/info/iconRaw.png
Consume,0204,2048001,Scroll for Pet Equip. for Speed,"Improves speed on pet equip.\nSuccess rate:60%, moving speed+2. The success rate of this scroll can be enhanced by Vega's Spell.",0,0,1,,,Item/Item.wz/Consume/0204.img.xml,Item/Item.wz/Consume/0204.img/02048001/info,Item/Item.wz/Consume/0204.img/02048001/info/icon.png,Item/Item.wz/Consume/0204.img/02048001/info/iconRaw.png
Consume,0204,2048002,Scroll for Pet Equip. for Speed,"Improves speed on pet equip.\nSuccess rate:10%, moving speed+3. The success rate of this scroll can be enhanced by Vega's Spell.",0,0,1,,,Item/Item.wz/Consume/0204.img.xml,Item/Item.wz/Consume/0204.img/02048002/info,Item/Item.wz/Consume/0204.img/02048002/info/icon.png,Item/Item.wz/Consume/0204.img/02048002/info/iconRaw.png
Consume,0204,2048003,Scroll for Pet Equip. for Jump,"Improves jump on pet equip.\nSuccess rate:100%, jump+1",0,0,1,,,Item/Item.wz/Consume/0204.img.xml,Item/Item.wz/Consume/0204.img/02048003/info,Item/Item.wz/Consume/0204.img/02048003/info/icon.png,Item/Item.wz/Consume/0204.img/02048003/info/iconRaw.png
Consume,0204,2048004,Scroll for Pet Equip. for Jump,"Improves jump on pet equip.\nSuccess rate:60%, jump+2. The success rate of this scroll can be enhanced by Vega's Spell.",0,0,1,,,Item/Item.wz/Consume/0204.img.xml,Item/Item.wz/Consume/0204.img/02048004/info,Item/Item.wz/Consume/0204.img/02048004/info/icon.png,Item/Item.wz/Consume/0204.img/02048004/info/iconRaw.png
Consume,0204,2048005,Scroll for Pet Equip. for Jump,"Improves jump on pet equip.\nSuccess rate:10%, jump+3. The success rate of this scroll can be enhanced by Vega's Spell.",0,0,1,,,Item/Item.wz/Consume/0204.img.xml,Item/Item.wz/Consume/0204.img/02048005/info,Item/Item.wz/Consume/0204.img/02048005/info/icon.png,Item/Item.wz/Consume/0204.img/02048005/info/iconRaw.png
Consume,0204,2048006,Scroll for Speed for Pet Equip.,"Improves speed on Pet Equip. nSuccess rate:65%, speed+2",0,0,1,,,Item/Item.wz/Consume/0204.img.xml,Item/Item.wz/Consume/0204.img/02048006/info,Item/Item.wz/Consume/0204.img/02048006/info/icon.png,Item/Item.wz/Consume/0204.img/02048006/info/iconRaw.png
Consume,0204,2048007,Scroll for Speed for Pet Equip.,"Improves speed on Pet Equip. nSuccess rate:15%, speed+3",0,0,1,,,Item/Item.wz/Consume/0204.img.xml,Item/Item.wz/Consume/0204.img/02048007/info,Item/Item.wz/Consume/0204.img/02048007/info/icon.png,Item/Item.wz/Consume/0204.img/02048007/info/iconRaw.png
Consume,0204,2048008,Scroll for jump for Pet Equip.,"Improves jump on Pet equip. nSuccess rate:65%, jump+2",0,0,1,,,Item/Item.wz/Consume/0204.img.xml,Item/Item.wz/Consume/0204.img/02048008/info,Item/Item.wz/Consume/0204.img/02048008/info/icon.png,Item/Item.wz/Consume/0204.img/02048008/info/iconRaw.png
Consume,0204,2048009,Scroll for jump for Pet Equip.,"Improves jump on Pet equip. nSuccess rate:15%, jump+3",0,0,1,,,Item/Item.wz/Consume/0204.img.xml,Item/Item.wz/Consume/0204.img/02048009/info,Item/Item.wz/Consume/0204.img/02048009/info/icon.png,Item/Item.wz/Consume/0204.img/02048009/info/iconRaw.png
Consume,0204,2048010,Scroll for Pet Equip. for STR 60%,"Improves strength on pet equipments.\nSuccess rate:60%, STR+1. The success rate of this scroll can be enhanced by Vega's Spell.",0,0,1,,,Item/Item.wz/Consume/0204.img.xml,Item/Item.wz/Consume/0204.img/02048010/info,Item/Item.wz/Consume/0204.img/02048010/info/icon.png,Item/Item.wz/Consume/0204.img/02048010/info/iconRaw.png
Consume,0204,2048011,Scroll for Pet Equip. for INT 60%,"Improves intelligence on pet equipments.\nSuccess rate:60%, INT+1. The success rate of this scroll can be enhanced by Vega's Spell.",0,0,1,,,Item/Item.wz/Consume/0204.img.xml,Item/Item.wz/Consume/0204.img/02048011/info,Item/Item.wz/Consume/0204.img/02048011/info/icon.png,Item/Item.wz/Consume/0204.img/02048011/info/iconRaw.png
Consume,0204,2048012,Scroll for Pet Equip. for DEX 60%,"Improves dexterity on pet equipments.\nSuccess rate:60%, DEX+1. The success rate of this scroll can be enhanced by Vega's Spell.",0,0,1,,,Item/Item.wz/Consume/0204.img.xml,Item/Item.wz/Consume/0204.img/02048012/info,Item/Item.wz/Consume/0204.img/02048012/info/icon.png,Item/Item.wz/Consume/0204.img/02048012/info/iconRaw.png
Consume,0204,2048013,Scroll for Pet Equip. for LUK 60%,"Improves luck on pet equipments.\nSuccess rate:60%, LUK+1. The success rate of this scroll can be enhanced by Vega's Spell.",0,0,1,,,Item/Item.wz/Consume/0204.img.xml,Item/Item.wz/Consume/0204.img/02048013/info,Item/Item.wz/Consume/0204.img/02048013/info/icon.png,Item/Item.wz/Consume/0204.img/02048013/info/iconRaw.png
Consume,0204,2049000,Clean Slate Scroll 1%,"Recovers the lost number of upgrades due to failed scroll by 1. Not available on Cash Items. Success rate:1%, If failed, the item will be destroyed at a 2% rate..",1,1,1,,,Item/Item.wz/Consume/0204.img.xml,Item/Item.wz/Consume/0204.img/02049000/info,Item/Item.wz/Consume/0204.img/02049000/info/icon.png,Item/Item.wz/Consume/0204.img/02049000/info/iconRaw.png
Consume,0204,2049001,Clean Slate Scroll 3%,"Recovers the lost number of upgrades due to failed scroll by 1. Success rate:3%, If failed, the item will be destroyed at a 6% rate..",1,1,1,,,Item/Item.wz/Consume/0204.img.xml,Item/Item.wz/Consume/0204.img/02049001/info,Item/Item.wz/Consume/0204.img/02049001/info/icon.png,Item/Item.wz/Consume/0204.img/02049001/info/iconRaw.png
Consume,0204,2049002,Clean Slate Scroll 5%,"Recovers the lost number of upgrades due to failed scroll by 1. Success rate:5%, If failed, the item will be destroyed at a 10% rate..",1,1,1,,,Item/Item.wz/Consume/0204.img.xml,Item/Item.wz/Consume/0204.img/02049002/info,Item/Item.wz/Consume/0204.img/02049002/info/icon.png,Item/Item.wz/Consume/0204.img/02049002/info/iconRaw.png
Consume,0204,2049003,Clean Slate Scroll 20%,"Recovers the lost number of upgrades due to failed scroll by 1. Success rate:20%, If failed, the item will be destroyed at a 50% rate..",1,1,1,,,Item/Item.wz/Consume/0204.img.xml,Item/Item.wz/Consume/0204.img/02049003/info,Item/Item.wz/Consume/0204.img/02049003/info/icon.png,Item/Item.wz/Consume/0204.img/02049003/info/iconRaw.png
Consume,0204,2049100,Chaos Scroll 60%,Alters the equipment for better or worse. Not available on Cash Items.\nSuccess rate:60%,1,1,1,,,Item/Item.wz/Consume/0204.img.xml,Item/Item.wz/Consume/0204.img/02049100/info,Item/Item.wz/Consume/0204.img/02049100/info/icon.png,Item/Item.wz/Consume/0204.img/02049100/info/iconRaw.png
Consume,0204,2049101,Liar Tree Sap 100%,Use this on Pinocchio's nose to improve or downgrade the item options.\nSuccess rate:100%,1,1,1,,1,Item/Item.wz/Consume/0204.img.xml,Item/Item.wz/Consume/0204.img/02049101/info,Item/Item.wz/Consume/0204.img/02049101/info/icon.png,Item/Item.wz/Consume/0204.img/02049101/info/iconRaw.png
Consume,0204,2049102,Maple Syrup 100%,Use it on Maple Leaf to improve or downgrade the item option. Success rate:100%,1,1,1,,1,Item/Item.wz/Consume/0204.img.xml,Item/Item.wz/Consume/0204.img/02049102/info,Item/Item.wz/Consume/0204.img/02049102/info/icon.png,Item/Item.wz/Consume/0204.img/02049102/info/iconRaw.png
Consume,0204,2049103,Beach Sandals Scroll 100%,"Used on limited-edition beach sandals, with the options of improving/decreasing the stats.\nSuccess rate:100%",1,1,1,,1,Item/Item.wz/Consume/0204.img.xml,Item/Item.wz/Consume/0204.img/02049103/info,Item/Item.wz/Consume/0204.img/02049103/info/icon.png,Item/Item.wz/Consume/0204.img/02049103/info/iconRaw.png
Consume,0204,2049104,Agent Equipment Scroll 100%,Can be used on an agent equipment to either enhance or worsen the function.\nSuccess rate:100%,1,1,1,,1,Item/Item.wz/Consume/0204.img.xml,Item/Item.wz/Consume/0204.img/02049104/info,Item/Item.wz/Consume/0204.img/02049104/info/icon.png,Item/Item.wz/Consume/0204.img/02049104/info/iconRaw.png
Consume,0204,2049105,[6th Anniversary] Dark Scroll for Gloves for ATT 70%,"Improves ATT on Gloves. nSuccess rate: 70%, Weapons ATT +1nIf unsuccessful, item has a 50% chance of being destroyed.",0,0,1,,,Item/Item.wz/Consume/0204.img.xml,Item/Item.wz/Consume/0204.img/02049105/info,Item/Item.wz/Consume/0204.img/02049105/info/icon.png,Item/Item.wz/Consume/0204.img/02049105/info/iconRaw.png
Consume,0204,2049106,[6th Anniversary] Dark Scroll for Gloves for ATT 30%,"Improves ATT on Gloves. nSucces rate: 30%, Weapons ATT +2nIf unsuccessful, item has an 80% chance of being destroyed.",0,0,1,,,Item/Item.wz/Consume/0204.img.xml,Item/Item.wz/Consume/0204.img/02049106/info,Item/Item.wz/Consume/0204.img/02049106/info/icon.png,Item/Item.wz/Consume/0204.img/02049106/info/iconRaw.png
Consume,0204,2049107,[6th Anniversary] Dark Scroll for Gloves for STR 70%   [,"Improves STR on Gloves. nSuccess rate: 70%, Accuracy +2, STR +1nIf unsuccessful, item has a 50% chance of being destroyed.",0,0,1,,,Item/Item.wz/Consume/0204.img.xml,Item/Item.wz/Consume/0204.img/02049107/info,Item/Item.wz/Consume/0204.img/02049107/info/icon.png,Item/Item.wz/Consume/0204.img/02049107/info/iconRaw.png
Consume,0204,2049108,[6th Anniversary] Dark Scroll for Gloves for LUK 70%,"Improves LUK on Gloves. nSuccess rate: 70%, Accuracy +2, LUK +1nIf unsuccessful, item has a 50% chance of being destroyed.",0,0,1,,,Item/Item.wz/Consume/0204.img.xml,Item/Item.wz/Consume/0204.img/02049108/info,Item/Item.wz/Consume/0204.img/02049108/info/icon.png,Item/Item.wz/Consume/0204.img/02049108/info/iconRaw.png
Consume,0204,2049109,[6th Anniversary] Dark Scroll for Gloves for INT 70%,"Improves INT on Gloves. nSuccess rate: 70%, Accuracy +2, INT +1nIf unsuccessful, item has a 50% chance of being destroyed.",0,0,1,,,Item/Item.wz/Consume/0204.img.xml,Item/Item.wz/Consume/0204.img/02049109/info,Item/Item.wz/Consume/0204.img/02049109/info/icon.png,Item/Item.wz/Consume/0204.img/02049109/info/iconRaw.png
Consume,0204,2049110,[6th Anniversary] Dark Scroll for Gloves for DEX 70%,"Improves DEX on Gloves. nSuccess rate: 70%, Accuracy +2, DEX +1nIf unsuccessful, item has a 50% chance of being destroyed.",0,0,1,,,Item/Item.wz/Consume/0204.img.xml,Item/Item.wz/Consume/0204.img/02049110/info,Item/Item.wz/Consume/0204.img/02049110/info/icon.png,Item/Item.wz/Consume/0204.img/02049110/info/iconRaw.png
Consume,0204,2049112,King Pepe's 100% Scroll for Weapons,Improves or decreases the effectiveness of King Pepe weapons.\nSuccess Rate: 100%,1,1,1,,,Item/Item.wz/Consume/0204.img.xml,Item/Item.wz/Consume/0204.img/02049112/info,Item/Item.wz/Consume/0204.img/02049112/info/icon.png,Item/Item.wz/Consume/0204.img/02049112/info/iconRaw.png
Consume,0204,2049113,Normal Witch Scroll,"A scroll that, depending on chance, will either improve or worsen the Talking Witch Hat or Broomstick obtained from the Witch.",1,1,1,,1,Item/Item.wz/Consume/0204.img.xml,Item/Item.wz/Consume/0204.img/02049113/info,Item/Item.wz/Consume/0204.img/02049113/info/icon.png,Item/Item.wz/Consume/0204.img/02049113/info/iconRaw.png
Consume,0204,2049114,Witch's Belt Scroll,"A scroll that, depending on chance, will either improve or worsen the Witch's Belts obtained from the Witch.",1,1,1,,1,Item/Item.wz/Consume/0204.img.xml,Item/Item.wz/Consume/0204.img/02049114/info,Item/Item.wz/Consume/0204.img/02049114/info/icon.png,Item/Item.wz/Consume/0204.img/02049114/info/iconRaw.png
Consume,0204,2049200,Dark Scroll for Accessory for STR 70%  ,"Improves STR on Accessories (Pendants, Belts, Rings).\nSuccess Rate: 70%, STR+2\nIf failed, the item will be destroyed at a 50% rate.",1,1,1,,,Item/Item.wz/Consume/0204.img.xml,Item/Item.wz/Consume/0204.img/02049200/info,Item/Item.wz/Consume/0204.img/02049200/info/icon.png,Item/Item.wz/Consume/0204.img/02049200/info/iconRaw.png
Consume,0204,2049201,Dark Scroll for Accessory for STR 30%,"Improves STR on Accessories (Pendants, Belts, Rings).\nSuccess Rate: 30%, STR+3\nIf failed, the item will be destroyed at a 50% rate.",1,1,1,,,Item/Item.wz/Consume/0204.img.xml,Item/Item.wz/Consume/0204.img/02049201/info,Item/Item.wz/Consume/0204.img/02049201/info/icon.png,Item/Item.wz/Consume/0204.img/02049201/info/iconRaw.png
Consume,0204,2049202,Dark Scroll for Accessory for DEX 70%,"Improves DEX on Accessories (Pendants, Belts, Rings).\nSuccess Rate: 70%, DEX+2\nIf failed, the item will be destroyed at a 50% rate.",0,0,1,,,Item/Item.wz/Consume/0204.img.xml,Item/Item.wz/Consume/0204.img/02049202/info,Item/Item.wz/Consume/0204.img/02049202/info/icon.png,Item/Item.wz/Consume/0204.img/02049202/info/iconRaw.png
Consume,0204,2049203,Dark Scroll for Accessory for DEX 30%,"Improves DEX on Accessories (Pendants, Belts, Rings).\nSuccess Rate: 30%, DEX+3\nIf failed, the item will be destroyed at a 50% rate.",0,0,1,,,Item/Item.wz/Consume/0204.img.xml,Item/Item.wz/Consume/0204.img/02049203/info,Item/Item.wz/Consume/0204.img/02049203/info/icon.png,Item/Item.wz/Consume/0204.img/02049203/info/iconRaw.png
Consume,0204,2049204,Dark Scroll for Accessory for INT 70%,"Improves INT on Accessories (Pendants, Belts, Rings).\nSuccess Rate: 70%. INT+2\nIf failed, the item will be destroyed at a 50% rate.",0,0,1,,,Item/Item.wz/Consume/0204.img.xml,Item/Item.wz/Consume/0204.img/02049204/info,Item/Item.wz/Consume/0204.img/02049204/info/icon.png,Item/Item.wz/Consume/0204.img/02049204/info/iconRaw.png
Consume,0204,2049205,Dark Scroll for Accessory for INT 30%,"Improves INT on Accessories (Pendants, Belts, Rings).\nSuccess Rate: 30%. INT+3\nIf failed, the item will be destroyed at a 50% rate.",0,0,1,,,Item/Item.wz/Consume/0204.img.xml,Item/Item.wz/Consume/0204.img/02049205/info,Item/Item.wz/Consume/0204.img/02049205/info/icon.png,Item/Item.wz/Consume/0204.img/02049205/info/iconRaw.png
Consume,0204,2049206,Dark Scroll for Accessory for LUK 70%,"Improves LUK on Accessories (Pendants, Belts, Rings).\nSuccess Rate: 70%, LUK+2\nIf failed, the item will be destroyed at a 50% rate.",0,0,1,,,Item/Item.wz/Consume/0204.img.xml,Item/Item.wz/Consume/0204.img/02049206/info,Item/Item.wz/Consume/0204.img/02049206/info/icon.png,Item/Item.wz/Consume/0204.img/02049206/info/iconRaw.png
Consume,0204,2049207,Dark Scroll for Accessory for LUK 30%,"Improves LUK on Accessories (Pendants, Belts, Rings).\nSuccess Rate: 30%, LUK+3\nIf failed, the item will be destroyed at a 50% rate.",0,0,1,,,Item/Item.wz/Consume/0204.img.xml,Item/Item.wz/Consume/0204.img/02049207/info,Item/Item.wz/Consume/0204.img/02049207/info/icon.png,Item/Item.wz/Consume/0204.img/02049207/info/iconRaw.png
Consume,0204,2049208,Dark Scroll for Accessory for HP 70%,"Improves MaxHP on Accessories (Pendants, Belts, Rings).\nSuccess Rate: 70%, MaxHP+10\nIf failed, the item will be destroyed at a 50% rate.",0,0,1,,,Item/Item.wz/Consume/0204.img.xml,Item/Item.wz/Consume/0204.img/02049208/info,Item/Item.wz/Consume/0204.img/02049208/info/icon.png,Item/Item.wz/Consume/0204.img/02049208/info/iconRaw.png
Consume,0204,2049209,Dark Scroll for Accessory for HP 30%,"Improves MaxHP on Accessories (Pendants, Belts, Rings).\nSuccess Rate: 30%, MaxHP+30\nIf failed, the item will be destroyed at a 50% rate.",0,0,1,,,Item/Item.wz/Consume/0204.img.xml,Item/Item.wz/Consume/0204.img/02049209/info,Item/Item.wz/Consume/0204.img/02049209/info/icon.png,Item/Item.wz/Consume/0204.img/02049209/info/iconRaw.png
Consume,0204,2049210,Dark Scroll for Accessory for MP 70%,"Improves MaxMP on Accessories (Pendants, Belts, Rings).\nSuccess Rate: 70%, MaxMP+10\nIf failed, the item will be destroyed at a 50% rate.",0,0,1,,,Item/Item.wz/Consume/0204.img.xml,Item/Item.wz/Consume/0204.img/02049210/info,Item/Item.wz/Consume/0204.img/02049210/info/icon.png,Item/Item.wz/Consume/0204.img/02049210/info/iconRaw.png
Consume,0204,2049211,Dark Scroll for Accessory for MP 30%,"Improves MaxMP on Accessories (Pendants, Belts, Rings).\nSuccess Rate: 30%, MaxMP+30\nIf failed, the item will be destroyed at a 50% rate.",0,0,1,,,Item/Item.wz/Consume/0204.img.xml,Item/Item.wz/Consume/0204.img/02049211/info,Item/Item.wz/Consume/0204.img/02049211/info/icon.png,Item/Item.wz/Consume/0204.img/02049211/info/iconRaw.png
Consume,0205,2050000,Antidote,Cures the state of being poisoned.,1,1,100,,,Item/Item.wz/Consume/0205.img.xml,Item/Item.wz/Consume/0205.img/02050000/info,Item/Item.wz/Consume/0205.img/02050000/info/icon.png,Item/Item.wz/Consume/0205.img/02050000/info/iconRaw.png
Consume,0205,2050001,Eyedrop,Cures the state of darkness,1,1,100,,,Item/Item.wz/Consume/0205.img.xml,Item/Item.wz/Consume/0205.img/02050001/info,Item/Item.wz/Consume/0205.img/02050001/info/icon.png,Item/Item.wz/Consume/0205.img/02050001/info/iconRaw.png
Consume,0205,2050002,Tonic,Cures the state of weakness.,1,1,150,,,Item/Item.wz/Consume/0205.img.xml,Item/Item.wz/Consume/0205.img/02050002/info,Item/Item.wz/Consume/0205.img/02050002/info/icon.png,Item/Item.wz/Consume/0205.img/02050002/info/iconRaw.png
Consume,0205,2050003,Holy Water,Allows you to recover from the state of curse or being sealed up.,1,1,150,,,Item/Item.wz/Consume/0205.img.xml,Item/Item.wz/Consume/0205.img/02050003/info,Item/Item.wz/Consume/0205.img/02050003/info/icon.png,Item/Item.wz/Consume/0205.img/02050003/info/iconRaw.png
Consume,0205,2050004,All Cure Potion,Allows you to recover from any abnormal state.,1,1,200,,,Item/Item.wz/Consume/0205.img.xml,Item/Item.wz/Consume/0205.img/02050004/info,Item/Item.wz/Consume/0205.img/02050004/info/icon.png,Item/Item.wz/Consume/0205.img/02050004/info/iconRaw.png
Consume,0205,2050005,One View,Use it on view-restricted map to increase the vision of your partymates and yourself for 1 minute.,1,1,1,,,Item/Item.wz/Consume/0205.img.xml,Item/Item.wz/Consume/0205.img/02050005/info,Item/Item.wz/Consume/0205.img/02050005/info/icon.png,Item/Item.wz/Consume/0205.img/02050005/info/iconRaw.png
Consume,0205,2050006,Owl Potion,Recover total vision in vision-restricted map for 30 seconds.,1,1,1,,,Item/Item.wz/Consume/0205.img.xml,Item/Item.wz/Consume/0205.img/02050006/info,Item/Item.wz/Consume/0205.img/02050006/info/icon.png,Item/Item.wz/Consume/0205.img/02050006/info/iconRaw.png
Consume,0205,2050098,The Lost eye,The Lost eye,1,1,75,,,Item/Item.wz/Consume/0205.img.xml,Item/Item.wz/Consume/0205.img/02050098/info,Item/Item.wz/Consume/0205.img/02050098/info/icon.png,Item/Item.wz/Consume/0205.img/02050098/info/iconRaw.png
Consume,0205,2050099,Flaming feather,Flaming feather,1,1,600,,,Item/Item.wz/Consume/0205.img.xml,Item/Item.wz/Consume/0205.img/02050099/info,Item/Item.wz/Consume/0205.img/02050099/info/icon.png,Item/Item.wz/Consume/0205.img/02050099/info/iconRaw.png
Consume,0206,2060000,Arrow for Bow,A barrel full of arrows. Only usable with bows.,1,1,0,,2000,Item/Item.wz/Consume/0206.img.xml,Item/Item.wz/Consume/0206.img/02060000/info,Item/Item.wz/Consume/0206.img/02060000/info/icon.png,Item/Item.wz/Consume/0206.img/02060000/info/iconRaw.png
Consume,0206,2060001,Bronze Arrow for Bow,A barrel full of bronze arrows. Only usable with bows.\nAttack + 1,1,1,5,,1800,Item/Item.wz/Consume/0206.img.xml,Item/Item.wz/Consume/0206.img/02060001/info,Item/Item.wz/Consume/0206.img/02060001/info/icon.png,Item/Item.wz/Consume/0206.img/02060001/info/iconRaw.png
Consume,0206,2060002,Steel Arrow for Bow,"A barrel full of steel arrows. Only usable with bows.\nSTR +1, Attack +1",1,1,10,,1600,Item/Item.wz/Consume/0206.img.xml,Item/Item.wz/Consume/0206.img/02060002/info,Item/Item.wz/Consume/0206.img/02060002/info/icon.png,Item/Item.wz/Consume/0206.img/02060002/info/iconRaw.png
Consume,0206,2060003,Red Arrow for Bow,A case full of arrows. Can only be used with a bow. \nAttack + 4.,1,1,20,,1000,Item/Item.wz/Consume/0206.img.xml,Item/Item.wz/Consume/0206.img/02060003/info,Item/Item.wz/Consume/0206.img/02060003/info/icon.png,Item/Item.wz/Consume/0206.img/02060003/info/iconRaw.png
Consume,0206,2060004,Diamond Arrow for Bow,A case full of arrows. Can only be used with a bow.nAttack + 4.,1,1,20,,1000,Item/Item.wz/Consume/0206.img.xml,Item/Item.wz/Consume/0206.img/02060004/info,Item/Item.wz/Consume/0206.img/02060004/info/icon.png,Item/Item.wz/Consume/0206.img/02060004/info/iconRaw.png
Consume,0206,2060005,Snowball,A packed ball of snow. Can be thrown to inflict damage.,1,1,,,800,Item/Item.wz/Consume/0206.img.xml,Item/Item.wz/Consume/0206.img/02060005/info,Item/Item.wz/Consume/0206.img/02060005/info/icon.png,Item/Item.wz/Consume/0206.img/02060005/info/iconRaw.png
Consume,0206,2060006,Big Snowball,"A bigger, more intimidating packed ball of snow. Can be thrown to inflict damage.",1,1,,,800,Item/Item.wz/Consume/0206.img.xml,Item/Item.wz/Consume/0206.img/02060006/info,Item/Item.wz/Consume/0206.img/02060006/info/icon.png,Item/Item.wz/Consume/0206.img/02060006/info/iconRaw.png
Consume,0206,2061000,Arrow for Crossbow,A barrel full of arrows. Only usable with crossbows.,1,1,0,,2000,Item/Item.wz/Consume/0206.img.xml,Item/Item.wz/Consume/0206.img/02061000/info,Item/Item.wz/Consume/0206.img/02061000/info/icon.png,Item/Item.wz/Consume/0206.img/02061000/info/iconRaw.png
Consume,0206,2061001,Bronze Arrow for Crossbow,A barrel full of bronze arrows. Only usable with crossbows.\nAttack + 1,1,1,5,,1800,Item/Item.wz/Consume/0206.img.xml,Item/Item.wz/Consume/0206.img/02061001/info,Item/Item.wz/Consume/0206.img/02061001/info/icon.png,Item/Item.wz/Consume/0206.img/02061001/info/iconRaw.png
Consume,0206,2061002,Steel Arrow for Crossbow,A barrel full of steel arrows. Only usable with crossbows.nAttack +2,1,1,10,,1600,Item/Item.wz/Consume/0206.img.xml,Item/Item.wz/Consume/0206.img/02061002/info,Item/Item.wz/Consume/0206.img/02061002/info/icon.png,Item/Item.wz/Consume/0206.img/02061002/info/iconRaw.png
Consume,0206,2061003,Blue Arrow for Crossbow,A case full of arrows. Can only be used with a crossbow.nAttack + 4.,1,1,20,,1000,Item/Item.wz/Consume/0206.img.xml,Item/Item.wz/Consume/0206.img/02061003/info,Item/Item.wz/Consume/0206.img/02061003/info/icon.png,Item/Item.wz/Consume/0206.img/02061003/info/iconRaw.png
Consume,0206,2061004,Diamond Arrow for Crossbow,A case full of arrows. Can only be used with a crossbow.nAttack + 4.,1,1,20,,1000,Item/Item.wz/Consume/0206.img.xml,Item/Item.wz/Consume/0206.img/02061004/info,Item/Item.wz/Consume/0206.img/02061004/info/icon.png,Item/Item.wz/Consume/0206.img/02061004/info/iconRaw.png
Consume,0207,2070000,Subi Throwing-Stars,"A throwing-star made out of steel. Once they run out, they need to be recharged.\nLevel Limit : 10, Attack + 15",1,1,250,,500,Item/Item.wz/Consume/0207.img.xml,Item/Item.wz/Consume/0207.img/02070000/info,Item/Item.wz/Consume/0207.img/02070000/info/icon.png,Item/Item.wz/Consume/0207.img/02070000/info/iconRaw.png
Consume,0207,2070001,Wolbi Throwing-Stars,"A throwing-star made out of steel. Once they run out, they need to be recharged.\nLevel Limit : 10, Attack + 17",1,1,500,,500,Item/Item.wz/Consume/0207.img.xml,Item/Item.wz/Consume/0207.img/02070001/info,Item/Item.wz/Consume/0207.img/02070001/info/icon.png,Item/Item.wz/Consume/0207.img/02070001/info/iconRaw.png
Consume,0207,2070002,Mokbi Throwing-Stars,"A throwing-star made out of steel. Once they run out, they need to be recharged.\nLevel Limit : 10, Attack + 19",1,1,1000,,700,Item/Item.wz/Consume/0207.img.xml,Item/Item.wz/Consume/0207.img/02070002/info,Item/Item.wz/Consume/0207.img/02070002/info/icon.png,Item/Item.wz/Consume/0207.img/02070002/info/iconRaw.png
Consume,0207,2070003,Kumbi Throwing-Stars,"A throwing-star made out of steel. Once they run out, they need to be recharged.\nLevel Limit : 10, Attack + 21",1,1,1500,,500,Item/Item.wz/Consume/0207.img.xml,Item/Item.wz/Consume/0207.img/02070003/info,Item/Item.wz/Consume/0207.img/02070003/info/icon.png,Item/Item.wz/Consume/0207.img/02070003/info/iconRaw.png
Consume,0207,2070004,Tobi Throwing-Stars,"A throwing-star made out of steel. Once they run out, they need to be recharged.\nLevel Limit : 10, Attack + 23",1,1,2500,,1000,Item/Item.wz/Consume/0207.img.xml,Item/Item.wz/Consume/0207.img/02070004/info,Item/Item.wz/Consume/0207.img/02070004/info/icon.png,Item/Item.wz/Consume/0207.img/02070004/info/iconRaw.png
Consume,0207,2070005,Steely Throwing-Knives,"A throwing-star made out of steel. Once they run out, they need to be recharged.\nLevel Limit : 10, Attack + 25",1,1,10000,,1000,Item/Item.wz/Consume/0207.img.xml,Item/Item.wz/Consume/0207.img/02070005/info,Item/Item.wz/Consume/0207.img/02070005/info/icon.png,Item/Item.wz/Consume/0207.img/02070005/info/iconRaw.png
Consume,0207,2070006,Ilbi Throwing-Stars,"A throwing-star made out of steel. Once they run out, they need to be recharged.\nLevel Limit : 10, Attack + 27",1,1,20000,,800,Item/Item.wz/Consume/0207.img.xml,Item/Item.wz/Consume/0207.img/02070006/info,Item/Item.wz/Consume/0207.img/02070006/info/icon.png,Item/Item.wz/Consume/0207.img/02070006/info/iconRaw.png
Consume,0207,2070007,Hwabi Throwing-Stars,"A throwing-star made out of steel. Once they run out, they need to be recharged.\nLevel Limit : 10, Attack + 27",1,1,25000,,1000,Item/Item.wz/Consume/0207.img.xml,Item/Item.wz/Consume/0207.img/02070007/info,Item/Item.wz/Consume/0207.img/02070007/info/icon.png,Item/Item.wz/Consume/0207.img/02070007/info/iconRaw.png
Consume,0207,2070008,Snowball,"A well-packed snowball. Once they run out, they need to be recharged.\nLevel Limit : 10, Attack + 17",1,1,500,,800,Item/Item.wz/Consume/0207.img.xml,Item/Item.wz/Consume/0207.img/02070008/info,Item/Item.wz/Consume/0207.img/02070008/info/icon.png,Item/Item.wz/Consume/0207.img/02070008/info/iconRaw.png
Consume,0207,2070009,Wooden Top,"When thrown, it spins fast and flies at great speed. Once they are all used up, they need to be recharged.\nLevel Limit : 10, Attack + 19",1,1,500,,800,Item/Item.wz/Consume/0207.img.xml,Item/Item.wz/Consume/0207.img/02070009/info,Item/Item.wz/Consume/0207.img/02070009/info/icon.png,Item/Item.wz/Consume/0207.img/02070009/info/iconRaw.png
Consume,0207,2070010,Icicle,"Sharp icicles. Once they run out, they need to be recharged.rnLevel Limit : 10, Attack + 21",1,1,500,,800,Item/Item.wz/Consume/0207.img.xml,Item/Item.wz/Consume/0207.img/02070010/info,Item/Item.wz/Consume/0207.img/02070010/info/icon.png,Item/Item.wz/Consume/0207.img/02070010/info/iconRaw.png
Consume,0207,2070011,Maple Throwing-Stars,"Maple-shaped steel throwing-stars. Once they run out, they need to be recharged.rnLevel Limit : 10, Attack + 21",1,1,500,,800,Item/Item.wz/Consume/0207.img.xml,Item/Item.wz/Consume/0207.img/02070011/info,Item/Item.wz/Consume/0207.img/02070011/info/icon.png,Item/Item.wz/Consume/0207.img/02070011/info/iconRaw.png
Consume,0207,2070012,Paper Fighter Plane,"A paper plane that can be thrown at things. Once they run out, they need to be recharged. Attack +20",1,1,2500,,1000,Item/Item.wz/Consume/0207.img.xml,Item/Item.wz/Consume/0207.img/02070012/info,Item/Item.wz/Consume/0207.img/02070012/info/icon.png,Item/Item.wz/Consume/0207.img/02070012/info/iconRaw.png
Consume,0207,2070013,Orange,A tasty orange that can be thrown at things. Attack + 20,1,1,2500,,1000,Item/Item.wz/Consume/0207.img.xml,Item/Item.wz/Consume/0207.img/02070013/info,Item/Item.wz/Consume/0207.img/02070013/info/icon.png,Item/Item.wz/Consume/0207.img/02070013/info/iconRaw.png
Consume,0207,2070015,A Beginner Thief's Throwing Stars,"These are steel throwing stars given by Dark Lord for Beginner Thieves. Unlike normal throwing stars, you can't recharge it. \nAttack + 15",1,1,1,,1000,Item/Item.wz/Consume/0207.img.xml,Item/Item.wz/Consume/0207.img/02070015/info,Item/Item.wz/Consume/0207.img/02070015/info/icon.png,Item/Item.wz/Consume/0207.img/02070015/info/iconRaw.png
Consume,0207,2070016,Crystal Ilbi Throwing-Stars,"A throwing-star made of crystal. Once they run out, they need to be recharged. rnAttack + 29",1,1,,,800,Item/Item.wz/Consume/0207.img.xml,Item/Item.wz/Consume/0207.img/02070016/info,Item/Item.wz/Consume/0207.img/02070016/info/icon.png,Item/Item.wz/Consume/0207.img/02070016/info/iconRaw.png
Consume,0207,2070018,Balanced Fury,Ancient Shadowknight throwing stars made from black crystal.  These can be recharged when used up. rnAttack + 30,1,1,,,800,Item/Item.wz/Consume/0207.img.xml,Item/Item.wz/Consume/0207.img/02070018/info,Item/Item.wz/Consume/0207.img/02070018/info/icon.png,Item/Item.wz/Consume/0207.img/02070018/info/iconRaw.png
Consume,0210,2100000,Black Sack,"If you think your level's too low, don't bother opening it.",1,1,,,100,Item/Item.wz/Consume/0210.img.xml,Item/Item.wz/Consume/0210.img/02100000/info,Item/Item.wz/Consume/0210.img/02100000/info/icon.png,Item/Item.wz/Consume/0210.img/02100000/info/iconRaw.png
Consume,0210,2100001,Monster Sack 1,Summons weak monsters of level 10 and under,1,1,,,100,Item/Item.wz/Consume/0210.img.xml,Item/Item.wz/Consume/0210.img/02100001/info,Item/Item.wz/Consume/0210.img/02100001/info/icon.png,Item/Item.wz/Consume/0210.img/02100001/info/iconRaw.png
Consume,0210,2100002,Monster Sack 2,Summons weak monsters between levels 10 and 20,1,1,,,100,Item/Item.wz/Consume/0210.img.xml,Item/Item.wz/Consume/0210.img/02100002/info,Item/Item.wz/Consume/0210.img/02100002/info/icon.png,Item/Item.wz/Consume/0210.img/02100002/info/iconRaw.png
Consume,0210,2100003,Monster Sack 3,Summons mid-lower-leveled monsters between levels 20 and 30,1,1,,,100,Item/Item.wz/Consume/0210.img.xml,Item/Item.wz/Consume/0210.img/02100003/info,Item/Item.wz/Consume/0210.img/02100003/info/icon.png,Item/Item.wz/Consume/0210.img/02100003/info/iconRaw.png
Consume,0210,2100004,Monster Sack 4,Summons mid-level monsters between levels 30 and 40,1,1,,,100,Item/Item.wz/Consume/0210.img.xml,Item/Item.wz/Consume/0210.img/02100004/info,Item/Item.wz/Consume/0210.img/02100004/info/icon.png,Item/Item.wz/Consume/0210.img/02100004/info/iconRaw.png
Consume,0210,2100005,Monster Sack 5,Summons mid-leveled monsters between levels 40 and 50,1,1,,,100,Item/Item.wz/Consume/0210.img.xml,Item/Item.wz/Consume/0210.img/02100005/info,Item/Item.wz/Consume/0210.img/02100005/info/icon.png,Item/Item.wz/Consume/0210.img/02100005/info/iconRaw.png
Consume,0210,2100006,Monster Sack 6,Summons high-leveled monsters between levels 50 and 60,1,1,,,100,Item/Item.wz/Consume/0210.img.xml,Item/Item.wz/Consume/0210.img/02100006/info,Item/Item.wz/Consume/0210.img/02100006/info/icon.png,Item/Item.wz/Consume/0210.img/02100006/info/iconRaw.png
Consume,0210,2100007,Monster Sack 7,Summons high-leveled monsters between levels 60 and 70,1,1,,,100,Item/Item.wz/Consume/0210.img.xml,Item/Item.wz/Consume/0210.img/02100007/info,Item/Item.wz/Consume/0210.img/02100007/info/icon.png,Item/Item.wz/Consume/0210.img/02100007/info/iconRaw.png
Consume,0210,2100008,Summoning the Boss,"To the old, the pregnant, and the low-leveled : don't even bother...",1,1,,,100,Item/Item.wz/Consume/0210.img.xml,Item/Item.wz/Consume/0210.img/02100008/info,Item/Item.wz/Consume/0210.img/02100008/info/icon.png,Item/Item.wz/Consume/0210.img/02100008/info/iconRaw.png
Consume,0210,2100009,Summoning New-Type Balrog,The moment you summon it...you're dead already,1,1,,,10,Item/Item.wz/Consume/0210.img.xml,Item/Item.wz/Consume/0210.img/02100009/info,Item/Item.wz/Consume/0210.img/02100009/info/icon.png,Item/Item.wz/Consume/0210.img/02100009/info/iconRaw.png
Consume,0210,2100010,"Summoning ""Dances with Balrog's Clone""",Summons Dances with Balrog's Clone,1,1,,,100,Item/Item.wz/Consume/0210.img.xml,Item/Item.wz/Consume/0210.img/02100010/info,Item/Item.wz/Consume/0210.img/02100010/info/icon.png,Item/Item.wz/Consume/0210.img/02100010/info/iconRaw.png
Consume,0210,2100011,Summoning Grendel the Really Old's Clone,Summons Grendel the Really Old's Clone,1,1,,,100,Item/Item.wz/Consume/0210.img.xml,Item/Item.wz/Consume/0210.img/02100011/info,Item/Item.wz/Consume/0210.img/02100011/info/icon.png,Item/Item.wz/Consume/0210.img/02100011/info/iconRaw.png
Consume,0210,2100012,Summoning Athena Pierce's Clone,Summons Athena Pierce's Clone,1,1,,,100,Item/Item.wz/Consume/0210.img.xml,Item/Item.wz/Consume/0210.img/02100012/info,Item/Item.wz/Consume/0210.img/02100012/info/icon.png,Item/Item.wz/Consume/0210.img/02100012/info/iconRaw.png
Consume,0210,2100013,Summoning Dark Lord's Clone,Summons Dark Lord's Clone,1,1,,,100,Item/Item.wz/Consume/0210.img.xml,Item/Item.wz/Consume/0210.img/02100013/info,Item/Item.wz/Consume/0210.img/02100013/info/icon.png,Item/Item.wz/Consume/0210.img/02100013/info/iconRaw.png
Consume,0210,2100014,Brand New Monster Galore,Bam!,1,1,,,100,Item/Item.wz/Consume/0210.img.xml,Item/Item.wz/Consume/0210.img/02100014/info,Item/Item.wz/Consume/0210.img/02100014/info/icon.png,Item/Item.wz/Consume/0210.img/02100014/info/iconRaw.png
Consume,0210,2100015,Summoning Bag of Birds,"A bag, which summons blue and pink birds living in Eos Tower",1,1,,,100,Item/Item.wz/Consume/0210.img.xml,Item/Item.wz/Consume/0210.img/02100015/info,Item/Item.wz/Consume/0210.img/02100015/info/icon.png,Item/Item.wz/Consume/0210.img/02100015/info/iconRaw.png
Consume,0210,2100016,Different Sack,A sack that summons monsters.,1,1,,,3,Item/Item.wz/Consume/0210.img.xml,Item/Item.wz/Consume/0210.img/02100016/info,Item/Item.wz/Consume/0210.img/02100016/info/icon.png,Item/Item.wz/Consume/0210.img/02100016/info/iconRaw.png
Consume,0210,2100017,Alien Sack,A sack full of aliens,1,1,,,3,Item/Item.wz/Consume/0210.img.xml,Item/Item.wz/Consume/0210.img/02100017/info,Item/Item.wz/Consume/0210.img/02100017/info/icon.png,Item/Item.wz/Consume/0210.img/02100017/info/iconRaw.png
Consume,0210,2100018,Toy Robot Sack,A sack full of toy robots.,1,1,,,3,Item/Item.wz/Consume/0210.img.xml,Item/Item.wz/Consume/0210.img/02100018/info,Item/Item.wz/Consume/0210.img/02100018/info/icon.png,Item/Item.wz/Consume/0210.img/02100018/info/iconRaw.png
Consume,0210,2100019,Toy Trojan Sack,A sack full of toy trojans.,1,1,,,5,Item/Item.wz/Consume/0210.img.xml,Item/Item.wz/Consume/0210.img/02100019/info,Item/Item.wz/Consume/0210.img/02100019/info/icon.png,Item/Item.wz/Consume/0210.img/02100019/info/iconRaw.png
Consume,0210,2100020,Moon Sack,Make your wish in front of the full moon.,1,1,,,3,Item/Item.wz/Consume/0210.img.xml,Item/Item.wz/Consume/0210.img/02100020/info,Item/Item.wz/Consume/0210.img/02100020/info/icon.png,Item/Item.wz/Consume/0210.img/02100020/info/iconRaw.png
Consume,0210,2100021,Moon Sack,Make your wish in front of the full moon.,1,1,,,3,Item/Item.wz/Consume/0210.img.xml,Item/Item.wz/Consume/0210.img/02100021/info,Item/Item.wz/Consume/0210.img/02100021/info/icon.png,Item/Item.wz/Consume/0210.img/02100021/info/iconRaw.png
Consume,0210,2100022,Moon Sack,Make your wish in front of the full moon.,1,1,,,3,Item/Item.wz/Consume/0210.img.xml,Item/Item.wz/Consume/0210.img/02100022/info,Item/Item.wz/Consume/0210.img/02100022/info/icon.png,Item/Item.wz/Consume/0210.img/02100022/info/iconRaw.png
Consume,0210,2100023,Moon Sack,Make your wish in front of the full moon.,1,1,,,5,Item/Item.wz/Consume/0210.img.xml,Item/Item.wz/Consume/0210.img/02100023/info,Item/Item.wz/Consume/0210.img/02100023/info/icon.png,Item/Item.wz/Consume/0210.img/02100023/info/iconRaw.png
Consume,0210,2100024,Moon Sack,Make your wish in front of the full moon.,1,1,,,5,Item/Item.wz/Consume/0210.img.xml,Item/Item.wz/Consume/0210.img/02100024/info,Item/Item.wz/Consume/0210.img/02100024/info/icon.png,Item/Item.wz/Consume/0210.img/02100024/info/iconRaw.png
Consume,0210,2100025,Moon Sack,Make your wish in front of the full moon.,1,1,,,5,Item/Item.wz/Consume/0210.img.xml,Item/Item.wz/Consume/0210.img/02100025/info,Item/Item.wz/Consume/0210.img/02100025/info/icon.png,Item/Item.wz/Consume/0210.img/02100025/info/iconRaw.png
Consume,0210,2100026,Penalty Monster Sack 1,Summons Black Knight.,1,1,,,10,Item/Item.wz/Consume/0210.img.xml,Item/Item.wz/Consume/0210.img/02100026/info,Item/Item.wz/Consume/0210.img/02100026/info/icon.png,Item/Item.wz/Consume/0210.img/02100026/info/iconRaw.png
Consume,0210,2100027,Penalty Monster Sack 2,Summons Myst Knight.,1,1,,,10,Item/Item.wz/Consume/0210.img.xml,Item/Item.wz/Consume/0210.img/02100027/info,Item/Item.wz/Consume/0210.img/02100027/info/icon.png,Item/Item.wz/Consume/0210.img/02100027/info/iconRaw.png
Consume,0210,2100028,Summoning Three-Tail Fox,A peculiar summon sack that summons Three-Tail Fox,1,1,,,100,Item/Item.wz/Consume/0210.img.xml,Item/Item.wz/Consume/0210.img/02100028/info,Item/Item.wz/Consume/0210.img/02100028/info/icon.png,Item/Item.wz/Consume/0210.img/02100028/info/iconRaw.png
Consume,0210,2100029,Summoning Ghosts,"A peculiar summon sack that summons ghosts. No way to tell which one, though...",1,1,,,100,Item/Item.wz/Consume/0210.img.xml,Item/Item.wz/Consume/0210.img/02100029/info,Item/Item.wz/Consume/0210.img/02100029/info/icon.png,Item/Item.wz/Consume/0210.img/02100029/info/iconRaw.png
Consume,0210,2100030,Summoning Goblins,"A peculiar summon sack that summons goblins. No way to tell which one, though...",1,1,,,100,Item/Item.wz/Consume/0210.img.xml,Item/Item.wz/Consume/0210.img/02100030/info,Item/Item.wz/Consume/0210.img/02100030/info/icon.png,Item/Item.wz/Consume/0210.img/02100030/info/iconRaw.png
Consume,0210,2100031,Summoning Horntail A,Summons Head A of Horntail.,1,1,,,100,Item/Item.wz/Consume/0210.img.xml,Item/Item.wz/Consume/0210.img/02100031/info,Item/Item.wz/Consume/0210.img/02100031/info/icon.png,Item/Item.wz/Consume/0210.img/02100031/info/iconRaw.png
Consume,0210,2100032,Summoning Horntail C,Summons Head C of Horntail.,1,1,,,100,Item/Item.wz/Consume/0210.img.xml,Item/Item.wz/Consume/0210.img/02100032/info,Item/Item.wz/Consume/0210.img/02100032/info/icon.png,Item/Item.wz/Consume/0210.img/02100032/info/iconRaw.png
Consume,0210,2100033,Monster Sack 8,Summons high-leveled monsters between levels 70 and 80,1,1,,,100,Item/Item.wz/Consume/0210.img.xml,Item/Item.wz/Consume/0210.img/02100033/info,Item/Item.wz/Consume/0210.img/02100033/info/icon.png,Item/Item.wz/Consume/0210.img/02100033/info/iconRaw.png
Consume,0210,2100034,Monster Sack 9,Summons high-leveled monsters between levels 80 and 90,1,1,,,100,Item/Item.wz/Consume/0210.img.xml,Item/Item.wz/Consume/0210.img/02100034/info,Item/Item.wz/Consume/0210.img/02100034/info/icon.png,Item/Item.wz/Consume/0210.img/02100034/info/iconRaw.png
Consume,0210,2100035,Monster Sack 10,Summons high-leveled monsters between levels 90 and 100,1,1,,,100,Item/Item.wz/Consume/0210.img.xml,Item/Item.wz/Consume/0210.img/02100035/info,Item/Item.wz/Consume/0210.img/02100035/info/icon.png,Item/Item.wz/Consume/0210.img/02100035/info/iconRaw.png
Consume,0210,2100036,Monster Sack 11,Summons high-leveled monsters between levels 100 and 110,1,1,,,100,Item/Item.wz/Consume/0210.img.xml,Item/Item.wz/Consume/0210.img/02100036/info,Item/Item.wz/Consume/0210.img/02100036/info/icon.png,Item/Item.wz/Consume/0210.img/02100036/info/iconRaw.png
Consume,0210,2100037,Summon Master Monsters 1,Summon the Event-only Mano & Stumpy.,1,1,,,100,Item/Item.wz/Consume/0210.img.xml,Item/Item.wz/Consume/0210.img/02100037/info,Item/Item.wz/Consume/0210.img/02100037/info/icon.png,Item/Item.wz/Consume/0210.img/02100037/info/iconRaw.png
Consume,0210,2100038,Summon Master Monsters 2,"Summon the Event-only Faust, King Clang, Timer, and Dyle.",1,1,,,100,Item/Item.wz/Consume/0210.img.xml,Item/Item.wz/Consume/0210.img/02100038/info,Item/Item.wz/Consume/0210.img/02100038/info/icon.png,Item/Item.wz/Consume/0210.img/02100038/info/iconRaw.png
Consume,0210,2100039,Summon Master Monsters 3,"Summon the Event-only Nine-Tailed Fox, Tae Roon, and King Sage Cat.",1,1,,,100,Item/Item.wz/Consume/0210.img.xml,Item/Item.wz/Consume/0210.img/02100039/info,Item/Item.wz/Consume/0210.img/02100039/info/icon.png,Item/Item.wz/Consume/0210.img/02100039/info/iconRaw.png
Consume,0210,2100040,Summon Master Monsters 4,"Summon the Event-only Elliza, and Snowman.",1,1,,,100,Item/Item.wz/Consume/0210.img.xml,Item/Item.wz/Consume/0210.img/02100040/info,Item/Item.wz/Consume/0210.img/02100040/info/icon.png,Item/Item.wz/Consume/0210.img/02100040/info/iconRaw.png
Consume,0210,2100041,Summoning Lord Pirate,Summons Lord Pirate.,1,1,,,100,Item/Item.wz/Consume/0210.img.xml,Item/Item.wz/Consume/0210.img/02100041/info,Item/Item.wz/Consume/0210.img/02100041/info/icon.png,Item/Item.wz/Consume/0210.img/02100041/info/iconRaw.png
Consume,0210,2100042,Summoning Peeking Lord Pirate,Summons Peeking Lord Pirate.,1,1,,,100,Item/Item.wz/Consume/0210.img.xml,Item/Item.wz/Consume/0210.img/02100042/info,Item/Item.wz/Consume/0210.img/02100042/info/icon.png,Item/Item.wz/Consume/0210.img/02100042/info/iconRaw.png
Consume,0210,2100043,Summoning Angry Lord Pirate,Summons Angry Lord Pirate.,1,1,,,100,Item/Item.wz/Consume/0210.img.xml,Item/Item.wz/Consume/0210.img/02100043/info,Item/Item.wz/Consume/0210.img/02100043/info/icon.png,Item/Item.wz/Consume/0210.img/02100043/info/iconRaw.png
Consume,0210,2100044,Summoning Enraged Lord Pirate,Summons Enraged Lord Pirate.,1,1,,,100,Item/Item.wz/Consume/0210.img.xml,Item/Item.wz/Consume/0210.img/02100044/info,Item/Item.wz/Consume/0210.img/02100044/info/icon.png,Item/Item.wz/Consume/0210.img/02100044/info/iconRaw.png
Consume,0210,2100045,Summoning Lord Pirate's Jar,Summoning Lord Pirate's Jar.,1,1,,,100,Item/Item.wz/Consume/0210.img.xml,Item/Item.wz/Consume/0210.img/02100045/info,Item/Item.wz/Consume/0210.img/02100045/info/icon.png,Item/Item.wz/Consume/0210.img/02100045/info/iconRaw.png
Consume,0210,2100046,Summoning Lord Pirate's Ginseng Jar,Summons Lord Pirate's Ginseng Jar.,1,1,,,100,Item/Item.wz/Consume/0210.img.xml,Item/Item.wz/Consume/0210.img/02100046/info,Item/Item.wz/Consume/0210.img/02100046/info/icon.png,Item/Item.wz/Consume/0210.img/02100046/info/iconRaw.png
Consume,0210,2100047,Summoning Lord Pirate's Bellflower,Summons Lord Pirate's Bellflower.,1,1,,,100,Item/Item.wz/Consume/0210.img.xml,Item/Item.wz/Consume/0210.img/02100047/info,Item/Item.wz/Consume/0210.img/02100047/info/icon.png,Item/Item.wz/Consume/0210.img/02100047/info/iconRaw.png
Consume,0210,2100048,Summoning Lord Pirate's Old Bellflower,Summoning Lord Pirate's Old Bellflower.,1,1,,,100,Item/Item.wz/Consume/0210.img.xml,Item/Item.wz/Consume/0210.img/02100048/info,Item/Item.wz/Consume/0210.img/02100048/info/icon.png,Item/Item.wz/Consume/0210.img/02100048/info/iconRaw.png
Consume,0210,2100049,Summoning Lord Pirate's Mr. Alli,Summons Lord Pirate's Mr. Alli,1,1,,,100,Item/Item.wz/Consume/0210.img.xml,Item/Item.wz/Consume/0210.img/02100049/info,Item/Item.wz/Consume/0210.img/02100049/info/icon.png,Item/Item.wz/Consume/0210.img/02100049/info/iconRaw.png
Consume,0210,2100050,Summoning Lord Pirate's Kru,Summons Lord Pirate's Kru.,1,1,,,100,Item/Item.wz/Consume/0210.img.xml,Item/Item.wz/Consume/0210.img/02100050/info,Item/Item.wz/Consume/0210.img/02100050/info/icon.png,Item/Item.wz/Consume/0210.img/02100050/info/iconRaw.png
Consume,0210,2100051,Summoning Lord Pirate's Captain,Summons Lord Pirate's Captain.,1,1,,,100,Item/Item.wz/Consume/0210.img.xml,Item/Item.wz/Consume/0210.img/02100051/info,Item/Item.wz/Consume/0210.img/02100051/info/icon.png,Item/Item.wz/Consume/0210.img/02100051/info/iconRaw.png
Consume,0210,2100052,Moon Rabit Monster Sack,You can summon Moon Rabbit.,1,1,,,100,Item/Item.wz/Consume/0210.img.xml,Item/Item.wz/Consume/0210.img/02100052/info,Item/Item.wz/Consume/0210.img/02100052/info/icon.png,Item/Item.wz/Consume/0210.img/02100052/info/iconRaw.png
Consume,0210,2100053,Summon Romeo and Juliet PQ Mob,Summon Rabbit bundle,1,1,,,100,Item/Item.wz/Consume/0210.img.xml,Item/Item.wz/Consume/0210.img/02100053/info,Item/Item.wz/Consume/0210.img/02100053/info/icon.png,Item/Item.wz/Consume/0210.img/02100053/info/iconRaw.png
Consume,0210,2100054,Summon Romeo and Juliet PQ Mob,Summon Frankenroid,1,1,,,100,Item/Item.wz/Consume/0210.img.xml,Item/Item.wz/Consume/0210.img/02100054/info,Item/Item.wz/Consume/0210.img/02100054/info/icon.png,Item/Item.wz/Consume/0210.img/02100054/info/iconRaw.png
Consume,0210,2100055,Summon Romeo and Juliet PQ Mob,Summon Angry Frankenroid,1,1,,,100,Item/Item.wz/Consume/0210.img.xml,Item/Item.wz/Consume/0210.img/02100055/info,Item/Item.wz/Consume/0210.img/02100055/info/icon.png,Item/Item.wz/Consume/0210.img/02100055/info/iconRaw.png
Consume,0210,2100056,Summon Romeo and Juliet PQ Mob,Summon Fallen Romeo,1,1,,,100,Item/Item.wz/Consume/0210.img.xml,Item/Item.wz/Consume/0210.img/02100056/info,Item/Item.wz/Consume/0210.img/02100056/info/icon.png,Item/Item.wz/Consume/0210.img/02100056/info/iconRaw.png
Consume,0210,2100057,Summon Romeo and Juliet PQ Mob,Summon Fallen Romeo,1,1,,,100,Item/Item.wz/Consume/0210.img.xml,Item/Item.wz/Consume/0210.img/02100057/info,Item/Item.wz/Consume/0210.img/02100057/info/icon.png,Item/Item.wz/Consume/0210.img/02100057/info/iconRaw.png
Consume,0210,2100058,Summon Romeo and Juliet PQ Mob,Summon Frankenroid,1,1,,,100,Item/Item.wz/Consume/0210.img.xml,Item/Item.wz/Consume/0210.img/02100058/info,Item/Item.wz/Consume/0210.img/02100058/info/icon.png,Item/Item.wz/Consume/0210.img/02100058/info/iconRaw.png
Consume,0210,2100059,Summon Romeo and Juliet PQ Mob,Summon Angry Frankenroid,1,1,,,100,Item/Item.wz/Consume/0210.img.xml,Item/Item.wz/Consume/0210.img/02100059/info,Item/Item.wz/Consume/0210.img/02100059/info/icon.png,Item/Item.wz/Consume/0210.img/02100059/info/iconRaw.png
Consume,0210,2100060,Weird Sack,Summon Halloween Monster!,1,1,,,100,Item/Item.wz/Consume/0210.img.xml,Item/Item.wz/Consume/0210.img/02100060/info,Item/Item.wz/Consume/0210.img/02100060/info/icon.png,Item/Item.wz/Consume/0210.img/02100060/info/iconRaw.png
Consume,0210,2100061,Strange Sack,Summon Halloween Monster!!,1,1,,,100,Item/Item.wz/Consume/0210.img.xml,Item/Item.wz/Consume/0210.img/02100061/info,Item/Item.wz/Consume/0210.img/02100061/info/icon.png,Item/Item.wz/Consume/0210.img/02100061/info/iconRaw.png
Consume,0210,2100062,Interesting Sack,Summon Halloween Monster!!!,1,1,,,100,Item/Item.wz/Consume/0210.img.xml,Item/Item.wz/Consume/0210.img/02100062/info,Item/Item.wz/Consume/0210.img/02100062/info/icon.png,Item/Item.wz/Consume/0210.img/02100062/info/iconRaw.png
Consume,0210,2100063,Summon Ghost,Summon Mirror Ghost,1,1,,,100,Item/Item.wz/Consume/0210.img.xml,Item/Item.wz/Consume/0210.img/02100063/info,Item/Item.wz/Consume/0210.img/02100063/info/icon.png,Item/Item.wz/Consume/0210.img/02100063/info/iconRaw.png
Consume,0210,2100064,Summon Ghost  2,Summon Mirror Ghost,1,1,,,100,Item/Item.wz/Consume/0210.img.xml,Item/Item.wz/Consume/0210.img/02100064/info,Item/Item.wz/Consume/0210.img/02100064/info/icon.png,Item/Item.wz/Consume/0210.img/02100064/info/iconRaw.png
Consume,0210,2100065,Summon Ghost  3,Summon Mirror Ghost,1,1,,,100,Item/Item.wz/Consume/0210.img.xml,Item/Item.wz/Consume/0210.img/02100065/info,Item/Item.wz/Consume/0210.img/02100065/info/icon.png,Item/Item.wz/Consume/0210.img/02100065/info/iconRaw.png
Consume,0210,2100066,Summon Slime,A summoning sack to summon 10 Slimes.,1,1,,,1,Item/Item.wz/Consume/0210.img.xml,Item/Item.wz/Consume/0210.img/02100066/info,Item/Item.wz/Consume/0210.img/02100066/info/icon.png,Item/Item.wz/Consume/0210.img/02100066/info/iconRaw.png
Consume,0210,2100067,Bombs for Hunting Competition,"A bomb used for the Hunting Competition. If hit with the bomb, the victim will lose the Spirit Jewel.",1,1,,,20,Item/Item.wz/Consume/0210.img.xml,Item/Item.wz/Consume/0210.img/02100067/info,Item/Item.wz/Consume/0210.img/02100067/info/icon.png,Item/Item.wz/Consume/0210.img/02100067/info/iconRaw.png
Consume,0210,2100068,Snowman Summon Sack,"A sack that summons small Snowman made with hands. After 3 minutes, the summoned snowman will melt and disappear.",1,1,,,100,Item/Item.wz/Consume/0210.img.xml,Item/Item.wz/Consume/0210.img/02100068/info,Item/Item.wz/Consume/0210.img/02100068/info/icon.png,Item/Item.wz/Consume/0210.img/02100068/info/iconRaw.png
Consume,0210,2100069,Event Box,For Events,1,1,,,100,Item/Item.wz/Consume/0210.img.xml,Item/Item.wz/Consume/0210.img/02100069/info,Item/Item.wz/Consume/0210.img/02100069/info/icon.png,Item/Item.wz/Consume/0210.img/02100069/info/iconRaw.png
Consume,0210,2100070,1st Monster Marble,A marble that contains poisoned monsters on the 1st floor. Use it to bring out the poisoned monster from the marble.,1,1,,,100,Item/Item.wz/Consume/0210.img.xml,Item/Item.wz/Consume/0210.img/02100070/info,Item/Item.wz/Consume/0210.img/02100070/info/icon.png,Item/Item.wz/Consume/0210.img/02100070/info/iconRaw.png
Consume,0210,2100071,Mu Lung Dojo Summon Package1_Mano,Summon Mano,1,1,,,1,Item/Item.wz/Consume/0210.img.xml,Item/Item.wz/Consume/0210.img/02100071/info,Item/Item.wz/Consume/0210.img/02100071/info/icon.png,Item/Item.wz/Consume/0210.img/02100071/info/iconRaw.png
Consume,0210,2100072,Mu Lung Dojo Summon Package2_Stumpy,Summon Stumpy,1,1,,,1,Item/Item.wz/Consume/0210.img.xml,Item/Item.wz/Consume/0210.img/02100072/info,Item/Item.wz/Consume/0210.img/02100072/info/icon.png,Item/Item.wz/Consume/0210.img/02100072/info/iconRaw.png
Consume,0210,2100073,Mu Lung Dojo Summon Package3_Deo,Summon Deo,1,1,,,1,Item/Item.wz/Consume/0210.img.xml,Item/Item.wz/Consume/0210.img/02100073/info,Item/Item.wz/Consume/0210.img/02100073/info/icon.png,Item/Item.wz/Consume/0210.img/02100073/info/iconRaw.png
Consume,0210,2100074,Mu Lung Dojo Summon Package4_King Slime,Summon King Slime,1,1,,,1,Item/Item.wz/Consume/0210.img.xml,Item/Item.wz/Consume/0210.img/02100074/info,Item/Item.wz/Consume/0210.img/02100074/info/icon.png,Item/Item.wz/Consume/0210.img/02100074/info/iconRaw.png
Consume,0210,2100075,Mu Lung Dojo Summon Package5_Giant Centepede,Summon Giant Centepede,1,1,,,1,Item/Item.wz/Consume/0210.img.xml,Item/Item.wz/Consume/0210.img/02100075/info,Item/Item.wz/Consume/0210.img/02100075/info/icon.png,Item/Item.wz/Consume/0210.img/02100075/info/iconRaw.png
Consume,0210,2100076,Mu Lung Dojo Summon Package6_Faust,Summon Faust,1,1,,,1,Item/Item.wz/Consume/0210.img.xml,Item/Item.wz/Consume/0210.img/02100076/info,Item/Item.wz/Consume/0210.img/02100076/info/icon.png,Item/Item.wz/Consume/0210.img/02100076/info/iconRaw.png
Consume,0210,2100077,Mu Lung Dojo Summon Package7_King Clang,Summon King Clang,1,1,,,1,Item/Item.wz/Consume/0210.img.xml,Item/Item.wz/Consume/0210.img/02100077/info,Item/Item.wz/Consume/0210.img/02100077/info/icon.png,Item/Item.wz/Consume/0210.img/02100077/info/iconRaw.png
Consume,0210,2100078,Mu Lung Dojo Summon Package8_Mushroom,Summon Mushmom,1,1,,,1,Item/Item.wz/Consume/0210.img.xml,Item/Item.wz/Consume/0210.img/02100078/info,Item/Item.wz/Consume/0210.img/02100078/info/icon.png,Item/Item.wz/Consume/0210.img/02100078/info/iconRaw.png
Consume,0210,2100079,Mu Lung Dojo Summon Package9_Alishar,Summon Alishar,1,1,,,1,Item/Item.wz/Consume/0210.img.xml,Item/Item.wz/Consume/0210.img/02100079/info,Item/Item.wz/Consume/0210.img/02100079/info/icon.png,Item/Item.wz/Consume/0210.img/02100079/info/iconRaw.png
Consume,0210,2100080,Mu Lung Dojo Summon Package10_Timer,Summon Timer,1,1,,,1,Item/Item.wz/Consume/0210.img.xml,Item/Item.wz/Consume/0210.img/02100080/info,Item/Item.wz/Consume/0210.img/02100080/info/icon.png,Item/Item.wz/Consume/0210.img/02100080/info/iconRaw.png
Consume,0210,2100081,Mu Lung Dojo Summon Package11_Dyle,Summon Dyle,1,1,,,1,Item/Item.wz/Consume/0210.img.xml,Item/Item.wz/Consume/0210.img/02100081/info,Item/Item.wz/Consume/0210.img/02100081/info/icon.png,Item/Item.wz/Consume/0210.img/02100081/info/iconRaw.png
Consume,0210,2100082,Mu Lung Dojo Summon Package12_Papa Pixie,Summon Papa Pixie,1,1,,,1,Item/Item.wz/Consume/0210.img.xml,Item/Item.wz/Consume/0210.img/02100082/info,Item/Item.wz/Consume/0210.img/02100082/info/icon.png,Item/Item.wz/Consume/0210.img/02100082/info/iconRaw.png
Consume,0210,2100083,Mu Lung Dojo Summon Package13_Zombie Mushroom,Summon Zombie Mushmom,1,1,,,1,Item/Item.wz/Consume/0210.img.xml,Item/Item.wz/Consume/0210.img/02100083/info,Item/Item.wz/Consume/0210.img/02100083/info/icon.png,Item/Item.wz/Consume/0210.img/02100083/info/iconRaw.png
Consume,0210,2100084,Mu Lung Dojo Summon Package14_Zeno,Summon Zeno,1,1,,,1,Item/Item.wz/Consume/0210.img.xml,Item/Item.wz/Consume/0210.img/02100084/info,Item/Item.wz/Consume/0210.img/02100084/info/icon.png,Item/Item.wz/Consume/0210.img/02100084/info/iconRaw.png
Consume,0210,2100085,Mu Lung Dojo Summon Package15_Lord Pirate,Summon Lord Pirate,1,1,,,1,Item/Item.wz/Consume/0210.img.xml,Item/Item.wz/Consume/0210.img/02100085/info,Item/Item.wz/Consume/0210.img/02100085/info/icon.png,Item/Item.wz/Consume/0210.img/02100085/info/iconRaw.png
Consume,0210,2100086,Mu Lung Dojo Summon Package16_Nine-Tailed Fox,Summon Nine-Tailed Fox,1,1,,,1,Item/Item.wz/Consume/0210.img.xml,Item/Item.wz/Consume/0210.img/02100086/info,Item/Item.wz/Consume/0210.img/02100086/info/icon.png,Item/Item.wz/Consume/0210.img/02100086/info/iconRaw.png
Consume,0210,2100087,Mu Lung Dojo Summon Package17_Tae Room,Summon Tae Roon,1,1,,,1,Item/Item.wz/Consume/0210.img.xml,Item/Item.wz/Consume/0210.img/02100087/info,Item/Item.wz/Consume/0210.img/02100087/info/icon.png,Item/Item.wz/Consume/0210.img/02100087/info/iconRaw.png
Consume,0210,2100088,Mu Lung Dojo Summon Package18_Poison Golem,Summon Poison Golem,1,1,,,1,Item/Item.wz/Consume/0210.img.xml,Item/Item.wz/Consume/0210.img/02100088/info,Item/Item.wz/Consume/0210.img/02100088/info/icon.png,Item/Item.wz/Consume/0210.img/02100088/info/iconRaw.png
Consume,0210,2100089,Mu Lung Dojo Summon Package19_Priest Cat,Summon Priest Cat,1,1,,,1,Item/Item.wz/Consume/0210.img.xml,Item/Item.wz/Consume/0210.img/02100089/info,Item/Item.wz/Consume/0210.img/02100089/info/icon.png,Item/Item.wz/Consume/0210.img/02100089/info/iconRaw.png
Consume,0210,2100090,Mu Lung Dojo Summon Package20_Jr. Balrog,Summon Jr. Balrog,1,1,,,1,Item/Item.wz/Consume/0210.img.xml,Item/Item.wz/Consume/0210.img/02100090/info,Item/Item.wz/Consume/0210.img/02100090/info/icon.png,Item/Item.wz/Consume/0210.img/02100090/info/iconRaw.png
Consume,0210,2100091,Mu Lung Dojo Summon Package21_Elliza,Summon Eliza,1,1,,,1,Item/Item.wz/Consume/0210.img.xml,Item/Item.wz/Consume/0210.img/02100091/info,Item/Item.wz/Consume/0210.img/02100091/info/icon.png,Item/Item.wz/Consume/0210.img/02100091/info/iconRaw.png
Consume,0210,2100092,Mu Lung Dojo Summon Package22_Franken Lloyd,Summon Franken Lloyd,1,1,,,1,Item/Item.wz/Consume/0210.img.xml,Item/Item.wz/Consume/0210.img/02100092/info,Item/Item.wz/Consume/0210.img/02100092/info/icon.png,Item/Item.wz/Consume/0210.img/02100092/info/iconRaw.png
Consume,0210,2100093,Mu Lung Dojo Summon Package23_Kimera,Summon Kimera,1,1,,,1,Item/Item.wz/Consume/0210.img.xml,Item/Item.wz/Consume/0210.img/02100093/info,Item/Item.wz/Consume/0210.img/02100093/info/icon.png,Item/Item.wz/Consume/0210.img/02100093/info/iconRaw.png
Consume,0210,2100094,Mu Lung Dojo Summon Package24_Snack Bar,Summon Snack Bar,1,1,,,1,Item/Item.wz/Consume/0210.img.xml,Item/Item.wz/Consume/0210.img/02100094/info,Item/Item.wz/Consume/0210.img/02100094/info/icon.png,Item/Item.wz/Consume/0210.img/02100094/info/iconRaw.png
Consume,0210,2100095,Mu Lung Dojo Summon Package25_Snowman,Summon Snowman,1,1,,,1,Item/Item.wz/Consume/0210.img.xml,Item/Item.wz/Consume/0210.img/02100095/info,Item/Item.wz/Consume/0210.img/02100095/info/icon.png,Item/Item.wz/Consume/0210.img/02100095/info/iconRaw.png
Consume,0210,2100096,Mu Lung Dojo Summon Package26_Blue Mushroom,Summon Blue Mushroom,1,1,,,1,Item/Item.wz/Consume/0210.img.xml,Item/Item.wz/Consume/0210.img/02100096/info,Item/Item.wz/Consume/0210.img/02100096/info/icon.png,Item/Item.wz/Consume/0210.img/02100096/info/iconRaw.png
Consume,0210,2100097,Mu Lung Dojo Summon Package27_Crimson Balrog,Summon Crimson Balrog,1,1,,,1,Item/Item.wz/Consume/0210.img.xml,Item/Item.wz/Consume/0210.img/02100097/info,Item/Item.wz/Consume/0210.img/02100097/info/icon.png,Item/Item.wz/Consume/0210.img/02100097/info/iconRaw.png
Consume,0210,2100098,Mu Lung Dojo Summon Package28_Manon,Summon Manon,1,1,,,1,Item/Item.wz/Consume/0210.img.xml,Item/Item.wz/Consume/0210.img/02100098/info,Item/Item.wz/Consume/0210.img/02100098/info/icon.png,Item/Item.wz/Consume/0210.img/02100098/info/iconRaw.png
Consume,0210,2100099,Mu Lung Dojo Summon Package29_Griffey,Summon Griffey,1,1,,,1,Item/Item.wz/Consume/0210.img.xml,Item/Item.wz/Consume/0210.img/02100099/info,Item/Item.wz/Consume/0210.img/02100099/info/icon.png,Item/Item.wz/Consume/0210.img/02100099/info/iconRaw.png
Consume,0210,2100100,Mu Lung Dojo Summon Package30_Leviathan,Summon Leviathan,1,1,,,1,Item/Item.wz/Consume/0210.img.xml,Item/Item.wz/Consume/0210.img/02100100/info,Item/Item.wz/Consume/0210.img/02100100/info/icon.png,Item/Item.wz/Consume/0210.img/02100100/info/iconRaw.png
Consume,0210,2100101,Mu Lung Dojo Summon Package31_Papulatus,Summon Papulatus,1,1,,,1,Item/Item.wz/Consume/0210.img.xml,Item/Item.wz/Consume/0210.img/02100101/info,Item/Item.wz/Consume/0210.img/02100101/info/icon.png,Item/Item.wz/Consume/0210.img/02100101/info/iconRaw.png
Consume,0210,2100102,Mu Lung Dojo Summon Package32_Moo Gong,Summon Moo Gong,1,1,,,1,Item/Item.wz/Consume/0210.img.xml,Item/Item.wz/Consume/0210.img/02100102/info,Item/Item.wz/Consume/0210.img/02100102/info/icon.png,Item/Item.wz/Consume/0210.img/02100102/info/iconRaw.png
Consume,0210,2100103,Mu Lung Dojo Summon Package00_So Gong,Summon So Gong,1,1,,,1,Item/Item.wz/Consume/0210.img.xml,Item/Item.wz/Consume/0210.img/02100103/info,Item/Item.wz/Consume/0210.img/02100103/info/icon.png,Item/Item.wz/Consume/0210.img/02100103/info/iconRaw.png
Consume,0210,2100104,Maple Ambush Sack,"Unwrap this sack, and the aliens will bring doom to the world of Maple.",1,1,,,100,Item/Item.wz/Consume/0210.img.xml,Item/Item.wz/Consume/0210.img/02100104/info,Item/Item.wz/Consume/0210.img/02100104/info/icon.png,Item/Item.wz/Consume/0210.img/02100104/info/iconRaw.png
Consume,0210,2100105,Maze Snail Set,"A Maze Snail set, including 5 types of snails for a total of 25 snails.",1,1,,,100,Item/Item.wz/Consume/0210.img.xml,Item/Item.wz/Consume/0210.img/02100105/info,Item/Item.wz/Consume/0210.img/02100105/info/icon.png,Item/Item.wz/Consume/0210.img/02100105/info/iconRaw.png
Consume,0210,2100106,Maze Transformation Snail Set,"A Maze Transformation Snail Set, including 3 types of snails for a total of 3, but they change their look every 3 seconds.",1,1,,,100,Item/Item.wz/Consume/0210.img.xml,Item/Item.wz/Consume/0210.img/02100106/info,Item/Item.wz/Consume/0210.img/02100106/info/icon.png,Item/Item.wz/Consume/0210.img/02100106/info/iconRaw.png
Consume,0210,2100107,Maze Transformation Snail Set2,"A Maze Transformation Snail Set, including 2 types of snails for a total of 2, but they change their look every 10 seconds.",1,1,,,100,Item/Item.wz/Consume/0210.img.xml,Item/Item.wz/Consume/0210.img/02100107/info,Item/Item.wz/Consume/0210.img/02100107/info/icon.png,Item/Item.wz/Consume/0210.img/02100107/info/iconRaw.png
Consume,0210,2100108,Master of Disguise Summoning Sack,Summons the Master of Disguise.,1,1,,,100,Item/Item.wz/Consume/0210.img.xml,Item/Item.wz/Consume/0210.img/02100108/info,Item/Item.wz/Consume/0210.img/02100108/info/icon.png,Item/Item.wz/Consume/0210.img/02100108/info/iconRaw.png
Consume,0210,2100109,Black Witch Summoning Summoning Sack,Summons the Black Witch.,1,1,,,7,Item/Item.wz/Consume/0210.img.xml,Item/Item.wz/Consume/0210.img/02100109/info,Item/Item.wz/Consume/0210.img/02100109/info/icon.png,Item/Item.wz/Consume/0210.img/02100109/info/iconRaw.png
Consume,0210,2100110,Blue Mushroom Summoning Sack,Summons a group of Blue Mushrooms.,1,1,,,100,Item/Item.wz/Consume/0210.img.xml,Item/Item.wz/Consume/0210.img/02100110/info,Item/Item.wz/Consume/0210.img/02100110/info/icon.png,Item/Item.wz/Consume/0210.img/02100110/info/iconRaw.png
Consume,0210,2100111,Puppeteer Summoning Sack,Summons the Puppeteer.,1,1,,,100,Item/Item.wz/Consume/0210.img.xml,Item/Item.wz/Consume/0210.img/02100111/info,Item/Item.wz/Consume/0210.img/02100111/info/icon.png,Item/Item.wz/Consume/0210.img/02100111/info/iconRaw.png
Consume,0210,2100112,Summon Flying Monsters (Mark),Summons marked monsters,1,1,,,100,Item/Item.wz/Consume/0210.img.xml,Item/Item.wz/Consume/0210.img/02100112/info,Item/Item.wz/Consume/0210.img/02100112/info/icon.png,Item/Item.wz/Consume/0210.img/02100112/info/iconRaw.png
Consume,0210,2100113,Tristan's Balrog Summon,Summons Tristan's Balrog.,1,1,,,100,Item/Item.wz/Consume/0210.img.xml,Item/Item.wz/Consume/0210.img/02100113/info,Item/Item.wz/Consume/0210.img/02100113/info/icon.png,Item/Item.wz/Consume/0210.img/02100113/info/iconRaw.png
Consume,0210,2100116,Summon Maze Pigs,Summons Maze Pig.,1,1,,,100,Item/Item.wz/Consume/0210.img.xml,Item/Item.wz/Consume/0210.img/02100116/info,Item/Item.wz/Consume/0210.img/02100116/info/icon.png,Item/Item.wz/Consume/0210.img/02100116/info/iconRaw.png
Consume,0210,2100117,Summon Maze Rash,Summons Maze Rash,1,1,,,100,Item/Item.wz/Consume/0210.img.xml,Item/Item.wz/Consume/0210.img/02100117/info,Item/Item.wz/Consume/0210.img/02100117/info/icon.png,Item/Item.wz/Consume/0210.img/02100117/info/iconRaw.png
Consume,0210,2100118,Dr. Kim's Anti-Virus Project,Eliminates Chief Greys.,1,1,,,100,Item/Item.wz/Consume/0210.img.xml,Item/Item.wz/Consume/0210.img/02100118/info,Item/Item.wz/Consume/0210.img/02100118/info/icon.png,Item/Item.wz/Consume/0210.img/02100118/info/iconRaw.png
Consume,0210,2100119,Summons Maze Sand Bunny,Summons Maze Sand Bunnies.,1,1,,,100,Item/Item.wz/Consume/0210.img.xml,Item/Item.wz/Consume/0210.img/02100119/info,Item/Item.wz/Consume/0210.img/02100119/info/icon.png,Item/Item.wz/Consume/0210.img/02100119/info/iconRaw.png
Consume,0210,2100120,Snail Summoning Sack,Summons a group of Snails.,1,1,,,100,Item/Item.wz/Consume/0210.img.xml,Item/Item.wz/Consume/0210.img/02100120/info,Item/Item.wz/Consume/0210.img/02100120/info/icon.png,Item/Item.wz/Consume/0210.img/02100120/info/iconRaw.png
Consume,0210,2100121,Slime Summoning Sack,Summons a group of Slimes.,1,1,,,100,Item/Item.wz/Consume/0210.img.xml,Item/Item.wz/Consume/0210.img/02100121/info,Item/Item.wz/Consume/0210.img/02100121/info/icon.png,Item/Item.wz/Consume/0210.img/02100121/info/iconRaw.png
Consume,0210,2100122,Green Mushroom Summoning Sack,Summons a group of Green Mushrooms.,1,1,,,100,Item/Item.wz/Consume/0210.img.xml,Item/Item.wz/Consume/0210.img/02100122/info,Item/Item.wz/Consume/0210.img/02100122/info/icon.png,Item/Item.wz/Consume/0210.img/02100122/info/iconRaw.png
Consume,0210,2100123,Octopus Summoning Sack,Summons a group of Octopuses.,1,1,,,100,Item/Item.wz/Consume/0210.img.xml,Item/Item.wz/Consume/0210.img/02100123/info,Item/Item.wz/Consume/0210.img/02100123/info/icon.png,Item/Item.wz/Consume/0210.img/02100123/info/iconRaw.png
Consume,0210,2100124,Pig Summoning Sack,Summons a group of Pigs.,1,1,,,100,Item/Item.wz/Consume/0210.img.xml,Item/Item.wz/Consume/0210.img/02100124/info,Item/Item.wz/Consume/0210.img/02100124/info/icon.png,Item/Item.wz/Consume/0210.img/02100124/info/iconRaw.png
Consume,0210,2100125,Ribbon Pig Summoning Sack,Summons a group of Ribbon Pigs.,1,1,,,100,Item/Item.wz/Consume/0210.img.xml,Item/Item.wz/Consume/0210.img/02100125/info,Item/Item.wz/Consume/0210.img/02100125/info/icon.png,Item/Item.wz/Consume/0210.img/02100125/info/iconRaw.png
Consume,0210,2100126,Orange Mushroom Summoning Sack,Summons a group of Orange Mushrooms.,1,1,,,100,Item/Item.wz/Consume/0210.img.xml,Item/Item.wz/Consume/0210.img/02100126/info,Item/Item.wz/Consume/0210.img/02100126/info/icon.png,Item/Item.wz/Consume/0210.img/02100126/info/iconRaw.png
Consume,0210,2100127,Bubbling Summoning Sack,Summons a group of Bubblings.,1,1,,,100,Item/Item.wz/Consume/0210.img.xml,Item/Item.wz/Consume/0210.img/02100127/info,Item/Item.wz/Consume/0210.img/02100127/info/icon.png,Item/Item.wz/Consume/0210.img/02100127/info/iconRaw.png
Consume,0210,2100128,Horny Mushroom Summoning Sack,Summons a group of Horny Mushrooms.,1,1,,,100,Item/Item.wz/Consume/0210.img.xml,Item/Item.wz/Consume/0210.img/02100128/info,Item/Item.wz/Consume/0210.img/02100128/info/icon.png,Item/Item.wz/Consume/0210.img/02100128/info/iconRaw.png
Consume,0210,2100129,Jr. Necki Summoning Sack.,Summons Jr. Necki.,1,1,,,100,Item/Item.wz/Consume/0210.img.xml,Item/Item.wz/Consume/0210.img/02100129/info,Item/Item.wz/Consume/0210.img/02100129/info/icon.png,Item/Item.wz/Consume/0210.img/02100129/info/iconRaw.png
Consume,0210,2100130,Blue Mushroom Summoning Sack,Summons a group of Blue Mushrooms,1,1,,,100,Item/Item.wz/Consume/0210.img.xml,Item/Item.wz/Consume/0210.img/02100130/info,Item/Item.wz/Consume/0210.img/02100130/info/icon.png,Item/Item.wz/Consume/0210.img/02100130/info/iconRaw.png
Consume,0210,2100131,Tristan's Balrog Summoning Sack,Summons Tristan's Balrog.,1,1,,,100,Item/Item.wz/Consume/0210.img.xml,Item/Item.wz/Consume/0210.img/02100131/info,Item/Item.wz/Consume/0210.img/02100131/info/icon.png,Item/Item.wz/Consume/0210.img/02100131/info/iconRaw.png
Consume,0210,2100132,Balrog Summoning Sack,Balrog Summoning Sack,1,1,,,100,Item/Item.wz/Consume/0210.img.xml,Item/Item.wz/Consume/0210.img/02100132/info,Item/Item.wz/Consume/0210.img/02100132/info/icon.png,Item/Item.wz/Consume/0210.img/02100132/info/iconRaw.png
Consume,0210,2100133,Balrog's Spirit,Balrog's Spirit,1,1,,,100,Item/Item.wz/Consume/0210.img.xml,Item/Item.wz/Consume/0210.img/02100133/info,Item/Item.wz/Consume/0210.img/02100133/info/icon.png,Item/Item.wz/Consume/0210.img/02100133/info/iconRaw.png
Consume,0210,2100134,Rescued Gaga Summoning Sack,"Summons Gaga, who has been rescued.",1,1,,,100,Item/Item.wz/Consume/0210.img.xml,Item/Item.wz/Consume/0210.img/02100134/info,Item/Item.wz/Consume/0210.img/02100134/info/icon.png,Item/Item.wz/Consume/0210.img/02100134/info/iconRaw.png
Consume,0210,2100135,Test MOB Summoning Sack,Test MOB Summoning Sack,1,1,,,100,Item/Item.wz/Consume/0210.img.xml,Item/Item.wz/Consume/0210.img/02100135/info,Item/Item.wz/Consume/0210.img/02100135/info/icon.png,Item/Item.wz/Consume/0210.img/02100135/info/iconRaw.png
Consume,0210,2100136,Easy Mode Balrog Summoning Sack,Easy Mode Balrog Summoning Sack,1,1,,,100,Item/Item.wz/Consume/0210.img.xml,Item/Item.wz/Consume/0210.img/02100136/info,Item/Item.wz/Consume/0210.img/02100136/info/icon.png,Item/Item.wz/Consume/0210.img/02100136/info/iconRaw.png
Consume,0210,2100137,Easy Mode Balrog's Spirit,Easy Mode Balrog's Spirit,1,1,,,100,Item/Item.wz/Consume/0210.img.xml,Item/Item.wz/Consume/0210.img/02100137/info,Item/Item.wz/Consume/0210.img/02100137/info/icon.png,Item/Item.wz/Consume/0210.img/02100137/info/iconRaw.png
Consume,0210,2100138,Puppeteer Summoning Sack,Summons the Puppeteer.,1,1,,,100,Item/Item.wz/Consume/0210.img.xml,Item/Item.wz/Consume/0210.img/02100138/info,Item/Item.wz/Consume/0210.img/02100138/info/icon.png,Item/Item.wz/Consume/0210.img/02100138/info/iconRaw.png
Consume,0210,2100139,Puppeteer Summoning Sack,Summons the Puppeteer.,1,1,,,100,Item/Item.wz/Consume/0210.img.xml,Item/Item.wz/Consume/0210.img/02100139/info,Item/Item.wz/Consume/0210.img/02100139/info/icon.png,Item/Item.wz/Consume/0210.img/02100139/info/iconRaw.png
Consume,0210,2100140,Puppeteer Summong Sack,Summons the Puppeteer.,1,1,,,100,Item/Item.wz/Consume/0210.img.xml,Item/Item.wz/Consume/0210.img/02100140/info,Item/Item.wz/Consume/0210.img/02100140/info/icon.png,Item/Item.wz/Consume/0210.img/02100140/info/iconRaw.png
Consume,0210,2100141,,,1,1,,,100,Item/Item.wz/Consume/0210.img.xml,Item/Item.wz/Consume/0210.img/02100141/info,Item/Item.wz/Consume/0210.img/02100141/info/icon.png,Item/Item.wz/Consume/0210.img/02100141/info/iconRaw.png
Consume,0210,2100142,,,1,1,,,100,Item/Item.wz/Consume/0210.img.xml,Item/Item.wz/Consume/0210.img/02100142/info,Item/Item.wz/Consume/0210.img/02100142/info/icon.png,Item/Item.wz/Consume/0210.img/02100142/info/iconRaw.png
Consume,0210,2100143,,,1,1,,,100,Item/Item.wz/Consume/0210.img.xml,Item/Item.wz/Consume/0210.img/02100143/info,Item/Item.wz/Consume/0210.img/02100143/info/icon.png,Item/Item.wz/Consume/0210.img/02100143/info/iconRaw.png
Consume,0210,2100144,,,1,1,,,100,Item/Item.wz/Consume/0210.img.xml,Item/Item.wz/Consume/0210.img/02100144/info,Item/Item.wz/Consume/0210.img/02100144/info/icon.png,Item/Item.wz/Consume/0210.img/02100144/info/iconRaw.png
Consume,0210,2100145,,,1,1,,,100,Item/Item.wz/Consume/0210.img.xml,Item/Item.wz/Consume/0210.img/02100145/info,Item/Item.wz/Consume/0210.img/02100145/info/icon.png,Item/Item.wz/Consume/0210.img/02100145/info/iconRaw.png
Consume,0210,2100146,,,1,1,,,100,Item/Item.wz/Consume/0210.img.xml,Item/Item.wz/Consume/0210.img/02100146/info,Item/Item.wz/Consume/0210.img/02100146/info/icon.png,Item/Item.wz/Consume/0210.img/02100146/info/iconRaw.png
Consume,0210,2100147,,,1,1,,,100,Item/Item.wz/Consume/0210.img.xml,Item/Item.wz/Consume/0210.img/02100147/info,Item/Item.wz/Consume/0210.img/02100147/info/icon.png,Item/Item.wz/Consume/0210.img/02100147/info/iconRaw.png
Consume,0210,2100148,,,1,1,,,100,Item/Item.wz/Consume/0210.img.xml,Item/Item.wz/Consume/0210.img/02100148/info,Item/Item.wz/Consume/0210.img/02100148/info/icon.png,Item/Item.wz/Consume/0210.img/02100148/info/iconRaw.png
Consume,0210,2100149,,,1,1,,,100,Item/Item.wz/Consume/0210.img.xml,Item/Item.wz/Consume/0210.img/02100149/info,Item/Item.wz/Consume/0210.img/02100149/info/icon.png,Item/Item.wz/Consume/0210.img/02100149/info/iconRaw.png
Consume,0210,2100150,,,1,1,,,100,Item/Item.wz/Consume/0210.img.xml,Item/Item.wz/Consume/0210.img/02100150/info,Item/Item.wz/Consume/0210.img/02100150/info/icon.png,Item/Item.wz/Consume/0210.img/02100150/info/iconRaw.png
Consume,0210,2100151,,,1,1,,,100,Item/Item.wz/Consume/0210.img.xml,Item/Item.wz/Consume/0210.img/02100151/info,Item/Item.wz/Consume/0210.img/02100151/info/icon.png,Item/Item.wz/Consume/0210.img/02100151/info/iconRaw.png
Consume,0210,2100152,Giant Summoning Sack,Summons the Giant,1,1,,,100,Item/Item.wz/Consume/0210.img.xml,Item/Item.wz/Consume/0210.img/02100152/info,Item/Item.wz/Consume/0210.img/02100152/info/icon.png,Item/Item.wz/Consume/0210.img/02100152/info/iconRaw.png
Consume,0210,2100153,Shadow Knight Summoning Sack,Summons the Shadow Knight,1,1,,,100,Item/Item.wz/Consume/0210.img.xml,Item/Item.wz/Consume/0210.img/02100153/info,Item/Item.wz/Consume/0210.img/02100153/info/icon.png,Item/Item.wz/Consume/0210.img/02100153/info/iconRaw.png
Consume,0210,2100154,Gentleman Summoning Sack,Summons the Gentleman,1,1,,,100,Item/Item.wz/Consume/0210.img.xml,Item/Item.wz/Consume/0210.img/02100154/info,Item/Item.wz/Consume/0210.img/02100154/info/icon.png,Item/Item.wz/Consume/0210.img/02100154/info/iconRaw.png
Consume,0210,2100155,Master of Disguise Summoning Sack,Summons the Master of Disguise,1,1,,,100,Item/Item.wz/Consume/0210.img.xml,Item/Item.wz/Consume/0210.img/02100155/info,Item/Item.wz/Consume/0210.img/02100155/info/icon.png,Item/Item.wz/Consume/0210.img/02100155/info/iconRaw.png
Consume,0210,2100159,Transformed Tru Summoning Sack,Summons Transformed Tru,1,1,,,100,Item/Item.wz/Consume/0210.img.xml,Item/Item.wz/Consume/0210.img/02100159/info,Item/Item.wz/Consume/0210.img/02100159/info/icon.png,Item/Item.wz/Consume/0210.img/02100159/info/iconRaw.png
Consume,0210,2100160,Gray Yeti and King Pepe Summoning Bag,Summons Gray Yeti and King Pepe.,1,1,,,100,Item/Item.wz/Consume/0210.img.xml,Item/Item.wz/Consume/0210.img/02100160/info,Item/Item.wz/Consume/0210.img/02100160/info/icon.png,Item/Item.wz/Consume/0210.img/02100160/info/iconRaw.png
Consume,0210,2100161,Gold Yeti and King Pepe Summoning Bag,Summons Gold Yeti and King Pepe.,1,1,,,100,Item/Item.wz/Consume/0210.img.xml,Item/Item.wz/Consume/0210.img/02100161/info,Item/Item.wz/Consume/0210.img/02100161/info/icon.png,Item/Item.wz/Consume/0210.img/02100161/info/iconRaw.png
Consume,0210,2100162,White Yeti and King Pepe Summoning Bag,Summons White Yeti and King Pepe.,1,1,,,100,Item/Item.wz/Consume/0210.img.xml,Item/Item.wz/Consume/0210.img/02100162/info,Item/Item.wz/Consume/0210.img/02100162/info/icon.png,Item/Item.wz/Consume/0210.img/02100162/info/iconRaw.png
Consume,0210,2100163,Prime Minister Summoning Bag,Summons Prime Minister.,1,1,,,100,Item/Item.wz/Consume/0210.img.xml,Item/Item.wz/Consume/0210.img/02100163/info,Item/Item.wz/Consume/0210.img/02100163/info/icon.png,Item/Item.wz/Consume/0210.img/02100163/info/iconRaw.png
Consume,0210,2100164,Black Wing Henchman Summoning Sack,Summons the Black Wing's Henchman,1,1,,,100,Item/Item.wz/Consume/0210.img.xml,Item/Item.wz/Consume/0210.img/02100164/info,Item/Item.wz/Consume/0210.img/02100164/info/icon.png,Item/Item.wz/Consume/0210.img/02100164/info/iconRaw.png
Consume,0210,2100165,Hiver Summoning Sack,Summons Hiver,1,1,,,100,Item/Item.wz/Consume/0210.img.xml,Item/Item.wz/Consume/0210.img/02100165/info,Item/Item.wz/Consume/0210.img/02100165/info/icon.png,Item/Item.wz/Consume/0210.img/02100165/info/iconRaw.png
Consume,0210,2100166,,,1,1,,,100,Item/Item.wz/Consume/0210.img.xml,Item/Item.wz/Consume/0210.img/02100166/info,Item/Item.wz/Consume/0210.img/02100166/info/icon.png,Item/Item.wz/Consume/0210.img/02100166/info/iconRaw.png
Consume,0210,2100900,Mysterious Sack,"Cassandra says that it's impossible to know what monsters will be summoned from this sack, but it may summon special, hard-to-find monsters.",1,1,,,100,Item/Item.wz/Consume/0210.img.xml,Item/Item.wz/Consume/0210.img/02100900/info,Item/Item.wz/Consume/0210.img/02100900/info/icon.png,Item/Item.wz/Consume/0210.img/02100900/info/iconRaw.png
Consume,0210,2100901,,,1,1,,,100,Item/Item.wz/Consume/0210.img.xml,Item/Item.wz/Consume/0210.img/02100901/info,Item/Item.wz/Consume/0210.img/02100901/info/icon.png,Item/Item.wz/Consume/0210.img/02100901/info/iconRaw.png
Consume,0210,2100902,,,1,1,,,100,Item/Item.wz/Consume/0210.img.xml,Item/Item.wz/Consume/0210.img/02100902/info,Item/Item.wz/Consume/0210.img/02100902/info/icon.png,Item/Item.wz/Consume/0210.img/02100902/info/iconRaw.png
Consume,0210,2100903,,,1,1,,,100,Item/Item.wz/Consume/0210.img.xml,Item/Item.wz/Consume/0210.img/02100903/info,Item/Item.wz/Consume/0210.img/02100903/info/icon.png,Item/Item.wz/Consume/0210.img/02100903/info/iconRaw.png
Consume,0210,2100904,,,1,1,,,100,Item/Item.wz/Consume/0210.img.xml,Item/Item.wz/Consume/0210.img/02100904/info,Item/Item.wz/Consume/0210.img/02100904/info/icon.png,Item/Item.wz/Consume/0210.img/02100904/info/iconRaw.png
Consume,0210,2101000,Summoning Mushmom,Summons a Mushmom,1,1,,,100,Item/Item.wz/Consume/0210.img.xml,Item/Item.wz/Consume/0210.img/02101000/info,Item/Item.wz/Consume/0210.img/02101000/info/icon.png,Item/Item.wz/Consume/0210.img/02101000/info/iconRaw.png
Consume,0210,2101001,Summoning Crimson Balrog,Summons a Crimson Balrog,1,1,,,100,Item/Item.wz/Consume/0210.img.xml,Item/Item.wz/Consume/0210.img/02101001/info,Item/Item.wz/Consume/0210.img/02101001/info/icon.png,Item/Item.wz/Consume/0210.img/02101001/info/iconRaw.png
Consume,0210,2101002,Summoning Werewolf,Summons a Werewolf,1,1,,,100,Item/Item.wz/Consume/0210.img.xml,Item/Item.wz/Consume/0210.img/02101002/info,Item/Item.wz/Consume/0210.img/02101002/info/icon.png,Item/Item.wz/Consume/0210.img/02101002/info/iconRaw.png
Consume,0210,2101003,Summoning Yeti & Pepe,Summons one set of Yeti & Pepe,1,1,,,100,Item/Item.wz/Consume/0210.img.xml,Item/Item.wz/Consume/0210.img/02101003/info,Item/Item.wz/Consume/0210.img/02101003/info/icon.png,Item/Item.wz/Consume/0210.img/02101003/info/iconRaw.png
Consume,0210,2101004,Summoning Superslime,Summons a Superslime,1,1,,,100,Item/Item.wz/Consume/0210.img.xml,Item/Item.wz/Consume/0210.img/02101004/info,Item/Item.wz/Consume/0210.img/02101004/info/icon.png,Item/Item.wz/Consume/0210.img/02101004/info/iconRaw.png
Consume,0210,2101005,Summoning Tauromacis,Summons a Tauromacis,1,1,,,100,Item/Item.wz/Consume/0210.img.xml,Item/Item.wz/Consume/0210.img/02101005/info,Item/Item.wz/Consume/0210.img/02101005/info/icon.png,Item/Item.wz/Consume/0210.img/02101005/info/iconRaw.png
Consume,0210,2101006,Summoning Taurospear,Summons a Taurospear,1,1,,,100,Item/Item.wz/Consume/0210.img.xml,Item/Item.wz/Consume/0210.img/02101006/info,Item/Item.wz/Consume/0210.img/02101006/info/icon.png,Item/Item.wz/Consume/0210.img/02101006/info/iconRaw.png
Consume,0210,2101007,Summoning Lycanthrope,Summons a Lycanthrope.,1,1,,,100,Item/Item.wz/Consume/0210.img.xml,Item/Item.wz/Consume/0210.img/02101007/info,Item/Item.wz/Consume/0210.img/02101007/info/icon.png,Item/Item.wz/Consume/0210.img/02101007/info/iconRaw.png
Consume,0210,2101008,Summoning Dark Yeti & Pepe,Summons a set of Dark Yeti & Pepe.,1,1,,,100,Item/Item.wz/Consume/0210.img.xml,Item/Item.wz/Consume/0210.img/02101008/info,Item/Item.wz/Consume/0210.img/02101008/info/icon.png,Item/Item.wz/Consume/0210.img/02101008/info/iconRaw.png
Consume,0210,2101009,Summon Red Boogie,Summons Red Boogies.,1,1,,,100,Item/Item.wz/Consume/0210.img.xml,Item/Item.wz/Consume/0210.img/02101009/info,Item/Item.wz/Consume/0210.img/02101009/info/icon.png,Item/Item.wz/Consume/0210.img/02101009/info/iconRaw.png
Consume,0210,2101010,Summon Blue Boogie,Summons Blue Boogies.,1,1,,,100,Item/Item.wz/Consume/0210.img.xml,Item/Item.wz/Consume/0210.img/02101010/info,Item/Item.wz/Consume/0210.img/02101010/info/icon.png,Item/Item.wz/Consume/0210.img/02101010/info/iconRaw.png
Consume,0210,2101011,Summon Green Boogie,Summons Green Boogies.,1,1,,,100,Item/Item.wz/Consume/0210.img.xml,Item/Item.wz/Consume/0210.img/02101011/info,Item/Item.wz/Consume/0210.img/02101011/info/icon.png,Item/Item.wz/Consume/0210.img/02101011/info/iconRaw.png
Consume,0210,2101012,Summon Black Boogie,Summons Black Boogies.,1,1,,,100,Item/Item.wz/Consume/0210.img.xml,Item/Item.wz/Consume/0210.img/02101012/info,Item/Item.wz/Consume/0210.img/02101012/info/icon.png,Item/Item.wz/Consume/0210.img/02101012/info/iconRaw.png
Consume,0210,2101013,Summon Showa Boss,Summons Showa Boss.,1,1,,,100,Item/Item.wz/Consume/0210.img.xml,Item/Item.wz/Consume/0210.img/02101013/info,Item/Item.wz/Consume/0210.img/02101013/info/icon.png,Item/Item.wz/Consume/0210.img/02101013/info/iconRaw.png
Consume,0210,2101014,Summon Monsters,Summon particular monsters.,1,1,,,100,Item/Item.wz/Consume/0210.img.xml,Item/Item.wz/Consume/0210.img/02101014/info,Item/Item.wz/Consume/0210.img/02101014/info/icon.png,Item/Item.wz/Consume/0210.img/02101014/info/iconRaw.png
Consume,0210,2101015,Summon Bodyguard A,Summons Bodyguard A.,1,1,,,100,Item/Item.wz/Consume/0210.img.xml,Item/Item.wz/Consume/0210.img/02101015/info,Item/Item.wz/Consume/0210.img/02101015/info/icon.png,Item/Item.wz/Consume/0210.img/02101015/info/iconRaw.png
Consume,0210,2101020,Halloween Monster Sack,Summon Halloween monsters.,1,1,,,100,Item/Item.wz/Consume/0210.img.xml,Item/Item.wz/Consume/0210.img/02101020/info,Item/Item.wz/Consume/0210.img/02101020/info/icon.png,Item/Item.wz/Consume/0210.img/02101020/info/iconRaw.png
Consume,0210,2101021,Monster Sack (Jr. Mimick),Summons 1 Jr. Mimick,1,1,,,100,Item/Item.wz/Consume/0210.img.xml,Item/Item.wz/Consume/0210.img/02101021/info,Item/Item.wz/Consume/0210.img/02101021/info/icon.png,Item/Item.wz/Consume/0210.img/02101021/info/iconRaw.png
Consume,0210,2101023,Monster Sack (Slime Gold),Summons 3 Slime Gold.,1,1,,,100,Item/Item.wz/Consume/0210.img.xml,Item/Item.wz/Consume/0210.img/02101023/info,Item/Item.wz/Consume/0210.img/02101023/info/icon.png,Item/Item.wz/Consume/0210.img/02101023/info/iconRaw.png
Consume,0210,2101024,Monster Sack (Slime Silver),Summons 1 Slime Silver.,1,1,,,100,Item/Item.wz/Consume/0210.img.xml,Item/Item.wz/Consume/0210.img/02101024/info,Item/Item.wz/Consume/0210.img/02101024/info/icon.png,Item/Item.wz/Consume/0210.img/02101024/info/iconRaw.png
Consume,0210,2101025,Monster Sack (Slime Red),Summons 5 Slime Red.,1,1,,,100,Item/Item.wz/Consume/0210.img.xml,Item/Item.wz/Consume/0210.img/02101025/info,Item/Item.wz/Consume/0210.img/02101025/info/icon.png,Item/Item.wz/Consume/0210.img/02101025/info/iconRaw.png
Consume,0210,2101026,Monster Sack (Mushmom Blue),Summons 1 Mushmom Blue.,1,1,,,100,Item/Item.wz/Consume/0210.img.xml,Item/Item.wz/Consume/0210.img/02101026/info,Item/Item.wz/Consume/0210.img/02101026/info/icon.png,Item/Item.wz/Consume/0210.img/02101026/info/iconRaw.png
Consume,0210,2101039,Monster Summoning Sack(Alishar),Summons 1 Alishar.,1,1,5000,,100,Item/Item.wz/Consume/0210.img.xml,Item/Item.wz/Consume/0210.img/02101039/info,Item/Item.wz/Consume/0210.img/02101039/info/icon.png,Item/Item.wz/Consume/0210.img/02101039/info/iconRaw.png
Consume,0210,2101043,Amoria Penalty Monster Sack1,Summons some monsters.,1,1,,,100,Item/Item.wz/Consume/0210.img.xml,Item/Item.wz/Consume/0210.img/02101043/info,Item/Item.wz/Consume/0210.img/02101043/info/icon.png,Item/Item.wz/Consume/0210.img/02101043/info/iconRaw.png
Consume,0210,2101044,Amoria Penalty Monster Sack2,Summons some monsters.,1,1,,,100,Item/Item.wz/Consume/0210.img.xml,Item/Item.wz/Consume/0210.img/02101044/info,Item/Item.wz/Consume/0210.img/02101044/info/icon.png,Item/Item.wz/Consume/0210.img/02101044/info/iconRaw.png
Consume,0210,2101045,Amoria Penalty Monster Sack3,Summons some monsters.,1,1,,,100,Item/Item.wz/Consume/0210.img.xml,Item/Item.wz/Consume/0210.img/02101045/info,Item/Item.wz/Consume/0210.img/02101045/info/icon.png,Item/Item.wz/Consume/0210.img/02101045/info/iconRaw.png
Consume,0210,2101046,Amoria Penalty Monster Sack4,Summons some monsters.,1,1,,,100,Item/Item.wz/Consume/0210.img.xml,Item/Item.wz/Consume/0210.img/02101046/info,Item/Item.wz/Consume/0210.img/02101046/info/icon.png,Item/Item.wz/Consume/0210.img/02101046/info/iconRaw.png
Consume,0210,2101047,Amoria Penalty Monster Sack5,Summons some monsters.,1,1,,,100,Item/Item.wz/Consume/0210.img.xml,Item/Item.wz/Consume/0210.img/02101047/info,Item/Item.wz/Consume/0210.img/02101047/info/icon.png,Item/Item.wz/Consume/0210.img/02101047/info/iconRaw.png
Consume,0210,2101048,Amoria Penalty Monster Sack6,Summons some monsters.,1,1,,,100,Item/Item.wz/Consume/0210.img.xml,Item/Item.wz/Consume/0210.img/02101048/info,Item/Item.wz/Consume/0210.img/02101048/info/icon.png,Item/Item.wz/Consume/0210.img/02101048/info/iconRaw.png
Consume,0210,2101049,Amoria Penalty Monster Sack7,Summons some monsters.,1,1,,,100,Item/Item.wz/Consume/0210.img.xml,Item/Item.wz/Consume/0210.img/02101049/info,Item/Item.wz/Consume/0210.img/02101049/info/icon.png,Item/Item.wz/Consume/0210.img/02101049/info/iconRaw.png
Consume,0210,2101050,GM event Sack1,Summons some monsters. Slime Storm.,1,1,,,100,Item/Item.wz/Consume/0210.img.xml,Item/Item.wz/Consume/0210.img/02101050/info,Item/Item.wz/Consume/0210.img/02101050/info/icon.png,Item/Item.wz/Consume/0210.img/02101050/info/iconRaw.png
Consume,0210,2101051,GM event Sack2,Summons some monsters. Mushroom Boom,1,1,,,100,Item/Item.wz/Consume/0210.img.xml,Item/Item.wz/Consume/0210.img/02101051/info,Item/Item.wz/Consume/0210.img/02101051/info/icon.png,Item/Item.wz/Consume/0210.img/02101051/info/iconRaw.png
Consume,0210,2101052,GM event Sack3,Summons some monsters. Pigs in a Blanket,1,1,,,100,Item/Item.wz/Consume/0210.img.xml,Item/Item.wz/Consume/0210.img/02101052/info,Item/Item.wz/Consume/0210.img/02101052/info/icon.png,Item/Item.wz/Consume/0210.img/02101052/info/iconRaw.png
Consume,0210,2101053,GM event Sack4,Summons some monsters. Eye See You,1,1,,,100,Item/Item.wz/Consume/0210.img.xml,Item/Item.wz/Consume/0210.img/02101053/info,Item/Item.wz/Consume/0210.img/02101053/info/icon.png,Item/Item.wz/Consume/0210.img/02101053/info/iconRaw.png
Consume,0210,2101054,GM event Sack5,Summons some monsters. Alien Armada,1,1,,,100,Item/Item.wz/Consume/0210.img.xml,Item/Item.wz/Consume/0210.img/02101054/info,Item/Item.wz/Consume/0210.img/02101054/info/icon.png,Item/Item.wz/Consume/0210.img/02101054/info/iconRaw.png
Consume,0210,2101055,GM event Sack6,Summons some monsters. Toying Around,1,1,,,100,Item/Item.wz/Consume/0210.img.xml,Item/Item.wz/Consume/0210.img/02101055/info,Item/Item.wz/Consume/0210.img/02101055/info/icon.png,Item/Item.wz/Consume/0210.img/02101055/info/iconRaw.png
Consume,0210,2101056,GM event Sack7,Summons some monsters. Crimson Crash,1,1,,,100,Item/Item.wz/Consume/0210.img.xml,Item/Item.wz/Consume/0210.img/02101056/info,Item/Item.wz/Consume/0210.img/02101056/info/icon.png,Item/Item.wz/Consume/0210.img/02101056/info/iconRaw.png
Consume,0210,2101057,Amoria Penalty Monster Sack8,Summons some monsters.,1,1,,,100,Item/Item.wz/Consume/0210.img.xml,Item/Item.wz/Consume/0210.img/02101057/info,Item/Item.wz/Consume/0210.img/02101057/info/icon.png,Item/Item.wz/Consume/0210.img/02101057/info/iconRaw.png
Consume,0210,2101060,Monster Sack (SG CBD),Summons 9 SG Exclusive monsters.,1,1,,,100,Item/Item.wz/Consume/0210.img.xml,Item/Item.wz/Consume/0210.img/02101060/info,Item/Item.wz/Consume/0210.img/02101060/info/icon.png,Item/Item.wz/Consume/0210.img/02101060/info/iconRaw.png
Consume,0210,2101061,Monster Sack (SG Ghost ship),Summons 4 SG Exclusive monsters.,1,1,,,100,Item/Item.wz/Consume/0210.img.xml,Item/Item.wz/Consume/0210.img/02101061/info,Item/Item.wz/Consume/0210.img/02101061/info/icon.png,Item/Item.wz/Consume/0210.img/02101061/info/iconRaw.png
Consume,0210,2101072,Monster Sack,Summons some monsters.,1,1,,,100,Item/Item.wz/Consume/0210.img.xml,Item/Item.wz/Consume/0210.img/02101072/info,Item/Item.wz/Consume/0210.img/02101072/info/icon.png,Item/Item.wz/Consume/0210.img/02101072/info/iconRaw.png
Consume,0210,2101073,Monster Sack,Summons some monsters.,1,1,,,100,Item/Item.wz/Consume/0210.img.xml,Item/Item.wz/Consume/0210.img/02101073/info,Item/Item.wz/Consume/0210.img/02101073/info/icon.png,Item/Item.wz/Consume/0210.img/02101073/info/iconRaw.png
Consume,0210,2101080,Monster Sack(x-mas07_1),Monster Sack(x-mas07_1),1,1,,,100,Item/Item.wz/Consume/0210.img.xml,Item/Item.wz/Consume/0210.img/02101080/info,Item/Item.wz/Consume/0210.img/02101080/info/icon.png,Item/Item.wz/Consume/0210.img/02101080/info/iconRaw.png
Consume,0210,2101081,Monster Sack(x-mas07_2),Monster Sack(x-mas07_2),1,1,,,100,Item/Item.wz/Consume/0210.img.xml,Item/Item.wz/Consume/0210.img/02101081/info,Item/Item.wz/Consume/0210.img/02101081/info/icon.png,Item/Item.wz/Consume/0210.img/02101081/info/iconRaw.png
Consume,0210,2101082,Monster Sack(x-mas07_3),Monster Sack(x-mas07_3),1,1,,,100,Item/Item.wz/Consume/0210.img.xml,Item/Item.wz/Consume/0210.img/02101082/info,Item/Item.wz/Consume/0210.img/02101082/info/icon.png,Item/Item.wz/Consume/0210.img/02101082/info/iconRaw.png
Consume,0210,2101083,Monster Sack(x-mas07_4),Monster Sack(x-mas07_4),1,1,,,100,Item/Item.wz/Consume/0210.img.xml,Item/Item.wz/Consume/0210.img/02101083/info,Item/Item.wz/Consume/0210.img/02101083/info/icon.png,Item/Item.wz/Consume/0210.img/02101083/info/iconRaw.png
Consume,0210,2101084,Monster Sack(x-mas07_5),Monster Sack(x-mas07_5),1,1,,,100,Item/Item.wz/Consume/0210.img.xml,Item/Item.wz/Consume/0210.img/02101084/info,Item/Item.wz/Consume/0210.img/02101084/info/icon.png,Item/Item.wz/Consume/0210.img/02101084/info/iconRaw.png
Consume,0210,2101085,Monster Sack(x-mas07_6),Monster Sack(x-mas07_6),1,1,,,100,Item/Item.wz/Consume/0210.img.xml,Item/Item.wz/Consume/0210.img/02101085/info,Item/Item.wz/Consume/0210.img/02101085/info/icon.png,Item/Item.wz/Consume/0210.img/02101085/info/iconRaw.png
Consume,0210,2101086,Monster Sack(x-mas07_7),Monster Sack(x-mas07_7),1,1,,,100,Item/Item.wz/Consume/0210.img.xml,Item/Item.wz/Consume/0210.img/02101086/info,Item/Item.wz/Consume/0210.img/02101086/info/icon.png,Item/Item.wz/Consume/0210.img/02101086/info/iconRaw.png
Consume,0210,2101087,Monster Sack(x-mas07_8),Monster Sack(x-mas07_8),1,1,,,100,Item/Item.wz/Consume/0210.img.xml,Item/Item.wz/Consume/0210.img/02101087/info,Item/Item.wz/Consume/0210.img/02101087/info/icon.png,Item/Item.wz/Consume/0210.img/02101087/info/iconRaw.png
Consume,0210,2101088,Monster Sack(x-mas07_9),Monster Sack(x-mas07_9),1,1,,,100,Item/Item.wz/Consume/0210.img.xml,Item/Item.wz/Consume/0210.img/02101088/info,Item/Item.wz/Consume/0210.img/02101088/info/icon.png,Item/Item.wz/Consume/0210.img/02101088/info/iconRaw.png
Consume,0210,2101089,Monster Sack(x-mas07_10),Monster Sack(x-mas07_10),1,1,,,100,Item/Item.wz/Consume/0210.img.xml,Item/Item.wz/Consume/0210.img/02101089/info,Item/Item.wz/Consume/0210.img/02101089/info/icon.png,Item/Item.wz/Consume/0210.img/02101089/info/iconRaw.png
Consume,0210,2101090,Monster Sack(x-mas07_11),Monster Sack(x-mas07_11),1,1,,,100,Item/Item.wz/Consume/0210.img.xml,Item/Item.wz/Consume/0210.img/02101090/info,Item/Item.wz/Consume/0210.img/02101090/info/icon.png,Item/Item.wz/Consume/0210.img/02101090/info/iconRaw.png
Consume,0210,2101091,Monster Sack(x-mas07_12),Monster Sack(x-mas07_12),1,1,,,100,Item/Item.wz/Consume/0210.img.xml,Item/Item.wz/Consume/0210.img/02101091/info,Item/Item.wz/Consume/0210.img/02101091/info/icon.png,Item/Item.wz/Consume/0210.img/02101091/info/iconRaw.png
Consume,0210,2101092,Monster Sack(x-mas07_13),Monster Sack(x-mas07_13),1,1,,,100,Item/Item.wz/Consume/0210.img.xml,Item/Item.wz/Consume/0210.img/02101092/info,Item/Item.wz/Consume/0210.img/02101092/info/icon.png,Item/Item.wz/Consume/0210.img/02101092/info/iconRaw.png
Consume,0210,2101093,Monster Sack(x-mas07_14),Monster Sack(x-mas07_14),1,1,,,100,Item/Item.wz/Consume/0210.img.xml,Item/Item.wz/Consume/0210.img/02101093/info,Item/Item.wz/Consume/0210.img/02101093/info/icon.png,Item/Item.wz/Consume/0210.img/02101093/info/iconRaw.png
Consume,0210,2101110,Monster Summoning Sack(Leviathan),Summons 1 Leviathan.,1,1,,,100,Item/Item.wz/Consume/0210.img.xml,Item/Item.wz/Consume/0210.img/02101110/info,Item/Item.wz/Consume/0210.img/02101110/info/icon.png,Item/Item.wz/Consume/0210.img/02101110/info/iconRaw.png
Consume,0210,2101124,Giant Snowman (Lvl 1) - Easy Sack,A monster sack that summons a Giant Snowman.,1,1,,,100,Item/Item.wz/Consume/0210.img.xml,Item/Item.wz/Consume/0210.img/02101124/info,Item/Item.wz/Consume/0210.img/02101124/info/icon.png,Item/Item.wz/Consume/0210.img/02101124/info/iconRaw.png
Consume,0210,2101125,Giant Snowman (Lvl 1) - Medium Sack,A monster sack that summons a Giant Snowman.,1,1,,,100,Item/Item.wz/Consume/0210.img.xml,Item/Item.wz/Consume/0210.img/02101125/info,Item/Item.wz/Consume/0210.img/02101125/info/icon.png,Item/Item.wz/Consume/0210.img/02101125/info/iconRaw.png
Consume,0210,2101126,Giant Snowman (Lvl 1) - Hard Sack,A monster sack that summons a Giant Snowman.,1,1,,,100,Item/Item.wz/Consume/0210.img.xml,Item/Item.wz/Consume/0210.img/02101126/info,Item/Item.wz/Consume/0210.img/02101126/info/icon.png,Item/Item.wz/Consume/0210.img/02101126/info/iconRaw.png
Consume,0210,2101127,Cross (Easy) Sack,A monster sack that summons Cross.,1,1,,,100,Item/Item.wz/Consume/0210.img.xml,Item/Item.wz/Consume/0210.img/02101127/info,Item/Item.wz/Consume/0210.img/02101127/info/icon.png,Item/Item.wz/Consume/0210.img/02101127/info/iconRaw.png
Consume,0210,2101128,Cross (Medium) Sack,A monster sack that summons Cross.,1,1,,,100,Item/Item.wz/Consume/0210.img.xml,Item/Item.wz/Consume/0210.img/02101128/info,Item/Item.wz/Consume/0210.img/02101128/info/icon.png,Item/Item.wz/Consume/0210.img/02101128/info/iconRaw.png
Consume,0210,2101129,Cross (Hard) Sack,A monster sack that summons Cross.,1,1,,,100,Item/Item.wz/Consume/0210.img.xml,Item/Item.wz/Consume/0210.img/02101129/info,Item/Item.wz/Consume/0210.img/02101129/info/icon.png,Item/Item.wz/Consume/0210.img/02101129/info/iconRaw.png
Consume,0210,2101130,Summon Christmas Socks,Summons Christmas Sock monsters.,1,1,,,10,Item/Item.wz/Consume/0210.img.xml,Item/Item.wz/Consume/0210.img/02101130/info,Item/Item.wz/Consume/0210.img/02101130/info/icon.png,Item/Item.wz/Consume/0210.img/02101130/info/iconRaw.png
Consume,0210,2101131,Summon Luck Sack,Summons luck sack.,1,1,,,10,Item/Item.wz/Consume/0210.img.xml,Item/Item.wz/Consume/0210.img/02101131/info,Item/Item.wz/Consume/0210.img/02101131/info/icon.png,Item/Item.wz/Consume/0210.img/02101131/info/iconRaw.png
Consume,0210,2101137,Masteria Summoning Bag-Jungle Jam,A mysterious black sack that calls forth monsters from the Krakian Jungle.,1,1,,,100,Item/Item.wz/Consume/0210.img.xml,Item/Item.wz/Consume/0210.img/02101137/info,Item/Item.wz/Consume/0210.img/02101137/info/icon.png,Item/Item.wz/Consume/0210.img/02101137/info/iconRaw.png
Consume,0210,2101138,Masteria Summoning Bag-Corrupted Army,A mysterious black sack that calls forth monsters from Crimsonwood Mountain.,1,1,,,100,Item/Item.wz/Consume/0210.img.xml,Item/Item.wz/Consume/0210.img/02101138/info,Item/Item.wz/Consume/0210.img/02101138/info/icon.png,Item/Item.wz/Consume/0210.img/02101138/info/iconRaw.png
Consume,0210,2101139,Masteria Summoning Bag-Bosses,A mysterious black sack that calls forth powerful monsters from Masteria. Not for the faint of heart!  Bigfoot will stomp nearly anyone!,1,1,,,100,Item/Item.wz/Consume/0210.img.xml,Item/Item.wz/Consume/0210.img/02101139/info,Item/Item.wz/Consume/0210.img/02101139/info/icon.png,Item/Item.wz/Consume/0210.img/02101139/info/iconRaw.png
Consume,0210,2101140,MasteriaPQ Summon Bag1,,1,1,,,10,Item/Item.wz/Consume/0210.img.xml,Item/Item.wz/Consume/0210.img/02101140/info,Item/Item.wz/Consume/0210.img/02101140/info/icon.png,Item/Item.wz/Consume/0210.img/02101140/info/iconRaw.png
Consume,0210,2101141,MasteriaPQ Summon Bag2,,1,1,,,10,Item/Item.wz/Consume/0210.img.xml,Item/Item.wz/Consume/0210.img/02101141/info,Item/Item.wz/Consume/0210.img/02101141/info/icon.png,Item/Item.wz/Consume/0210.img/02101141/info/iconRaw.png
Consume,0210,2101142,MasteriaPQ Summon Bag3,,1,1,,,10,Item/Item.wz/Consume/0210.img.xml,Item/Item.wz/Consume/0210.img/02101142/info,Item/Item.wz/Consume/0210.img/02101142/info/icon.png,Item/Item.wz/Consume/0210.img/02101142/info/iconRaw.png
Consume,0210,2101143,MasteriaPQ Summon Bag4,,1,1,,,10,Item/Item.wz/Consume/0210.img.xml,Item/Item.wz/Consume/0210.img/02101143/info,Item/Item.wz/Consume/0210.img/02101143/info/icon.png,Item/Item.wz/Consume/0210.img/02101143/info/iconRaw.png
Consume,0210,2101144,MasteriaPQ Summon Bag5,,1,1,,,10,Item/Item.wz/Consume/0210.img.xml,Item/Item.wz/Consume/0210.img/02101144/info,Item/Item.wz/Consume/0210.img/02101144/info/icon.png,Item/Item.wz/Consume/0210.img/02101144/info/iconRaw.png
Consume,0210,2101145,MasteriaPQ Summon Bag6,,1,1,,,10,Item/Item.wz/Consume/0210.img.xml,Item/Item.wz/Consume/0210.img/02101145/info,Item/Item.wz/Consume/0210.img/02101145/info/icon.png,Item/Item.wz/Consume/0210.img/02101145/info/iconRaw.png
Consume,0210,2101146,MasteriaPQ Summon Bag7,,1,1,,,10,Item/Item.wz/Consume/0210.img.xml,Item/Item.wz/Consume/0210.img/02101146/info,Item/Item.wz/Consume/0210.img/02101146/info/icon.png,Item/Item.wz/Consume/0210.img/02101146/info/iconRaw.png
Consume,0210,2101147,MasteriaPQ Summon Bag8,,1,1,,,10,Item/Item.wz/Consume/0210.img.xml,Item/Item.wz/Consume/0210.img/02101147/info,Item/Item.wz/Consume/0210.img/02101147/info/icon.png,Item/Item.wz/Consume/0210.img/02101147/info/iconRaw.png
Consume,0210,2101148,MasteriaPQ Summon Bag9,,1,1,,,10,Item/Item.wz/Consume/0210.img.xml,Item/Item.wz/Consume/0210.img/02101148/info,Item/Item.wz/Consume/0210.img/02101148/info/icon.png,Item/Item.wz/Consume/0210.img/02101148/info/iconRaw.png
Consume,0210,2101149,,,1,1,,,10,Item/Item.wz/Consume/0210.img.xml,Item/Item.wz/Consume/0210.img/02101149/info,Item/Item.wz/Consume/0210.img/02101149/info/icon.png,Item/Item.wz/Consume/0210.img/02101149/info/iconRaw.png
Consume,0210,2101150,,,1,1,,,10,Item/Item.wz/Consume/0210.img.xml,Item/Item.wz/Consume/0210.img/02101150/info,Item/Item.wz/Consume/0210.img/02101150/info/icon.png,Item/Item.wz/Consume/0210.img/02101150/info/iconRaw.png
Consume,0210,2101158,Big Puff Daddy Sack,A sack filled with Big Puff Daddys,1,1,,,1,Item/Item.wz/Consume/0210.img.xml,Item/Item.wz/Consume/0210.img/02101158/info,Item/Item.wz/Consume/0210.img/02101158/info/icon.png,Item/Item.wz/Consume/0210.img/02101158/info/iconRaw.png
Consume,0210,2101200,GMEvent_Horntail's Left Head,GMEvent_Horntail's Left Head,1,1,,,100,Item/Item.wz/Consume/0210.img.xml,Item/Item.wz/Consume/0210.img/02101200/info,Item/Item.wz/Consume/0210.img/02101200/info/icon.png,Item/Item.wz/Consume/0210.img/02101200/info/iconRaw.png
Consume,0210,2101201,GMEvent_Horntail's Right Head,GMEvent_Horntail's Right Head,1,1,,,100,Item/Item.wz/Consume/0210.img.xml,Item/Item.wz/Consume/0210.img/02101201/info,Item/Item.wz/Consume/0210.img/02101201/info/icon.png,Item/Item.wz/Consume/0210.img/02101201/info/iconRaw.png
Consume,0210,2101202,GMEvent_Pink Bean,GMEvent_Pink Bean,1,1,,,100,Item/Item.wz/Consume/0210.img.xml,Item/Item.wz/Consume/0210.img/02101202/info,Item/Item.wz/Consume/0210.img/02101202/info/icon.png,Item/Item.wz/Consume/0210.img/02101202/info/iconRaw.png
Consume,0210,2101203,Suspicious Black Sack,"A sack that Cassandra gave you as a gift. On it appears a note that reads ""Open with Friends.""",1,1,,,100,Item/Item.wz/Consume/0210.img.xml,Item/Item.wz/Consume/0210.img/02101203/info,Item/Item.wz/Consume/0210.img/02101203/info/icon.png,Item/Item.wz/Consume/0210.img/02101203/info/iconRaw.png
Consume,0210,2101204,Olivia (30) Monster Sack,Sack containing a Lv. 30 Olivia.,1,1,,,100,Item/Item.wz/Consume/0210.img.xml,Item/Item.wz/Consume/0210.img/02101204/info,Item/Item.wz/Consume/0210.img/02101204/info/icon.png,Item/Item.wz/Consume/0210.img/02101204/info/iconRaw.png
Consume,0210,2101205,Olivia (50) Monster Sack,Sack containing a Lv. 50 Olivia.,1,1,,,100,Item/Item.wz/Consume/0210.img.xml,Item/Item.wz/Consume/0210.img/02101205/info,Item/Item.wz/Consume/0210.img/02101205/info/icon.png,Item/Item.wz/Consume/0210.img/02101205/info/iconRaw.png
Consume,0210,2101206,Olivia (70) Monster Sack,Sack containing a Lv. 70 Olivia.,1,1,,,100,Item/Item.wz/Consume/0210.img.xml,Item/Item.wz/Consume/0210.img/02101206/info,Item/Item.wz/Consume/0210.img/02101206/info/icon.png,Item/Item.wz/Consume/0210.img/02101206/info/iconRaw.png
Consume,0210,2101207,A Parasite Summoning Sack,,1,1,,,100,Item/Item.wz/Consume/0210.img.xml,Item/Item.wz/Consume/0210.img/02101207/info,Item/Item.wz/Consume/0210.img/02101207/info/icon.png,Item/Item.wz/Consume/0210.img/02101207/info/iconRaw.png
Consume,0210,2101208,Andras Summoning Sack,,1,1,,,100,Item/Item.wz/Consume/0210.img.xml,Item/Item.wz/Consume/0210.img/02101208/info,Item/Item.wz/Consume/0210.img/02101208/info/icon.png,Item/Item.wz/Consume/0210.img/02101208/info/iconRaw.png
Consume,0210,2101209,Marbas Summoning Sack,,1,1,,,100,Item/Item.wz/Consume/0210.img.xml,Item/Item.wz/Consume/0210.img/02101209/info,Item/Item.wz/Consume/0210.img/02101209/info/icon.png,Item/Item.wz/Consume/0210.img/02101209/info/iconRaw.png
Consume,0210,2101210,Amdusias Summoning Sack,,1,1,,,100,Item/Item.wz/Consume/0210.img.xml,Item/Item.wz/Consume/0210.img/02101210/info,Item/Item.wz/Consume/0210.img/02101210/info/icon.png,Item/Item.wz/Consume/0210.img/02101210/info/iconRaw.png
Consume,0210,2101211,Valefor Summoning Sack,,1,1,,,100,Item/Item.wz/Consume/0210.img.xml,Item/Item.wz/Consume/0210.img/02101211/info,Item/Item.wz/Consume/0210.img/02101211/info/icon.png,Item/Item.wz/Consume/0210.img/02101211/info/iconRaw.png
Consume,0210,2101212,Crocell Summoning Sack,,1,1,,,100,Item/Item.wz/Consume/0210.img.xml,Item/Item.wz/Consume/0210.img/02101212/info,Item/Item.wz/Consume/0210.img/02101212/info/icon.png,Item/Item.wz/Consume/0210.img/02101212/info/iconRaw.png
Consume,0210,2101213,Astaroth Summoning Sack,,1,1,,,100,Item/Item.wz/Consume/0210.img.xml,Item/Item.wz/Consume/0210.img/02101213/info,Item/Item.wz/Consume/0210.img/02101213/info/icon.png,Item/Item.wz/Consume/0210.img/02101213/info/iconRaw.png
Consume,0210,2101236,GMEvent_Pink Bean2,GMEvent_Pink Bean2,1,1,,,100,Item/Item.wz/Consume/0210.img.xml,Item/Item.wz/Consume/0210.img/02101236/info,Item/Item.wz/Consume/0210.img/02101236/info/icon.png,Item/Item.wz/Consume/0210.img/02101236/info/iconRaw.png
Consume,0210,2102000,Monster Attack Lvl 1,"Summons 3 Slimes, Pigs, Orange Mushrooms, Bubblings, Octopuses, Green Mushrooms, and Horny Mushrooms each.",1,1,1,,100,Item/Item.wz/Consume/0210.img.xml,Item/Item.wz/Consume/0210.img/02102000/info,Item/Item.wz/Consume/0210.img/02102000/info/icon.png,Item/Item.wz/Consume/0210.img/02102000/info/iconRaw.png
Consume,0210,2102001,Monster Attack Lvl 2,"Summons 3 Drumming Bunnies, Ligators, Ratz, Star Pixie's, Jr. Wraith's, and Jr. Pepe's each.",1,1,1,,100,Item/Item.wz/Consume/0210.img.xml,Item/Item.wz/Consume/0210.img/02102001/info,Item/Item.wz/Consume/0210.img/02102001/info/icon.png,Item/Item.wz/Consume/0210.img/02102001/info/iconRaw.png
Consume,0210,2102002,Monster Attack Lvl 3,"Summons 3 Panda Teddy's, King Bloctopuses, Lorangs, Zombie Lupins, Hellies, and Tweeters each.",1,1,1,,100,Item/Item.wz/Consume/0210.img.xml,Item/Item.wz/Consume/0210.img/02102002/info,Item/Item.wz/Consume/0210.img/02102002/info/icon.png,Item/Item.wz/Consume/0210.img/02102002/info/iconRaw.png
Consume,0210,2102003,Monster Attack Lvl 4,"Summons 3 Toy Trojans, King Block Golems, Wraiths, Cheif Grey's, and Mixed Golems each.",1,1,1,,100,Item/Item.wz/Consume/0210.img.xml,Item/Item.wz/Consume/0210.img/02102003/info,Item/Item.wz/Consume/0210.img/02102003/info/icon.png,Item/Item.wz/Consume/0210.img/02102003/info/iconRaw.png
Consume,0210,2102004,Monster Attack Lvl 5,"Summons 3 Mushmoms, Red Drakes, Ice Drakes, Master Soul Teddy's, and Dark Yeti's each.",1,1,1,,100,Item/Item.wz/Consume/0210.img.xml,Item/Item.wz/Consume/0210.img/02102004/info,Item/Item.wz/Consume/0210.img/02102004/info/icon.png,Item/Item.wz/Consume/0210.img/02102004/info/iconRaw.png
Consume,0210,2102005,Monster Attack Lvl 6,"Summons 3 Taurospears, King Blue Goblins, Luinels, Werewolves, and Yeti & Pepes each.",1,1,1,,100,Item/Item.wz/Consume/0210.img.xml,Item/Item.wz/Consume/0210.img/02102005/info,Item/Item.wz/Consume/0210.img/02102005/info/icon.png,Item/Item.wz/Consume/0210.img/02102005/info/iconRaw.png
Consume,0210,2102006,Monster Attack Lvl 7,"Summons 3 Lycanthropes, Death Teddy's, Gigantic Spirit Vikings, and G. Phantom Watches each.",1,1,1,,100,Item/Item.wz/Consume/0210.img.xml,Item/Item.wz/Consume/0210.img/02102006/info,Item/Item.wz/Consume/0210.img/02102006/info/icon.png,Item/Item.wz/Consume/0210.img/02102006/info/iconRaw.png
Consume,0210,2102007,Monster Attack Lvl 8,"Summons 5 Bains, 2 Jr. Balrogs, and 1 Crimson Balrog.",1,1,1,,100,Item/Item.wz/Consume/0210.img.xml,Item/Item.wz/Consume/0210.img/02102007/info,Item/Item.wz/Consume/0210.img/02102007/info/icon.png,Item/Item.wz/Consume/0210.img/02102007/info/iconRaw.png
Consume,0210,2102008,Monster Attack Package 1,Summons one of each monsters featured in Monster Attack Level 1 ~ Level 3.,1,1,1,,100,Item/Item.wz/Consume/0210.img.xml,Item/Item.wz/Consume/0210.img/02102008/info,Item/Item.wz/Consume/0210.img/02102008/info/icon.png,Item/Item.wz/Consume/0210.img/02102008/info/iconRaw.png
Consume,0210,2102009,Monster Attack Package 2,Summons one of each monsters featured in Monster Attack Level 4 ~ Level 7.,1,1,1,,100,Item/Item.wz/Consume/0210.img.xml,Item/Item.wz/Consume/0210.img/02102009/info,Item/Item.wz/Consume/0210.img/02102009/info/icon.png,Item/Item.wz/Consume/0210.img/02102009/info/iconRaw.png
Consume,0210,2109000,Monster Marble,A marble that contains poisoned monsters. Use it to bring out the poisoned monster from the marble.,1,1,,,100,Item/Item.wz/Consume/0210.img.xml,Item/Item.wz/Consume/0210.img/02109000/info,Item/Item.wz/Consume/0210.img/02109000/info/icon.png,Item/Item.wz/Consume/0210.img/02109000/info/iconRaw.png
Consume,0210,2109001,1st Monster Marble,A marble that contains poisoned monsters on the 1st floor. Use it to bring out the poisoned monster from the marble.,1,1,,,100,Item/Item.wz/Consume/0210.img.xml,Item/Item.wz/Consume/0210.img/02109001/info,Item/Item.wz/Consume/0210.img/02109001/info/icon.png,Item/Item.wz/Consume/0210.img/02109001/info/iconRaw.png
Consume,0210,2109002,2nd Monster Marble,A marble that contains poisoned monsters on the 2nd floor. Use it to bring out the poisoned monster from the marble.,1,1,,,100,Item/Item.wz/Consume/0210.img.xml,Item/Item.wz/Consume/0210.img/02109002/info,Item/Item.wz/Consume/0210.img/02109002/info/icon.png,Item/Item.wz/Consume/0210.img/02109002/info/iconRaw.png
Consume,0210,2109003,3rd Monster Marble,A marble that contains poisoned monsters on the 3rd floor. Use it to bring out the poisoned monster from the marble.,1,1,,,100,Item/Item.wz/Consume/0210.img.xml,Item/Item.wz/Consume/0210.img/02109003/info,Item/Item.wz/Consume/0210.img/02109003/info/icon.png,Item/Item.wz/Consume/0210.img/02109003/info/iconRaw.png
Consume,0210,2109004,Steal Sheep Wool,Summons a bomb to steel wool from sheep.,1,1,,,50,Item/Item.wz/Consume/0210.img.xml,Item/Item.wz/Consume/0210.img/02109004/info,Item/Item.wz/Consume/0210.img/02109004/info/icon.png,Item/Item.wz/Consume/0210.img/02109004/info/iconRaw.png
Consume,0210,2109005,Plant a Rose Thorn,Plants a Rose Thorn Bush to keep Wolves away.,1,1,,,30,Item/Item.wz/Consume/0210.img.xml,Item/Item.wz/Consume/0210.img/02109005/info,Item/Item.wz/Consume/0210.img/02109005/info/icon.png,Item/Item.wz/Consume/0210.img/02109005/info/iconRaw.png
Consume,0210,2109006,Pharaoh Yeti Summoning Bag,Summons Pharaoh Yeti.,1,1,1,,1,Item/Item.wz/Consume/0210.img.xml,Item/Item.wz/Consume/0210.img/02109006/info,Item/Item.wz/Consume/0210.img/02109006/info/icon.png,Item/Item.wz/Consume/0210.img/02109006/info/iconRaw.png
Consume,0210,2109007,Pharaoh Yeti Summoning Bag,Summons Pharaoh Yeti in 90 seconds.,1,1,1,,1,Item/Item.wz/Consume/0210.img.xml,Item/Item.wz/Consume/0210.img/02109007/info,Item/Item.wz/Consume/0210.img/02109007/info/icon.png,Item/Item.wz/Consume/0210.img/02109007/info/iconRaw.png
Consume,0210,2109008,Bubbling Summoning Bag,For use in the restricted bonus map area of the subway station.,1,1,,,100,Item/Item.wz/Consume/0210.img.xml,Item/Item.wz/Consume/0210.img/02109008/info,Item/Item.wz/Consume/0210.img/02109008/info/icon.png,Item/Item.wz/Consume/0210.img/02109008/info/iconRaw.png
Consume,0210,2109009,Jr. Yeti Pharaoh Summoning Bag,"Summons Jr. Yeti Pharaoh for the bonus stage of Nett's Pyramid (Easy, Normal, Hard)",1,1,,,100,Item/Item.wz/Consume/0210.img.xml,Item/Item.wz/Consume/0210.img/02109009/info,Item/Item.wz/Consume/0210.img/02109009/info/icon.png,Item/Item.wz/Consume/0210.img/02109009/info/iconRaw.png
Consume,0210,2109010,Jr. Yeti Pharaoh Summoning Bag,Summons Jr. Yeti Pharaoh for the bonus stage of Nett's Pyramid (Hell Mode),1,1,,,100,Item/Item.wz/Consume/0210.img.xml,Item/Item.wz/Consume/0210.img/02109010/info,Item/Item.wz/Consume/0210.img/02109010/info/icon.png,Item/Item.wz/Consume/0210.img/02109010/info/iconRaw.png
Consume,0212,2120000,Pet Food,Small pets love them. Recovers 30 Fullness. NOT for human!,1,1,15,,200,Item/Item.wz/Consume/0212.img.xml,Item/Item.wz/Consume/0212.img/02120000/info,Item/Item.wz/Consume/0212.img/02120000/info/icon.png,Item/Item.wz/Consume/0212.img/02120000/info/iconRaw.png
Consume,0212,2120008,Dry Treat,"A high-quality dry treat that the Pigmies love. Pets love them, too.",1,1,190,,200,Item/Item.wz/Consume/0212.img.xml,Item/Item.wz/Consume/0212.img/02120008/info,Item/Item.wz/Consume/0212.img/02120008/info/icon.png,Item/Item.wz/Consume/0212.img/02120008/info/iconRaw.png
Consume,0216,2160101,New Year's Card,Double-click on the item to send a New Year's card to a character of your choice.,1,1,1,,1,Item/Item.wz/Consume/0216.img.xml,Item/Item.wz/Consume/0216.img/02160101/info,Item/Item.wz/Consume/0216.img/02160101/info/icon.png,Item/Item.wz/Consume/0216.img/02160101/info/iconRaw.png
Consume,0219,2190000,Lie Detector Test,Can be used on suspected botters. Usable only when a suspect is hunting.,1,1,9500,,,Item/Item.wz/Consume/0219.img.xml,Item/Item.wz/Consume/0219.img/02190000/info,Item/Item.wz/Consume/0219.img/02190000/info/icon.png,Item/Item.wz/Consume/0219.img/02190000/info/iconRaw.png
Consume,0221,2210000,Orange Mushroom Piece,"A crystal piece that resembles Orange Mushroom. When used, the crystal will melt into the body, and its mythical power will transform the user into Orange Mushroom. This mythical power will last for an hour.",1,1,100,,200,Item/Item.wz/Consume/0221.img.xml,Item/Item.wz/Consume/0221.img/02210000/info,Item/Item.wz/Consume/0221.img/02210000/info/icon.png,Item/Item.wz/Consume/0221.img/02210000/info/iconRaw.png
Consume,0221,2210001,Ribbon Pig Piece,"A crystal piece that resembles Ribbon Pig. When used, the crystal will melt into the body, and its mythical power will transform the user into Ribbon Pig. This mythical power will last for an hour.",1,1,100,,200,Item/Item.wz/Consume/0221.img.xml,Item/Item.wz/Consume/0221.img/02210001/info,Item/Item.wz/Consume/0221.img/02210001/info/icon.png,Item/Item.wz/Consume/0221.img/02210001/info/iconRaw.png
Consume,0221,2210002,Grey Piece,"A crystal piece that resembles Grey. When used, the crystal will melt into the body, and its mythical power will transform the user into Grey. This mythical power will last for an hour.",1,1,100,,200,Item/Item.wz/Consume/0221.img.xml,Item/Item.wz/Consume/0221.img/02210002/info,Item/Item.wz/Consume/0221.img/02210002/info/icon.png,Item/Item.wz/Consume/0221.img/02210002/info/iconRaw.png
Consume,0221,2210003,Dragon Elixir,A mysterious elixir made by Moira which enables anyone that drinks this potion to temporarily transform into a dragon.,1,1,100,,200,Item/Item.wz/Consume/0221.img.xml,Item/Item.wz/Consume/0221.img/02210003/info,Item/Item.wz/Consume/0221.img/02210003/info/icon.png,Item/Item.wz/Consume/0221.img/02210003/info/iconRaw.png
Consume,0221,2210004,Blue Ribbon Pig Piece,"A crystal piece that resembles Blue Ribbon Pig. When used, the crystal will melt into the body, and its mythical power will transform the user into Blue Ribbon Pig. This mythical power will last for an hour.",1,1,5000,,200,Item/Item.wz/Consume/0221.img.xml,Item/Item.wz/Consume/0221.img/02210004/info,Item/Item.wz/Consume/0221.img/02210004/info/icon.png,Item/Item.wz/Consume/0221.img/02210004/info/iconRaw.png
Consume,0221,2210005,Tigun Transformation Bundle.,"A secret medicine that allows you to transform into Tigun, the patrol guard.",1,1,100,,200,Item/Item.wz/Consume/0221.img.xml,Item/Item.wz/Consume/0221.img/02210005/info,Item/Item.wz/Consume/0221.img/02210005/info/icon.png,Item/Item.wz/Consume/0221.img/02210005/info/iconRaw.png
Consume,0221,2210006,Rainbow-colored Snail Shell,A special shell only found through Mano. Apparently it's powerful enough to grant a wish...,1,1,100,,200,Item/Item.wz/Consume/0221.img.xml,Item/Item.wz/Consume/0221.img/02210006/info,Item/Item.wz/Consume/0221.img/02210006/info/icon.png,Item/Item.wz/Consume/0221.img/02210006/info/iconRaw.png
Consume,0221,2210007,Change to Ghost,"First the body feels light, then all of a sudden, you're floating. Oh no, you're a ghost!",1,1,1,,200,Item/Item.wz/Consume/0221.img.xml,Item/Item.wz/Consume/0221.img/02210007/info,Item/Item.wz/Consume/0221.img/02210007/info/icon.png,Item/Item.wz/Consume/0221.img/02210007/info/iconRaw.png
Consume,0221,2210008,Ghost Candy,A ghost-shaped candy with a mysterious set of ingredients. Apparently it has some special powers.,1,1,1,,200,Item/Item.wz/Consume/0221.img.xml,Item/Item.wz/Consume/0221.img/02210008/info,Item/Item.wz/Consume/0221.img/02210008/info/icon.png,Item/Item.wz/Consume/0221.img/02210008/info/iconRaw.png
Consume,0221,2210009,Sophillia's Abandoned Doll,"An abandoned doll that Sophillia threw away a long time ago, but revived by the Masked Man. Pet its hair, and you'll turn into Sophillia for 3 minutes.",1,1,1,,1,Item/Item.wz/Consume/0221.img.xml,Item/Item.wz/Consume/0221.img/02210009/info,Item/Item.wz/Consume/0221.img/02210009/info/icon.png,Item/Item.wz/Consume/0221.img/02210009/info/iconRaw.png
Consume,0221,2210010,Potion of Transformation,"The moment this potion is taken, you'll become a powerful, otherworldly being.",1,1,1,,100,Item/Item.wz/Consume/0221.img.xml,Item/Item.wz/Consume/0221.img/02210010/info,Item/Item.wz/Consume/0221.img/02210010/info/icon.png,Item/Item.wz/Consume/0221.img/02210010/info/iconRaw.png
Consume,0221,2210011,Potion of Transformation,"The moment this potion is taken, you'll become a powerful, otherworldly being.",1,1,1,,100,Item/Item.wz/Consume/0221.img.xml,Item/Item.wz/Consume/0221.img/02210011/info,Item/Item.wz/Consume/0221.img/02210011/info/icon.png,Item/Item.wz/Consume/0221.img/02210011/info/iconRaw.png
Consume,0221,2210012,Change to Mouse,"Transform into a small, tiny mouse.",1,1,1,,100,Item/Item.wz/Consume/0221.img.xml,Item/Item.wz/Consume/0221.img/02210012/info,Item/Item.wz/Consume/0221.img/02210012/info/icon.png,Item/Item.wz/Consume/0221.img/02210012/info/iconRaw.png
Consume,0221,2210016,Mini Draco Transformation,The mysterious skills of an old halfling has transformed you into a form of a dragon. You can now fly.,1,1,1,,100,Item/Item.wz/Consume/0221.img.xml,Item/Item.wz/Consume/0221.img/02210016/info,Item/Item.wz/Consume/0221.img/02210016/info/icon.png,Item/Item.wz/Consume/0221.img/02210016/info/iconRaw.png
Consume,0221,2210017,Moon Photo,"The more you look at it, the more you feel lightheaded… and you feel closer to the moon.",1,1,1,,,Item/Item.wz/Consume/0221.img.xml,Item/Item.wz/Consume/0221.img/02210017/info,Item/Item.wz/Consume/0221.img/02210017/info/icon.png,Item/Item.wz/Consume/0221.img/02210017/info/iconRaw.png
Consume,0221,2210018,Sweet Rice Cake,"A sweet, delicious rice cake. Sometimes creates an interesting set of powers.",1,1,1,,,Item/Item.wz/Consume/0221.img.xml,Item/Item.wz/Consume/0221.img/02210018/info,Item/Item.wz/Consume/0221.img/02210018/info/icon.png,Item/Item.wz/Consume/0221.img/02210018/info/iconRaw.png
Consume,0221,2210021,Gaga Transformation Potion,"The moment you drink this potion, you'll become the biggest star in the world of Maple, Gaga.",1,1,1,,,Item/Item.wz/Consume/0221.img.xml,Item/Item.wz/Consume/0221.img/02210021/info,Item/Item.wz/Consume/0221.img/02210021/info/icon.png,Item/Item.wz/Consume/0221.img/02210021/info/iconRaw.png
Consume,0221,2210022,Peto Transformation Potion,A transformation potion from the masked gentleman that allows you to transform into Peto for 15 minutes.,1,1,1,,1,Item/Item.wz/Consume/0221.img.xml,Item/Item.wz/Consume/0221.img/02210022/info,Item/Item.wz/Consume/0221.img/02210022/info/icon.png,Item/Item.wz/Consume/0221.img/02210022/info/iconRaw.png
Consume,0221,2210030,Geppetto Transformation,"You've entered a fable and transformed into Geppetto. You’re feel a bit sluggish, but do your best to leave the dungeon with your party members.",1,1,1,,,Item/Item.wz/Consume/0221.img.xml,Item/Item.wz/Consume/0221.img/02210030/info,Item/Item.wz/Consume/0221.img/02210030/info/icon.png,Item/Item.wz/Consume/0221.img/02210030/info/iconRaw.png
Consume,0221,2210032,Cody's Picture,A picture given by Cody of himself.  I get a feeling something fun will happen when I use it.,1,1,1,,,Item/Item.wz/Consume/0221.img.xml,Item/Item.wz/Consume/0221.img/02210032/info,Item/Item.wz/Consume/0221.img/02210032/info/icon.png,Item/Item.wz/Consume/0221.img/02210032/info/iconRaw.png
Consume,0221,2210033,Cake Picture,A picture of a delicious cake that Cody gave as a gift.  I get a feeling something funny with happen when I use it.,1,1,1,,,Item/Item.wz/Consume/0221.img.xml,Item/Item.wz/Consume/0221.img/02210033/info,Item/Item.wz/Consume/0221.img/02210033/info/icon.png,Item/Item.wz/Consume/0221.img/02210033/info/iconRaw.png
Consume,0221,2210034,Alien Gray Transformation,"The mysterious force emanating from the crystal statue shall be absorbed into your body, and you will no longer find yourself as you are.",1,1,0,,1,Item/Item.wz/Consume/0221.img.xml,Item/Item.wz/Consume/0221.img/02210034/info,Item/Item.wz/Consume/0221.img/02210034/info/icon.png,Item/Item.wz/Consume/0221.img/02210034/info/iconRaw.png
Consume,0221,2210035,Penguin Transformation 1,Will transform you into a penguin.,1,1,0,,1,Item/Item.wz/Consume/0221.img.xml,Item/Item.wz/Consume/0221.img/02210035/info,Item/Item.wz/Consume/0221.img/02210035/info/icon.png,Item/Item.wz/Consume/0221.img/02210035/info/iconRaw.png
Consume,0221,2210036,Penguin Transformation 2,Will transform you into a penguin.,1,1,0,,1,Item/Item.wz/Consume/0221.img.xml,Item/Item.wz/Consume/0221.img/02210036/info,Item/Item.wz/Consume/0221.img/02210036/info/icon.png,Item/Item.wz/Consume/0221.img/02210036/info/iconRaw.png
Consume,0221,2210037,Penguin Transformation 3,Will transform you into a penguin.,1,1,0,,1,Item/Item.wz/Consume/0221.img.xml,Item/Item.wz/Consume/0221.img/02210037/info,Item/Item.wz/Consume/0221.img/02210037/info/icon.png,Item/Item.wz/Consume/0221.img/02210037/info/iconRaw.png
Consume,0221,2210038,Penguin Transformation 4,Will transform you into a penguin.,1,1,0,,1,Item/Item.wz/Consume/0221.img.xml,Item/Item.wz/Consume/0221.img/02210038/info,Item/Item.wz/Consume/0221.img/02210038/info/icon.png,Item/Item.wz/Consume/0221.img/02210038/info/iconRaw.png
Consume,0221,2210039,Penguin Transformation 5,Will transform you into a penguin.,1,1,0,,1,Item/Item.wz/Consume/0221.img.xml,Item/Item.wz/Consume/0221.img/02210039/info,Item/Item.wz/Consume/0221.img/02210039/info/icon.png,Item/Item.wz/Consume/0221.img/02210039/info/iconRaw.png
Consume,0221,2210043,Leech Costume,An offensive-looking leech costume. Can be worn to trick your friends.,1,1,1,,,Item/Item.wz/Consume/0221.img.xml,Item/Item.wz/Consume/0221.img/02210043/info,Item/Item.wz/Consume/0221.img/02210043/info/icon.png,Item/Item.wz/Consume/0221.img/02210043/info/iconRaw.png
Consume,0221,2211000,Cliff's Special Potion,"No one knows what you'll transform into when you drink this, but something WILL happen for one hour.  It's all about the risk...",1,1,1,,100,Item/Item.wz/Consume/0221.img.xml,Item/Item.wz/Consume/0221.img/02211000/info,Item/Item.wz/Consume/0221.img/02211000/info/icon.png,Item/Item.wz/Consume/0221.img/02211000/info/iconRaw.png
Consume,0221,2212000,Maplemas Party Potion,Double-click on this to transform a character of your choice. Which one? Try it and find out!,1,1,1,,100,Item/Item.wz/Consume/0221.img.xml,Item/Item.wz/Consume/0221.img/02212000/info,Item/Item.wz/Consume/0221.img/02212000/info/icon.png,Item/Item.wz/Consume/0221.img/02212000/info/iconRaw.png
Consume,0224,2240000,Moonstone Engagement Ring Box,Engagement Ring made of Moon Rock. The ring will be inside a wrapped box. Required for proposal.,1,1,1,,1,Item/Item.wz/Consume/0224.img.xml,Item/Item.wz/Consume/0224.img/02240000/info,Item/Item.wz/Consume/0224.img/02240000/info/icon.png,Item/Item.wz/Consume/0224.img/02240000/info/iconRaw.png
Consume,0224,2240001,Star gem Engagement Ring Box,Engagement Ring made of Star Rock. The ring will be inside a wrapped box. Required for proposal.,1,1,1,,1,Item/Item.wz/Consume/0224.img.xml,Item/Item.wz/Consume/0224.img/02240001/info,Item/Item.wz/Consume/0224.img/02240001/info/icon.png,Item/Item.wz/Consume/0224.img/02240001/info/iconRaw.png
Consume,0224,2240002,Golden Heart Engagement Ring Box,Engagement Ring made of gold. The ring will be inside a wrapped box. Required for proposal.,1,1,1,,1,Item/Item.wz/Consume/0224.img.xml,Item/Item.wz/Consume/0224.img/02240002/info,Item/Item.wz/Consume/0224.img/02240002/info/icon.png,Item/Item.wz/Consume/0224.img/02240002/info/iconRaw.png
Consume,0224,2240003,Silver Swan Engagement Ring Box,Engagement Ring made of silver. The ring will be inside a wrapped box. Required for proposal.,1,1,1,,1,Item/Item.wz/Consume/0224.img.xml,Item/Item.wz/Consume/0224.img/02240003/info,Item/Item.wz/Consume/0224.img/02240003/info/icon.png,Item/Item.wz/Consume/0224.img/02240003/info/iconRaw.png
Consume,0226,2260000,Revitalizer,Restores tamed monster's fatigue level by 30.,1,1,500,,200,Item/Item.wz/Consume/0226.img.xml,Item/Item.wz/Consume/0226.img/02260000/info,Item/Item.wz/Consume/0226.img/02260000/info/icon.png,Item/Item.wz/Consume/0226.img/02260000/info/iconRaw.png
Consume,0227,2270000,Pheromone Perfume,A perfume created by Kenta using Pheromone. Enables the user to tame hogs down at the Korean Folk Village.,1,1,,,,Item/Item.wz/Consume/0227.img.xml,Item/Item.wz/Consume/0227.img/02270000/info,Item/Item.wz/Consume/0227.img/02270000/info/icon.png,Item/Item.wz/Consume/0227.img/02270000/info/iconRaw.png
Consume,0227,2270001,Pouch,A pouch with a jewel on the surface. Possesses a special power in that double-clicking the pouch will suck up the surrounding ghosts in the area.,1,1,1,,,Item/Item.wz/Consume/0227.img.xml,Item/Item.wz/Consume/0227.img/02270001/info,Item/Item.wz/Consume/0227.img/02270001/info/icon.png,Item/Item.wz/Consume/0227.img/02270001/info/iconRaw.png
Consume,0227,2270002,Element Rock,A special alchemist tool that converts an absorbed power of monster into a jewel. The inner part seems to be slightly transparent.,1,1,1,,,Item/Item.wz/Consume/0227.img.xml,Item/Item.wz/Consume/0227.img/02270002/info,Item/Item.wz/Consume/0227.img/02270002/info/icon.png,Item/Item.wz/Consume/0227.img/02270002/info/iconRaw.png
Consume,0227,2270003,Cliff's Magic Cane,A magic cane that tames the lost Rudolph.,1,1,1,,,Item/Item.wz/Consume/0227.img.xml,Item/Item.wz/Consume/0227.img/02270003/info,Item/Item.wz/Consume/0227.img/02270003/info/icon.png,Item/Item.wz/Consume/0227.img/02270003/info/iconRaw.png
Consume,0227,2270004,Purification Marble,It's a special magic marble that can contain and purify a monster.,1,1,1,,,Item/Item.wz/Consume/0227.img.xml,Item/Item.wz/Consume/0227.img/02270004/info,Item/Item.wz/Consume/0227.img/02270004/info/icon.png,Item/Item.wz/Consume/0227.img/02270004/info/iconRaw.png
Consume,0227,2270005,1st Transparent Marble,A special magic marble that can contain a poisoned monster on the 1st floor.,1,1,1,,,Item/Item.wz/Consume/0227.img.xml,Item/Item.wz/Consume/0227.img/02270005/info,Item/Item.wz/Consume/0227.img/02270005/info/icon.png,Item/Item.wz/Consume/0227.img/02270005/info/iconRaw.png
Consume,0227,2270006,2nd Transparent Marble,A special magic marble that can contain a poisoned monster on the 2nd floor.,1,1,1,,,Item/Item.wz/Consume/0227.img.xml,Item/Item.wz/Consume/0227.img/02270006/info,Item/Item.wz/Consume/0227.img/02270006/info/icon.png,Item/Item.wz/Consume/0227.img/02270006/info/iconRaw.png
Consume,0227,2270007,3rd Transparent Marble,A special magic marble that can contain a poisoned monster on the 3rd floor.,1,1,1,,,Item/Item.wz/Consume/0227.img.xml,Item/Item.wz/Consume/0227.img/02270007/info,Item/Item.wz/Consume/0227.img/02270007/info/icon.png,Item/Item.wz/Consume/0227.img/02270007/info/iconRaw.png
Consume,0227,2270008,Fish Net,A fish net intended to catch something. Can be used with Gaga.,1,1,1,,200,Item/Item.wz/Consume/0227.img.xml,Item/Item.wz/Consume/0227.img/02270008/info,Item/Item.wz/Consume/0227.img/02270008/info/icon.png,Item/Item.wz/Consume/0227.img/02270008/info/iconRaw.png
Consume,0227,2270009,Red Ribbon Pig,A red ribbon that helps catch Maze Pig.,1,1,1,,,Item/Item.wz/Consume/0227.img.xml,Item/Item.wz/Consume/0227.img/02270009/info,Item/Item.wz/Consume/0227.img/02270009/info/icon.png,Item/Item.wz/Consume/0227.img/02270009/info/iconRaw.png
Consume,0227,2270010,Green Ribbon Pig,A green ribbon that helps catch Maze Pig.,1,1,1,,,Item/Item.wz/Consume/0227.img.xml,Item/Item.wz/Consume/0227.img/02270010/info,Item/Item.wz/Consume/0227.img/02270010/info/icon.png,Item/Item.wz/Consume/0227.img/02270010/info/iconRaw.png
Consume,0227,2270011,Blue Ribbon Pig,A blue ribbon that helps catch Maze Pig.,1,1,1,,,Item/Item.wz/Consume/0227.img.xml,Item/Item.wz/Consume/0227.img/02270011/info,Item/Item.wz/Consume/0227.img/02270011/info/icon.png,Item/Item.wz/Consume/0227.img/02270011/info/iconRaw.png
Consume,0227,2270012,Purple Ribbon Pig,A purple ribbon that helps catch Maze Pig.,1,1,1,,,Item/Item.wz/Consume/0227.img.xml,Item/Item.wz/Consume/0227.img/02270012/info,Item/Item.wz/Consume/0227.img/02270012/info/icon.png,Item/Item.wz/Consume/0227.img/02270012/info/iconRaw.png
Consume,0228,2280000,Lava Bottle,"A glass bottle that contains an actual lava, which is waiting to be spilled out. Drink this lava, and the lava will consume the body with fire, which will enable the drinker to master Fire Demon.",1,1,1,,1,Item/Item.wz/Consume/0228.img.xml,Item/Item.wz/Consume/0228.img/02280000/info,Item/Item.wz/Consume/0228.img/02280000/info/icon.png,Item/Item.wz/Consume/0228.img/02280000/info/iconRaw.png
Consume,0228,2280001,Black Cloud Machine,A mechanical device that produces black clouds. Enables the character to acquire the Smokescreen skill using the clouds.,1,1,1,,1,Item/Item.wz/Consume/0228.img.xml,Item/Item.wz/Consume/0228.img/02280001/info,Item/Item.wz/Consume/0228.img/02280001/info/icon.png,Item/Item.wz/Consume/0228.img/02280001/info/iconRaw.png
Consume,0228,2280002,Firm Hand,A stimulant packaged inside a bottle that resembles a clenched fist. Drinking the stimulant will allow the character to acquire The Will of a Warrior.,1,1,1,,1,Item/Item.wz/Consume/0228.img.xml,Item/Item.wz/Consume/0228.img/02280002/info,Item/Item.wz/Consume/0228.img/02280002/info/icon.png,Item/Item.wz/Consume/0228.img/02280002/info/iconRaw.png
Consume,0228,2280003,[Skill Book] Maple Hero,You can learn #cMaple Hero# with this book.rnJob : All 4th jobsrnCondition : #cMaple Hero# not acquired.,1,1,1,,1,Item/Item.wz/Consume/0228.img.xml,Item/Item.wz/Consume/0228.img/02280003/info,Item/Item.wz/Consume/0228.img/02280003/info/icon.png,Item/Item.wz/Consume/0228.img/02280003/info/iconRaw.png
Consume,0228,2280004,[Skill Book] Infinity,You can learn #Infinity# with this book.rnJob : 4th Advancement MagicianrnCondition : #cInfinity# not acquired,1,1,1,,1,Item/Item.wz/Consume/0228.img.xml,Item/Item.wz/Consume/0228.img/02280004/info,Item/Item.wz/Consume/0228.img/02280004/info/icon.png,Item/Item.wz/Consume/0228.img/02280004/info/iconRaw.png
Consume,0228,2280005,[Skill Book] Dragon's Breath,You can learn #cDragon's Breath# with this book.wnJob : 4th Advancement BowmanrnCondition : #cDragon's Breath# not acquired,1,1,1,,1,Item/Item.wz/Consume/0228.img.xml,Item/Item.wz/Consume/0228.img/02280005/info,Item/Item.wz/Consume/0228.img/02280005/info/icon.png,Item/Item.wz/Consume/0228.img/02280005/info/iconRaw.png
Consume,0228,2280006,[Skill Book] Taunt,You can learn #cTaunt# with this book.rnJob : 4th Advancement ThiefrnCondition : #cTaunt# not acquired,1,1,1,,1,Item/Item.wz/Consume/0228.img.xml,Item/Item.wz/Consume/0228.img/02280006/info,Item/Item.wz/Consume/0228.img/02280006/info/icon.png,Item/Item.wz/Consume/0228.img/02280006/info/iconRaw.png
Consume,0228,2280007,[Skill Book] Advanced Combo Attack,You can learn #cAdvanced Combo Attack# with this book.rnClass : HerornCondition : #cAdvanced Combo# not acquired,1,1,1,,1,Item/Item.wz/Consume/0228.img.xml,Item/Item.wz/Consume/0228.img/02280007/info,Item/Item.wz/Consume/0228.img/02280007/info/icon.png,Item/Item.wz/Consume/0228.img/02280007/info/iconRaw.png
Consume,0228,2280008,[Skill Book] Advanced Charge,You can learn #cAdvanced Charge# with this book.rnClass : PaladinrnCondition : #cAdvanced Charge# not acquired,1,1,1,,1,Item/Item.wz/Consume/0228.img.xml,Item/Item.wz/Consume/0228.img/02280008/info,Item/Item.wz/Consume/0228.img/02280008/info/icon.png,Item/Item.wz/Consume/0228.img/02280008/info/iconRaw.png
Consume,0228,2280009,[Skill Book] Angel Ray,You can learn #cAngel Ray# with this book.rnClass : BishoprnCondition : #cAngel Ray# not acquired,1,1,1,,1,Item/Item.wz/Consume/0228.img.xml,Item/Item.wz/Consume/0228.img/02280009/info,Item/Item.wz/Consume/0228.img/02280009/info/icon.png,Item/Item.wz/Consume/0228.img/02280009/info/iconRaw.png
Consume,0228,2280010,[Skill Book] Triple Throw,You can learn #cTriple Throw# with this book.rnClass : Night LordrnCondition : #cTriple Throw# not acquired,1,1,1,,1,Item/Item.wz/Consume/0228.img.xml,Item/Item.wz/Consume/0228.img/02280010/info,Item/Item.wz/Consume/0228.img/02280010/info/icon.png,Item/Item.wz/Consume/0228.img/02280010/info/iconRaw.png
Consume,0228,2280011,Ancient Ice Powder,"This is a pack full of ancient ice powder. If you eat this,  you will feel chilled and can learn Ice Demon.",1,1,1,,1,Item/Item.wz/Consume/0228.img.xml,Item/Item.wz/Consume/0228.img/02280011/info,Item/Item.wz/Consume/0228.img/02280011/info/icon.png,Item/Item.wz/Consume/0228.img/02280011/info/iconRaw.png
Consume,0228,2280012,[Skill Book] Rush,You can learn #cRush# with this book.rnJob : 4th Advancement WarriorrnCondition : #cRush# not acquired,1,1,1,,1,Item/Item.wz/Consume/0228.img.xml,Item/Item.wz/Consume/0228.img/02280012/info,Item/Item.wz/Consume/0228.img/02280012/info/icon.png,Item/Item.wz/Consume/0228.img/02280012/info/iconRaw.png
Consume,0228,2280013,[Skill Book] Final Blow,Skill Book from which you can learn about the #cFinal Blow# skill.\nJob: 4th Lv Aran\nCondition: #cFinal Blow# not available,1,1,1,,1,Item/Item.wz/Consume/0228.img.xml,Item/Item.wz/Consume/0228.img/02280013/info,Item/Item.wz/Consume/0228.img/02280013/info/icon.png,Item/Item.wz/Consume/0228.img/02280013/info/iconRaw.png
Consume,0228,2280014,[Skill Book] High Defense,Skill Book from which you can learn about the #cHigh Defense# skill.\nJob: 4th Lv Aran\nCondition: #cHigh Defense# not available,1,1,1,,1,Item/Item.wz/Consume/0228.img.xml,Item/Item.wz/Consume/0228.img/02280014/info,Item/Item.wz/Consume/0228.img/02280014/info/icon.png,Item/Item.wz/Consume/0228.img/02280014/info/iconRaw.png
Consume,0228,2280015,[Skill Book] Combo Tempest,Skill Book from which you can learn about the #cCombo Tempest# skill.\nJob: 4th Lv Aran\nCondition: #cCombo Tempest# not available,1,1,1,,1,Item/Item.wz/Consume/0228.img.xml,Item/Item.wz/Consume/0228.img/02280015/info,Item/Item.wz/Consume/0228.img/02280015/info/icon.png,Item/Item.wz/Consume/0228.img/02280015/info/iconRaw.png
Consume,0228,2280016,[Skill Book] Combo Barrier,Skill Book from which you can learn about the #cCombo Barrier# skill.\nJob: 4th Lv Aran\nCondition: #cCombo Barrier# not available,1,1,1,,1,Item/Item.wz/Consume/0228.img.xml,Item/Item.wz/Consume/0228.img/02280016/info,Item/Item.wz/Consume/0228.img/02280016/info/icon.png,Item/Item.wz/Consume/0228.img/02280016/info/iconRaw.png
Consume,0228,2280017,[Skill Book] Pig's Weakness,Skill Book from which you can learn about the #cPig's Weakness# skill.\nCondition: #cPig's Weakness# not available,1,1,1,,1,Item/Item.wz/Consume/0228.img.xml,Item/Item.wz/Consume/0228.img/02280017/info,Item/Item.wz/Consume/0228.img/02280017/info/icon.png,Item/Item.wz/Consume/0228.img/02280017/info/iconRaw.png
Consume,0228,2280018,[Skill Book] Stump's Weakness,Skill Book from which you can learn about the #cStump's Weakness# skill.\nCondition: #cStump's Weakness# not available,1,1,1,,1,Item/Item.wz/Consume/0228.img.xml,Item/Item.wz/Consume/0228.img/02280018/info,Item/Item.wz/Consume/0228.img/02280018/info/icon.png,Item/Item.wz/Consume/0228.img/02280018/info/iconRaw.png
Consume,0228,2280019,[Skill Book] Slime's Weakness,Skill Book from which you can learn about the #cSlime's Weakness# skill.\nCondition: #cSlime's Weakness# not available,1,1,1,,1,Item/Item.wz/Consume/0228.img.xml,Item/Item.wz/Consume/0228.img/02280019/info,Item/Item.wz/Consume/0228.img/02280019/info/icon.png,Item/Item.wz/Consume/0228.img/02280019/info/iconRaw.png
Consume,0228,2280020,,,1,1,1,,1,Item/Item.wz/Consume/0228.img.xml,Item/Item.wz/Consume/0228.img/02280020/info,Item/Item.wz/Consume/0228.img/02280020/info/icon.png,Item/Item.wz/Consume/0228.img/02280020/info/iconRaw.png
Consume,0228,2280021,,,1,1,1,,1,Item/Item.wz/Consume/0228.img.xml,Item/Item.wz/Consume/0228.img/02280021/info,Item/Item.wz/Consume/0228.img/02280021/info/icon.png,Item/Item.wz/Consume/0228.img/02280021/info/iconRaw.png
Consume,0228,2280022,,,1,1,1,,1,Item/Item.wz/Consume/0228.img.xml,Item/Item.wz/Consume/0228.img/02280022/info,Item/Item.wz/Consume/0228.img/02280022/info/icon.png,Item/Item.wz/Consume/0228.img/02280022/info/iconRaw.png
Consume,0228,2280023,,,1,1,1,,1,Item/Item.wz/Consume/0228.img.xml,Item/Item.wz/Consume/0228.img/02280023/info,Item/Item.wz/Consume/0228.img/02280023/info/icon.png,Item/Item.wz/Consume/0228.img/02280023/info/iconRaw.png
Consume,0228,2280024,,,1,1,1,,1,Item/Item.wz/Consume/0228.img.xml,Item/Item.wz/Consume/0228.img/02280024/info,Item/Item.wz/Consume/0228.img/02280024/info/icon.png,Item/Item.wz/Consume/0228.img/02280024/info/iconRaw.png
Consume,0228,2280025,,,1,1,1,,1,Item/Item.wz/Consume/0228.img.xml,Item/Item.wz/Consume/0228.img/02280025/info,Item/Item.wz/Consume/0228.img/02280025/info/icon.png,Item/Item.wz/Consume/0228.img/02280025/info/iconRaw.png
Consume,0229,2290000,[Mastery Book] Monster Magnet,This increases master level of the  #cMonster Magnet# skill up to 20 with 70% chance of success.rnJob : 4th Advancement WarriorrnCondition : Skill level above 5,1,1,1,,1,Item/Item.wz/Consume/0229.img.xml,Item/Item.wz/Consume/0229.img/02290000/info,Item/Item.wz/Consume/0229.img/02290000/info/icon.png,Item/Item.wz/Consume/0229.img/02290000/info/iconRaw.png
Consume,0229,2290001,[Mastery Book] Monster Magnet,This increases master level of the  #cMonster Magnet# skill up to 30 with 50% chance of success. rnJob : 4th Advancement WarriorrnCondition : Skill Level above 15,1,1,1,,1,Item/Item.wz/Consume/0229.img.xml,Item/Item.wz/Consume/0229.img/02290001/info,Item/Item.wz/Consume/0229.img/02290001/info/icon.png,Item/Item.wz/Consume/0229.img/02290001/info/iconRaw.png
Consume,0229,2290002,[Mastery Book] Achilles,This increases the master level of #cAchilles# up to 20 with 70% of chance.rnJob : 4th Advancement WarriorrnCondition : Skill level above 5,1,1,1,,1,Item/Item.wz/Consume/0229.img.xml,Item/Item.wz/Consume/0229.img/02290002/info,Item/Item.wz/Consume/0229.img/02290002/info/icon.png,Item/Item.wz/Consume/0229.img/02290002/info/iconRaw.png
Consume,0229,2290003,[Mastery Book] Achilles,This increases the master level of #cAchilles# up to 30 with 50% of chance.rnJob : 4th Advancement WarriorrnCondition : Skill level above 15,1,1,1,,1,Item/Item.wz/Consume/0229.img.xml,Item/Item.wz/Consume/0229.img/02290003/info,Item/Item.wz/Consume/0229.img/02290003/info/icon.png,Item/Item.wz/Consume/0229.img/02290003/info/iconRaw.png
Consume,0229,2290004,[Mastery Book] Rush,This increases the master level of #cRush# up to 20 with 70% of chance.rnJob : 4th Advancement WarriorrnCondition : Skill level above 5,1,1,1,,1,Item/Item.wz/Consume/0229.img.xml,Item/Item.wz/Consume/0229.img/02290004/info,Item/Item.wz/Consume/0229.img/02290004/info/icon.png,Item/Item.wz/Consume/0229.img/02290004/info/iconRaw.png
Consume,0229,2290005,[Mastery Book] Rush,This increases the master level of #cRush# up to 30 with 50% of chance.rnJob : 4th Advancement WarriorrnCondition : Skill level above 15,1,1,1,,1,Item/Item.wz/Consume/0229.img.xml,Item/Item.wz/Consume/0229.img/02290005/info,Item/Item.wz/Consume/0229.img/02290005/info/icon.png,Item/Item.wz/Consume/0229.img/02290005/info/iconRaw.png
Consume,0229,2290006,[Mastery Book] Power Stance,This increases the master level of #cPower Stance# up to 20 with 70% of chance.rnJob : 4th Advancement WarriorrnCondition : Skill level above 5,1,1,1,,1,Item/Item.wz/Consume/0229.img.xml,Item/Item.wz/Consume/0229.img/02290006/info,Item/Item.wz/Consume/0229.img/02290006/info/icon.png,Item/Item.wz/Consume/0229.img/02290006/info/iconRaw.png
Consume,0229,2290007,[Mastery Book] Power Stance,This increases the master level of #cPower Stance# up to 30 with 50% of chance.rnJob : 4th Advancement WarriorrnCondition : Skill level above 15,1,1,1,,1,Item/Item.wz/Consume/0229.img.xml,Item/Item.wz/Consume/0229.img/02290007/info,Item/Item.wz/Consume/0229.img/02290007/info/icon.png,Item/Item.wz/Consume/0229.img/02290007/info/iconRaw.png
Consume,0229,2290008,[Mastery Book] Advanced Combo Attack,This increases the master level of #cAdvanced Combo Attack# up to 20 with 70% of chance.rnClass : HerornCondition : Skill level above 5,1,1,1,,1,Item/Item.wz/Consume/0229.img.xml,Item/Item.wz/Consume/0229.img/02290008/info,Item/Item.wz/Consume/0229.img/02290008/info/icon.png,Item/Item.wz/Consume/0229.img/02290008/info/iconRaw.png
Consume,0229,2290009,[Mastery Book] Advanced Combo Attack,This increases the master level of #cAdvanced Combo Attack# up to 30 with 50% of chance.rnClass : HerornCondition : Skill level above 15,1,1,1,,1,Item/Item.wz/Consume/0229.img.xml,Item/Item.wz/Consume/0229.img/02290009/info,Item/Item.wz/Consume/0229.img/02290009/info/icon.png,Item/Item.wz/Consume/0229.img/02290009/info/iconRaw.png
Consume,0229,2290010,[Mastery Book] Brandish,This increases the master level of #cBrandish# up to 20 with 70% of chance.rnClass : HerornCondition : Skill level above 5,1,1,1,,1,Item/Item.wz/Consume/0229.img.xml,Item/Item.wz/Consume/0229.img/02290010/info,Item/Item.wz/Consume/0229.img/02290010/info/icon.png,Item/Item.wz/Consume/0229.img/02290010/info/iconRaw.png
Consume,0229,2290011,[Mastery Book] Brandish,This increases the master level of #cBrandish# up to 30 with 50% of chance.rnClass : HerornCondition : Skill level above 15,1,1,1,,1,Item/Item.wz/Consume/0229.img.xml,Item/Item.wz/Consume/0229.img/02290011/info,Item/Item.wz/Consume/0229.img/02290011/info/icon.png,Item/Item.wz/Consume/0229.img/02290011/info/iconRaw.png
Consume,0229,2290012,[Mastery Book] Blast,This increases the master level of #cBlast # up to 20 with 70% of chance.rnClass : PaladinrnCondition : Skill level above 5,1,1,1,,1,Item/Item.wz/Consume/0229.img.xml,Item/Item.wz/Consume/0229.img/02290012/info,Item/Item.wz/Consume/0229.img/02290012/info/icon.png,Item/Item.wz/Consume/0229.img/02290012/info/iconRaw.png
Consume,0229,2290013,[Mastery Book] Blast,This increases the master level of #cBlast# up to 30 with 50% of chance.rnClass : PaladinrnCondition : Skill level above 15,1,1,1,,1,Item/Item.wz/Consume/0229.img.xml,Item/Item.wz/Consume/0229.img/02290013/info,Item/Item.wz/Consume/0229.img/02290013/info/icon.png,Item/Item.wz/Consume/0229.img/02290013/info/iconRaw.png
Consume,0229,2290014,[Mastery Book] Guardian,"This increases the master level of #cGuardian# up to 20 with 70% of chance.rnClass : Hero,PaladinrnCondition : Skill level above 5",1,1,1,,1,Item/Item.wz/Consume/0229.img.xml,Item/Item.wz/Consume/0229.img/02290014/info,Item/Item.wz/Consume/0229.img/02290014/info/icon.png,Item/Item.wz/Consume/0229.img/02290014/info/iconRaw.png
Consume,0229,2290015,[Mastery Book] Guardian,"This increases the master level of #cGuardian# up to 30 with 50% of chance.rnClass : Hero,PaladinrnCondition : Skill level above 15",1,1,1,,1,Item/Item.wz/Consume/0229.img.xml,Item/Item.wz/Consume/0229.img/02290015/info,Item/Item.wz/Consume/0229.img/02290015/info/icon.png,Item/Item.wz/Consume/0229.img/02290015/info/iconRaw.png
Consume,0229,2290016,[Mastery Book] Enrage,This increases the master level of #cEnrage# up to 20 with 70% of chance.rnClass : HerornCondition : Skill level above 5,1,1,1,,1,Item/Item.wz/Consume/0229.img.xml,Item/Item.wz/Consume/0229.img/02290016/info,Item/Item.wz/Consume/0229.img/02290016/info/icon.png,Item/Item.wz/Consume/0229.img/02290016/info/iconRaw.png
Consume,0229,2290017,[Mastery Book] Enrage,This increases the master level of #cEnrage# up to 30 with 50% of chance.rnClass : HerornCondition : Skill level above 15,1,1,1,,1,Item/Item.wz/Consume/0229.img.xml,Item/Item.wz/Consume/0229.img/02290017/info,Item/Item.wz/Consume/0229.img/02290017/info/icon.png,Item/Item.wz/Consume/0229.img/02290017/info/iconRaw.png
Consume,0229,2290018,[Mastery Book] Holy Charge,This increases the master level of #cHoly Charge# up to 20 with 70% of chance.rnClass : PaladinrnCondition : Skill level above 5,1,1,1,,1,Item/Item.wz/Consume/0229.img.xml,Item/Item.wz/Consume/0229.img/02290018/info,Item/Item.wz/Consume/0229.img/02290018/info/icon.png,Item/Item.wz/Consume/0229.img/02290018/info/iconRaw.png
Consume,0229,2290019,[Mastery Book] Divine Charge,This increases the master level of #cDivine Charge# up to 20 with 70% of chance.rnClass : PaladinrnCondition : Skill level above 5,1,1,1,,1,Item/Item.wz/Consume/0229.img.xml,Item/Item.wz/Consume/0229.img/02290019/info,Item/Item.wz/Consume/0229.img/02290019/info/icon.png,Item/Item.wz/Consume/0229.img/02290019/info/iconRaw.png
Consume,0229,2290020,[Mastery Book] Heaven's Hammer,This increases the master level of #cHeaven's Hammer# up to 20 with 70% of chance.rnClass : PaldainrnCondition : Skill level above 5,1,1,1,,1,Item/Item.wz/Consume/0229.img.xml,Item/Item.wz/Consume/0229.img/02290020/info,Item/Item.wz/Consume/0229.img/02290020/info/icon.png,Item/Item.wz/Consume/0229.img/02290020/info/iconRaw.png
Consume,0229,2290021,[Mastery Book] Heaven's Hammer,This increases the master level of #cHeaven's Hammer# up to 30 with 50% of chance.rnClass : PaladinrnCondition : Skill level above 15,1,1,1,,1,Item/Item.wz/Consume/0229.img.xml,Item/Item.wz/Consume/0229.img/02290021/info,Item/Item.wz/Consume/0229.img/02290021/info/icon.png,Item/Item.wz/Consume/0229.img/02290021/info/iconRaw.png
Consume,0229,2290022,[Mastery Book] Berserk,This increases the master level of #cBerserk# up to 20 with 70% of chance.rnClass : Dark KnightrnCondition : Skill level above 5,1,1,1,,1,Item/Item.wz/Consume/0229.img.xml,Item/Item.wz/Consume/0229.img/02290022/info,Item/Item.wz/Consume/0229.img/02290022/info/icon.png,Item/Item.wz/Consume/0229.img/02290022/info/iconRaw.png
Consume,0229,2290023,[Mastery Book] Berserk,This increases the master level of #cBerserk# up to 30 with 50% of chance.rnClass : Dark KnightrnCondition : Skill level above 15,1,1,1,,1,Item/Item.wz/Consume/0229.img.xml,Item/Item.wz/Consume/0229.img/02290023/info,Item/Item.wz/Consume/0229.img/02290023/info/icon.png,Item/Item.wz/Consume/0229.img/02290023/info/iconRaw.png
Consume,0229,2290024,[Mastery Book] Mana Reflection,This increases the master level of #cMana Reflection# up to 20 with 70% of chance.rnJob : 4th Advancement MagicianrnCondition : Skill level above 5,1,1,1,,1,Item/Item.wz/Consume/0229.img.xml,Item/Item.wz/Consume/0229.img/02290024/info,Item/Item.wz/Consume/0229.img/02290024/info/icon.png,Item/Item.wz/Consume/0229.img/02290024/info/iconRaw.png
Consume,0229,2290025,[Mastery Book] Mana Reflection,This increases the master level of #cMana Reflection# up to 30 with 50% of chance.rnJob : 4th Advancement MagicianrnCondition : Skill level above 15,1,1,1,,1,Item/Item.wz/Consume/0229.img.xml,Item/Item.wz/Consume/0229.img/02290025/info,Item/Item.wz/Consume/0229.img/02290025/info/icon.png,Item/Item.wz/Consume/0229.img/02290025/info/iconRaw.png
Consume,0229,2290026,[Mastery Book] Big Bang,This increases the master level of #cBig Bang# up to 20 with 70% of chance.rnJob : 4th Advancement MagicianrnCondition : Skill level above 5,1,1,1,,1,Item/Item.wz/Consume/0229.img.xml,Item/Item.wz/Consume/0229.img/02290026/info,Item/Item.wz/Consume/0229.img/02290026/info/icon.png,Item/Item.wz/Consume/0229.img/02290026/info/iconRaw.png
Consume,0229,2290027,[Mastery Book] Big Bang,This increases the master level of #cBig Bang # up to 30 with 50% of chance.rnJob : 4th Advancement MagicianrnCondition : Skill level above 15,1,1,1,,1,Item/Item.wz/Consume/0229.img.xml,Item/Item.wz/Consume/0229.img/02290027/info,Item/Item.wz/Consume/0229.img/02290027/info/icon.png,Item/Item.wz/Consume/0229.img/02290027/info/iconRaw.png
Consume,0229,2290028,[Mastery Book] Infinity,This increases the master level of #cInfinity# up to 20 with 70% of chance.rnJob : 4th Advancement MagicianrnCondition : Skill level above 5,1,1,1,,1,Item/Item.wz/Consume/0229.img.xml,Item/Item.wz/Consume/0229.img/02290028/info,Item/Item.wz/Consume/0229.img/02290028/info/icon.png,Item/Item.wz/Consume/0229.img/02290028/info/iconRaw.png
Consume,0229,2290029,[Mastery Book] Infinity,This increases the master level of #cInfinity# up to 30 with 50% of chance.rnJob : 4th Advancement MagicianrnCondition : Skill level above 15,1,1,1,,1,Item/Item.wz/Consume/0229.img.xml,Item/Item.wz/Consume/0229.img/02290029/info,Item/Item.wz/Consume/0229.img/02290029/info/icon.png,Item/Item.wz/Consume/0229.img/02290029/info/iconRaw.png
Consume,0229,2290030,[Mastery Book] Paralyze,"This increases the master level of #cParalyze# up to 20 with 70% of chance.rnClass : Arch Mage(Fire,Poison)rnCondition : Skill level above 5",1,1,1,,1,Item/Item.wz/Consume/0229.img.xml,Item/Item.wz/Consume/0229.img/02290030/info,Item/Item.wz/Consume/0229.img/02290030/info/icon.png,Item/Item.wz/Consume/0229.img/02290030/info/iconRaw.png
Consume,0229,2290031,[Mastery Book] Paralyze,"This increases the master level of #cParalyze# up to 30 with 50% of chance.rnClass : Arch Mage(Fire,Poison)rnCondition : Skill level above 15",1,1,1,,1,Item/Item.wz/Consume/0229.img.xml,Item/Item.wz/Consume/0229.img/02290031/info,Item/Item.wz/Consume/0229.img/02290031/info/icon.png,Item/Item.wz/Consume/0229.img/02290031/info/iconRaw.png
Consume,0229,2290032,[Mastery Book] Chain Lightning,"This increases the master level of #cChain Lightning# up to 20 with 70% of chance.rnClass : Arch Mage(Ice, Lightning)rnCondition : Skill level above 5",1,1,1,,1,Item/Item.wz/Consume/0229.img.xml,Item/Item.wz/Consume/0229.img/02290032/info,Item/Item.wz/Consume/0229.img/02290032/info/icon.png,Item/Item.wz/Consume/0229.img/02290032/info/iconRaw.png
Consume,0229,2290033,[Mastery Book] Chain Lightning,"This increases the master level of #cChain Lightning# up to 30 with 50% of chance.rnClass : Arch Mage(Ice, Lightning)rnCondition : Skill level above 15",1,1,1,,1,Item/Item.wz/Consume/0229.img.xml,Item/Item.wz/Consume/0229.img/02290033/info,Item/Item.wz/Consume/0229.img/02290033/info/icon.png,Item/Item.wz/Consume/0229.img/02290033/info/iconRaw.png
Consume,0229,2290034,[Mastery Book]  Holy Shield,This increases the master level of #cHoly Shield# up to 20 with 70% of chance.rnClass : BishoprnCondition : Skill Level above 5,1,1,1,,1,Item/Item.wz/Consume/0229.img.xml,Item/Item.wz/Consume/0229.img/02290034/info,Item/Item.wz/Consume/0229.img/02290034/info/icon.png,Item/Item.wz/Consume/0229.img/02290034/info/iconRaw.png
Consume,0229,2290035,[Mastery Book] Holy Shield,This increases the master level of #cHoly Shield# up to 30 with 50% of chance.rnClass : BishoprnCondition : Skill level above 15,1,1,1,,1,Item/Item.wz/Consume/0229.img.xml,Item/Item.wz/Consume/0229.img/02290035/info,Item/Item.wz/Consume/0229.img/02290035/info/icon.png,Item/Item.wz/Consume/0229.img/02290035/info/iconRaw.png
Consume,0229,2290036,[Mastery Book] Fire Demon,"This increases the master level of #cFire Demon# up to 20 with 70% of chance.rnClass : Arch Mage(Fire,Poison)rnCondition : Skill level above 5",1,1,1,,1,Item/Item.wz/Consume/0229.img.xml,Item/Item.wz/Consume/0229.img/02290036/info,Item/Item.wz/Consume/0229.img/02290036/info/icon.png,Item/Item.wz/Consume/0229.img/02290036/info/iconRaw.png
Consume,0229,2290037,[Mastery Book] Fire Demon,"This increases the master level of #cFire Demon# up to 30 with 50% of chance.rnClass : Arch Mage(Fire,Poison)rnCondition : Skill level above 15",1,1,1,,1,Item/Item.wz/Consume/0229.img.xml,Item/Item.wz/Consume/0229.img/02290037/info,Item/Item.wz/Consume/0229.img/02290037/info/icon.png,Item/Item.wz/Consume/0229.img/02290037/info/iconRaw.png
Consume,0229,2290038,[Mastery Book] Elquines,"This increases the master level of #cElquines# up to 20 with 70% of chance.rnClass : Arch Mage(Fire,Poison)rnCondition : Skill level above 5",1,1,1,,1,Item/Item.wz/Consume/0229.img.xml,Item/Item.wz/Consume/0229.img/02290038/info,Item/Item.wz/Consume/0229.img/02290038/info/icon.png,Item/Item.wz/Consume/0229.img/02290038/info/iconRaw.png
Consume,0229,2290039,[Mastery Book] Elquines,"This increases the master level of #cElquines# up to 30 with 50% of chance.rnClass : Arch Mage(Fire,Poison)rnCondition : Skill level above 15",1,1,1,,1,Item/Item.wz/Consume/0229.img.xml,Item/Item.wz/Consume/0229.img/02290039/info,Item/Item.wz/Consume/0229.img/02290039/info/icon.png,Item/Item.wz/Consume/0229.img/02290039/info/iconRaw.png
Consume,0229,2290040,[Mastery Book] Meteor Shower,"This increases the master level of #cMeteor Shower# up to 20 with 70% of chance.rnClass : Arch Mage(Fire,Poison)rnCondition : Skill level above 5",1,1,1,,1,Item/Item.wz/Consume/0229.img.xml,Item/Item.wz/Consume/0229.img/02290040/info,Item/Item.wz/Consume/0229.img/02290040/info/icon.png,Item/Item.wz/Consume/0229.img/02290040/info/iconRaw.png
Consume,0229,2290041,[Mastery Book] Meteor Shower,"This increases the master level of #cMeteor Shower# up to 30 with 50% of chance.rnClass : Arch Mage(Fire,Poison)rnCondition : Skill level above 15",1,1,1,,1,Item/Item.wz/Consume/0229.img.xml,Item/Item.wz/Consume/0229.img/02290041/info,Item/Item.wz/Consume/0229.img/02290041/info/icon.png,Item/Item.wz/Consume/0229.img/02290041/info/iconRaw.png
Consume,0229,2290042,[Mastery Book] Ice Demon,"This increases the master level of #cIce Demon# up to 20 with 70% of chance.rnClass : Arch Mage(Ice, Lightning)rnCondition : Skill level above 5",1,1,1,,1,Item/Item.wz/Consume/0229.img.xml,Item/Item.wz/Consume/0229.img/02290042/info,Item/Item.wz/Consume/0229.img/02290042/info/icon.png,Item/Item.wz/Consume/0229.img/02290042/info/iconRaw.png
Consume,0229,2290043,[Mastery Book] Ice Demon,"This increases the master level of #cIce Demon# up to 30 with 50% of chance.rnClass : Arch Mage(Ice, Lightning)rnCondition : Skill level above 15",1,1,1,,1,Item/Item.wz/Consume/0229.img.xml,Item/Item.wz/Consume/0229.img/02290043/info,Item/Item.wz/Consume/0229.img/02290043/info/icon.png,Item/Item.wz/Consume/0229.img/02290043/info/iconRaw.png
Consume,0229,2290044,[Mastery Book] Ifrit,"This increases the master level of #cIfrit# up to 20 with 70% of chance.rnClass : Arch Mage(Ice,Lightning)rnCondition : Skill level above 5",1,1,1,,1,Item/Item.wz/Consume/0229.img.xml,Item/Item.wz/Consume/0229.img/02290044/info,Item/Item.wz/Consume/0229.img/02290044/info/icon.png,Item/Item.wz/Consume/0229.img/02290044/info/iconRaw.png
Consume,0229,2290045,[Mastery Book] Ifrit,"This increases the master level of #cIfrit# up to 30 with 50% of chance.rnClass : Arch Mage(Ice,Lightning)rnCondition : Skill level above 15",1,1,1,,1,Item/Item.wz/Consume/0229.img.xml,Item/Item.wz/Consume/0229.img/02290045/info,Item/Item.wz/Consume/0229.img/02290045/info/icon.png,Item/Item.wz/Consume/0229.img/02290045/info/iconRaw.png
Consume,0229,2290046,[Mastery Book] Blizzard,"This increases the master level of #cBlizzard# up to 20 with 70% of chance.rnClass : Arch Mage(Ice,Lightning)rnCondition : Skill level above 5",1,1,1,,1,Item/Item.wz/Consume/0229.img.xml,Item/Item.wz/Consume/0229.img/02290046/info,Item/Item.wz/Consume/0229.img/02290046/info/icon.png,Item/Item.wz/Consume/0229.img/02290046/info/iconRaw.png
Consume,0229,2290047,[Mastery Book] Blizzard,"This increases the master level of #cBlizzard# up to 30 with 50% of chance.rnClass : Arch Mage(Ice,Lightning)rnCondition : Skill level above 15",1,1,1,,1,Item/Item.wz/Consume/0229.img.xml,Item/Item.wz/Consume/0229.img/02290047/info,Item/Item.wz/Consume/0229.img/02290047/info/icon.png,Item/Item.wz/Consume/0229.img/02290047/info/iconRaw.png
Consume,0229,2290048,[Mastery Book] Genesis,This increases the master level of #cGenesis# up to 20 with 70% of chance.rnClass : BishoprnCondition : Skill level above 5,1,1,1,,1,Item/Item.wz/Consume/0229.img.xml,Item/Item.wz/Consume/0229.img/02290048/info,Item/Item.wz/Consume/0229.img/02290048/info/icon.png,Item/Item.wz/Consume/0229.img/02290048/info/iconRaw.png
Consume,0229,2290049,[Mastery Book] Genesis,This increases the master level of #cGenesis# up to 30 with 50% of chance.rnClass : BishoprnCondition : Skill level above 15,1,1,1,,1,Item/Item.wz/Consume/0229.img.xml,Item/Item.wz/Consume/0229.img/02290049/info,Item/Item.wz/Consume/0229.img/02290049/info/icon.png,Item/Item.wz/Consume/0229.img/02290049/info/iconRaw.png
Consume,0229,2290050,[Mastery Book] Angel Ray,This increases the master level of #cAngel Ray# up to 20 with 70% of chance.rnClass : BishoprnCondition : Skill level above 5,1,1,1,,1,Item/Item.wz/Consume/0229.img.xml,Item/Item.wz/Consume/0229.img/02290050/info,Item/Item.wz/Consume/0229.img/02290050/info/icon.png,Item/Item.wz/Consume/0229.img/02290050/info/iconRaw.png
Consume,0229,2290051,[Mastery Book] Angel Ray,This increases the master level of #cAngel Ray# up to 30 with 50% of chance.rnClass : BishoprnCondition : Skill level above 15,1,1,1,,1,Item/Item.wz/Consume/0229.img.xml,Item/Item.wz/Consume/0229.img/02290051/info,Item/Item.wz/Consume/0229.img/02290051/info/icon.png,Item/Item.wz/Consume/0229.img/02290051/info/iconRaw.png
Consume,0229,2290052,[Mastery Book] Sharp Eyes,This increases the master level of #cSharp Eyes# up to 20 with 70% of chance.rnJob : 4th Advancement BowmanrnCondition : Skill level above 5,1,1,1,,1,Item/Item.wz/Consume/0229.img.xml,Item/Item.wz/Consume/0229.img/02290052/info,Item/Item.wz/Consume/0229.img/02290052/info/icon.png,Item/Item.wz/Consume/0229.img/02290052/info/iconRaw.png
Consume,0229,2290053,[Mastery Book] Sharp Eyes,This increases the master level of #cSharp Eyes# up to 30 with 50% of chance.rnJob : 4th Advancement BowmanrnCondition : Skill level above 15,1,1,1,,1,Item/Item.wz/Consume/0229.img.xml,Item/Item.wz/Consume/0229.img/02290053/info,Item/Item.wz/Consume/0229.img/02290053/info/icon.png,Item/Item.wz/Consume/0229.img/02290053/info/iconRaw.png
Consume,0229,2290054,[Mastery Book] Dragon's Breath,This increases the master level of #cDragon's Breath# up to 20 with 70% of chance.rnJob : 4th Advancement BowmanrnCondition : Skill level above 5,1,1,1,,1,Item/Item.wz/Consume/0229.img.xml,Item/Item.wz/Consume/0229.img/02290054/info,Item/Item.wz/Consume/0229.img/02290054/info/icon.png,Item/Item.wz/Consume/0229.img/02290054/info/iconRaw.png
Consume,0229,2290055,[Mastery Book] Dragon's Breath,This increases the master level of #cDragon's Breath# up to 30 with 50% of chance.rnJob : 4th Advancement BowmanrnCondition : Skill level above 15,1,1,1,,1,Item/Item.wz/Consume/0229.img.xml,Item/Item.wz/Consume/0229.img/02290055/info,Item/Item.wz/Consume/0229.img/02290055/info/icon.png,Item/Item.wz/Consume/0229.img/02290055/info/iconRaw.png
Consume,0229,2290056,[Mastery Book] Bow Expert,This increases the master level of #cBow Expert# up to 20 with 70% of chance.rnClass : Bow MasterrnCondition : Skill level above 5,1,1,1,,1,Item/Item.wz/Consume/0229.img.xml,Item/Item.wz/Consume/0229.img/02290056/info,Item/Item.wz/Consume/0229.img/02290056/info/icon.png,Item/Item.wz/Consume/0229.img/02290056/info/iconRaw.png
Consume,0229,2290057,[Mastery Book] Bow Expert,This increases the master level of #cBow Expert # up to 30 with 50% of chance.rnClass : Bow MasterrnCondition : Skill level above 15,1,1,1,,1,Item/Item.wz/Consume/0229.img.xml,Item/Item.wz/Consume/0229.img/02290057/info,Item/Item.wz/Consume/0229.img/02290057/info/icon.png,Item/Item.wz/Consume/0229.img/02290057/info/iconRaw.png
Consume,0229,2290058,[Mastery Book] Hamstring Shot,This increases the master level of #cHamstring Shot# up to 20 with 70% of chance.rnClass : Bow MasterrnCondition : Skill level above 5,1,1,1,,1,Item/Item.wz/Consume/0229.img.xml,Item/Item.wz/Consume/0229.img/02290058/info,Item/Item.wz/Consume/0229.img/02290058/info/icon.png,Item/Item.wz/Consume/0229.img/02290058/info/iconRaw.png
Consume,0229,2290059,[Mastery Book] Hamstring Shot,This increases the master level of #cHamstring Shot# up to 30 with 50% of chance.rnClass : Bow MasterrnCondition : Skill level above 15,1,1,1,,1,Item/Item.wz/Consume/0229.img.xml,Item/Item.wz/Consume/0229.img/02290059/info,Item/Item.wz/Consume/0229.img/02290059/info/icon.png,Item/Item.wz/Consume/0229.img/02290059/info/iconRaw.png
Consume,0229,2290060,[Mastery Book] Hurricane,This increases the master level of #cHurricane# up to 20 with 70% of chance.rnClass : Bow MasterrnCondition : Skill level above 5,1,1,1,,1,Item/Item.wz/Consume/0229.img.xml,Item/Item.wz/Consume/0229.img/02290060/info,Item/Item.wz/Consume/0229.img/02290060/info/icon.png,Item/Item.wz/Consume/0229.img/02290060/info/iconRaw.png
Consume,0229,2290061,[Mastery Book] Hurricane,This increases the master level of #cHurricane# up to 30 with 50% of chance.rnClass : Bow MasterrnCondition : Skill level above 15,1,1,1,,1,Item/Item.wz/Consume/0229.img.xml,Item/Item.wz/Consume/0229.img/02290061/info,Item/Item.wz/Consume/0229.img/02290061/info/icon.png,Item/Item.wz/Consume/0229.img/02290061/info/iconRaw.png
Consume,0229,2290062,[Mastery Book] Phoenix,This increases the master level of #cPhoenix# up to 20 with 70% of chance.rnClass : Bow MasterrnCondition : Skill level above 5,1,1,1,,1,Item/Item.wz/Consume/0229.img.xml,Item/Item.wz/Consume/0229.img/02290062/info,Item/Item.wz/Consume/0229.img/02290062/info/icon.png,Item/Item.wz/Consume/0229.img/02290062/info/iconRaw.png
Consume,0229,2290063,[Mastery Book] Phoenix,This increases the master level of #cPhoenix# up to 30 with 50% of chance.rnClass : Bow MasterrnCondition : Skill level above 15,1,1,1,,1,Item/Item.wz/Consume/0229.img.xml,Item/Item.wz/Consume/0229.img/02290063/info,Item/Item.wz/Consume/0229.img/02290063/info/icon.png,Item/Item.wz/Consume/0229.img/02290063/info/iconRaw.png
Consume,0229,2290064,[Mastery Book] Concentrate,This increases the master level of #cConcentrate# up to 20 with 70% of chance.rnClass : Bow MasterrnCondition : Skill level above 5,1,1,1,,1,Item/Item.wz/Consume/0229.img.xml,Item/Item.wz/Consume/0229.img/02290064/info,Item/Item.wz/Consume/0229.img/02290064/info/icon.png,Item/Item.wz/Consume/0229.img/02290064/info/iconRaw.png
Consume,0229,2290065,[Mastery Book] Concentrate,This increases the master level of #cConcentrate# up to 30 with 50% of chance.rnClass : Bow MasterrnCondition : Skill level above 15,1,1,1,,1,Item/Item.wz/Consume/0229.img.xml,Item/Item.wz/Consume/0229.img/02290065/info,Item/Item.wz/Consume/0229.img/02290065/info/icon.png,Item/Item.wz/Consume/0229.img/02290065/info/iconRaw.png
Consume,0229,2290066,[Mastery Book] Marksman Boost,This increases the master level of #cMarksman Boost# up to 20 with 70% of chance.rnClass : MarksmanrnCondition : Skill level above 5,1,1,1,,1,Item/Item.wz/Consume/0229.img.xml,Item/Item.wz/Consume/0229.img/02290066/info,Item/Item.wz/Consume/0229.img/02290066/info/icon.png,Item/Item.wz/Consume/0229.img/02290066/info/iconRaw.png
Consume,0229,2290067,[Mastery Book] Marksman Boost,This increases the master level of #cMarksman Boost# up to 30 with 50% of chance.rnClass : MarksmanrnCondition : Skill level above 15,1,1,1,,1,Item/Item.wz/Consume/0229.img.xml,Item/Item.wz/Consume/0229.img/02290067/info,Item/Item.wz/Consume/0229.img/02290067/info/icon.png,Item/Item.wz/Consume/0229.img/02290067/info/iconRaw.png
Consume,0229,2290068,[Mastery Book] Blind,This increases the master level of #cBlind# up to 20 with 70% of chance.rnClass : MarksmanrnCondition : Skill level above 5,1,1,1,,1,Item/Item.wz/Consume/0229.img.xml,Item/Item.wz/Consume/0229.img/02290068/info,Item/Item.wz/Consume/0229.img/02290068/info/icon.png,Item/Item.wz/Consume/0229.img/02290068/info/iconRaw.png
Consume,0229,2290069,[Mastery Book] Blind,This increases the master level of #cBlind# up to 30 with 50% of chance.rnClass : MarksmanrnCondition : Skill level above 15,1,1,1,,1,Item/Item.wz/Consume/0229.img.xml,Item/Item.wz/Consume/0229.img/02290069/info,Item/Item.wz/Consume/0229.img/02290069/info/icon.png,Item/Item.wz/Consume/0229.img/02290069/info/iconRaw.png
Consume,0229,2290070,[Mastery Book] Piercing Arrow,This increases the master level of #cPiercing Arrow# up to 20 with 70% of chance.rnClass : MarksmanrnCondition : Skill level above 5,1,1,1,,1,Item/Item.wz/Consume/0229.img.xml,Item/Item.wz/Consume/0229.img/02290070/info,Item/Item.wz/Consume/0229.img/02290070/info/icon.png,Item/Item.wz/Consume/0229.img/02290070/info/iconRaw.png
Consume,0229,2290071,[Mastery Book] Piercing Arrow,This increases the master level of #cPiercing Arrow# up to 30 with 50% of chance. rnClass : MarksmanrnCondition : Skill level above 15,1,1,1,,1,Item/Item.wz/Consume/0229.img.xml,Item/Item.wz/Consume/0229.img/02290071/info,Item/Item.wz/Consume/0229.img/02290071/info/icon.png,Item/Item.wz/Consume/0229.img/02290071/info/iconRaw.png
Consume,0229,2290072,[Mastery Book] Frostprey,This increases the master level of #cFrostprey# up to 20 with 70% of chance.rnClass : MarksmanrnCondition : Skill level above 5,1,1,1,,1,Item/Item.wz/Consume/0229.img.xml,Item/Item.wz/Consume/0229.img/02290072/info,Item/Item.wz/Consume/0229.img/02290072/info/icon.png,Item/Item.wz/Consume/0229.img/02290072/info/iconRaw.png
Consume,0229,2290073,[Mastery Book] Frostprey,This increases the master level of #cFrostprey# up to 30 with 50% of chance.rnClass : MarksmanrnCondition : Skill level above 15,1,1,1,,1,Item/Item.wz/Consume/0229.img.xml,Item/Item.wz/Consume/0229.img/02290073/info,Item/Item.wz/Consume/0229.img/02290073/info/icon.png,Item/Item.wz/Consume/0229.img/02290073/info/iconRaw.png
Consume,0229,2290074,[Mastery Book] Snipe,This increases the master level of #cSnipe# up to 20 with 70% of chance.rnClass : MarksmanrnCondition : Skill level above 5,1,1,1,,1,Item/Item.wz/Consume/0229.img.xml,Item/Item.wz/Consume/0229.img/02290074/info,Item/Item.wz/Consume/0229.img/02290074/info/icon.png,Item/Item.wz/Consume/0229.img/02290074/info/iconRaw.png
Consume,0229,2290075,[Mastery Book] Snipe,This increases the master level of #cSnipe# up to 30 with 50% of chance.rnClass : MarksmanrnCondition : Skill level above 15,1,1,1,,1,Item/Item.wz/Consume/0229.img.xml,Item/Item.wz/Consume/0229.img/02290075/info,Item/Item.wz/Consume/0229.img/02290075/info/icon.png,Item/Item.wz/Consume/0229.img/02290075/info/iconRaw.png
Consume,0229,2290076,[Mastery Book] Shadow Shifter,This increases the master level of #cShadow Shifter# up to 20 with 70% of chance.rnJob : 4th Advancement ThiefrnCondition : Skill level above 5,1,1,1,,1,Item/Item.wz/Consume/0229.img.xml,Item/Item.wz/Consume/0229.img/02290076/info,Item/Item.wz/Consume/0229.img/02290076/info/icon.png,Item/Item.wz/Consume/0229.img/02290076/info/iconRaw.png
Consume,0229,2290077,[Mastery Book] Shadow Shifter,This increases the master level of #cShadow Shifter# up to 30 with 50% of chance.rnJob : 4th Advancement ThiefrnCondition : Skill level above 15,1,1,1,,1,Item/Item.wz/Consume/0229.img.xml,Item/Item.wz/Consume/0229.img/02290077/info,Item/Item.wz/Consume/0229.img/02290077/info/icon.png,Item/Item.wz/Consume/0229.img/02290077/info/iconRaw.png
Consume,0229,2290078,[Mastery Book] Venomous Star/Venomous Stab,This increases the master level of #cVenomous Star or Venomous Stab# up to 20 with 70% of chance.rnJob : 4th Advancement ThiefrnCondition : Skill level above 5,1,1,1,,1,Item/Item.wz/Consume/0229.img.xml,Item/Item.wz/Consume/0229.img/02290078/info,Item/Item.wz/Consume/0229.img/02290078/info/icon.png,Item/Item.wz/Consume/0229.img/02290078/info/iconRaw.png
Consume,0229,2290079,[Mastery Book] Venomous Star/Venomous Stab,This increases the master level of #cVenomous Star or Venomous Stab# up to 30 with 50% of chance. rnJob : 4th Advancement ThiefrnCondition : Skill level above 15,1,1,1,,1,Item/Item.wz/Consume/0229.img.xml,Item/Item.wz/Consume/0229.img/02290079/info,Item/Item.wz/Consume/0229.img/02290079/info/icon.png,Item/Item.wz/Consume/0229.img/02290079/info/iconRaw.png
Consume,0229,2290080,[Mastery Book] Taunt,This increases the master level of #cTaunt# up to 20 with 70% of chance.rnJob : 4th Advancement ThiefrnCondition : Skill level above 5,1,1,1,,1,Item/Item.wz/Consume/0229.img.xml,Item/Item.wz/Consume/0229.img/02290080/info,Item/Item.wz/Consume/0229.img/02290080/info/icon.png,Item/Item.wz/Consume/0229.img/02290080/info/iconRaw.png
Consume,0229,2290081,[Mastery Book] Taunt,This increases the master level of #cTaunt# up to 30 with 50% of chance.rnJob : 4th Advancement ThiefrnCondition : Skill level above 15,1,1,1,,1,Item/Item.wz/Consume/0229.img.xml,Item/Item.wz/Consume/0229.img/02290081/info,Item/Item.wz/Consume/0229.img/02290081/info/icon.png,Item/Item.wz/Consume/0229.img/02290081/info/iconRaw.png
Consume,0229,2290082,[Mastery Book] Ninja Ambush,This increases the master level of #cNinja Ambush# up to 20 with 70% of chance.rnJob : 4th Advancement ThiefrnCondition : Skill level above 5,1,1,1,,1,Item/Item.wz/Consume/0229.img.xml,Item/Item.wz/Consume/0229.img/02290082/info,Item/Item.wz/Consume/0229.img/02290082/info/icon.png,Item/Item.wz/Consume/0229.img/02290082/info/iconRaw.png
Consume,0229,2290083,[Mastery Book] Ninja Ambush,This increases the master level of #cNinja Ambush# up to 30 with 50% of chance.rnJob : 4th Advancement ThiefrnCondition : Skill level above 15,1,1,1,,1,Item/Item.wz/Consume/0229.img.xml,Item/Item.wz/Consume/0229.img/02290083/info,Item/Item.wz/Consume/0229.img/02290083/info/icon.png,Item/Item.wz/Consume/0229.img/02290083/info/iconRaw.png
Consume,0229,2290084,[Mastery Book] Triple Throw,This increases the master level of #cTriple Throw# up to 20 with 70% of chance.rnClass : Night LordrnCondition : Skill level above 5,1,1,1,,1,Item/Item.wz/Consume/0229.img.xml,Item/Item.wz/Consume/0229.img/02290084/info,Item/Item.wz/Consume/0229.img/02290084/info/icon.png,Item/Item.wz/Consume/0229.img/02290084/info/iconRaw.png
Consume,0229,2290085,[Mastery Book] Triple Throw,This increases the master level of #cTriple Throw# up to 30 with 50% of chance.rnClass : Night LordrnCondition : Skill level above 15,1,1,1,,1,Item/Item.wz/Consume/0229.img.xml,Item/Item.wz/Consume/0229.img/02290085/info,Item/Item.wz/Consume/0229.img/02290085/info/icon.png,Item/Item.wz/Consume/0229.img/02290085/info/iconRaw.png
Consume,0229,2290086,[Mastery Book] Ninja Storm,This increases the master level of #cNinja Storm# up to 20 with 70% of chance.rnClass : Night LordrnCondition : Skill level above 5,1,1,1,,1,Item/Item.wz/Consume/0229.img.xml,Item/Item.wz/Consume/0229.img/02290086/info,Item/Item.wz/Consume/0229.img/02290086/info/icon.png,Item/Item.wz/Consume/0229.img/02290086/info/iconRaw.png
Consume,0229,2290087,[Mastery Book] Ninja Storm,This increases the master level of #cNinja Storm# up to 30 with 50% of chance.rnClass : Night LordrnCondition : Skill level above 15,1,1,1,,1,Item/Item.wz/Consume/0229.img.xml,Item/Item.wz/Consume/0229.img/02290087/info,Item/Item.wz/Consume/0229.img/02290087/info/icon.png,Item/Item.wz/Consume/0229.img/02290087/info/iconRaw.png
Consume,0229,2290088,[Mastery Book] Shadow Claw,This increases the master level of #cShadow Claw# up to 20 with 70% of chance.rnClass : Night LordrnCondition : Skill level above 5,1,1,1,,1,Item/Item.wz/Consume/0229.img.xml,Item/Item.wz/Consume/0229.img/02290088/info,Item/Item.wz/Consume/0229.img/02290088/info/icon.png,Item/Item.wz/Consume/0229.img/02290088/info/iconRaw.png
Consume,0229,2290089,[Mastery Book] Shadow Claw,This increases the master level of #cShadow Claw# up to 30 with 50% of chance.rnClass : Night LordrnCondition : Skill level above 15,1,1,1,,1,Item/Item.wz/Consume/0229.img.xml,Item/Item.wz/Consume/0229.img/02290089/info,Item/Item.wz/Consume/0229.img/02290089/info/icon.png,Item/Item.wz/Consume/0229.img/02290089/info/iconRaw.png
Consume,0229,2290090,[Mastery Book] Boomerang Step,This increases the master level of #cBoomerang Step# up to 20 with 70% of chance.rnClass : ShadowerrnCondition : Skill level above 5,1,1,1,,1,Item/Item.wz/Consume/0229.img.xml,Item/Item.wz/Consume/0229.img/02290090/info,Item/Item.wz/Consume/0229.img/02290090/info/icon.png,Item/Item.wz/Consume/0229.img/02290090/info/iconRaw.png
Consume,0229,2290091,[Mastery Book] Boomerang Step,This increases the master level of #cBoomerang Step# up to 30 with 50% of chance.rnClass : ShadowerrnCondition : Skill level above 15,1,1,1,,1,Item/Item.wz/Consume/0229.img.xml,Item/Item.wz/Consume/0229.img/02290091/info,Item/Item.wz/Consume/0229.img/02290091/info/icon.png,Item/Item.wz/Consume/0229.img/02290091/info/iconRaw.png
Consume,0229,2290092,[Mastery Book] Assassinate,This increases the master level of #cAssassinate# up to 20 with 70% of chance.rnClass : ShadowerrnCondition : Skill level above 5,1,1,1,,1,Item/Item.wz/Consume/0229.img.xml,Item/Item.wz/Consume/0229.img/02290092/info,Item/Item.wz/Consume/0229.img/02290092/info/icon.png,Item/Item.wz/Consume/0229.img/02290092/info/iconRaw.png
Consume,0229,2290093,[Mastery Book] Assassinate,This increases the master level of #cAssassinate# up to 30 with 50% of chance.rnClass : ShadowerrnCondition : Skill level above 15,1,1,1,,1,Item/Item.wz/Consume/0229.img.xml,Item/Item.wz/Consume/0229.img/02290093/info,Item/Item.wz/Consume/0229.img/02290093/info/icon.png,Item/Item.wz/Consume/0229.img/02290093/info/iconRaw.png
Consume,0229,2290094,[Mastery Book] Smokescreen,This increases the master level of #cSmokescreen# up to 20 with 70% of chance.rnClass : ShadowerrnCondition : Skill level above 5,1,1,1,,1,Item/Item.wz/Consume/0229.img.xml,Item/Item.wz/Consume/0229.img/02290094/info,Item/Item.wz/Consume/0229.img/02290094/info/icon.png,Item/Item.wz/Consume/0229.img/02290094/info/iconRaw.png
Consume,0229,2290095,[Mastery Book] Smokescreen,This increases the master level of #cSmokescreen# up to 30 with 50% of chance.rnClass : ShadowerrnCondition : Skill level above 15,1,1,1,,1,Item/Item.wz/Consume/0229.img.xml,Item/Item.wz/Consume/0229.img/02290095/info,Item/Item.wz/Consume/0229.img/02290095/info/icon.png,Item/Item.wz/Consume/0229.img/02290095/info/iconRaw.png
Consume,0229,2290096,[Mastery Book] Maple Hero 20,This increases the master level of #cMaple Hero# up to 20 with 70% of chance.rnJob : All 4th Advancement JobsrnCondition : Skill level above 5,1,1,1,,1,Item/Item.wz/Consume/0229.img.xml,Item/Item.wz/Consume/0229.img/02290096/info,Item/Item.wz/Consume/0229.img/02290096/info/icon.png,Item/Item.wz/Consume/0229.img/02290096/info/iconRaw.png
Consume,0229,2290097,[Mastery Book] Dragon Strike,"With a 70% success rate, it raises the Master Level of #cDragon Strike# to 20.nJob : BuccaneernRequirement : At least Level 5 in this skill",1,1,1,,1,Item/Item.wz/Consume/0229.img.xml,Item/Item.wz/Consume/0229.img/02290097/info,Item/Item.wz/Consume/0229.img/02290097/info/icon.png,Item/Item.wz/Consume/0229.img/02290097/info/iconRaw.png
Consume,0229,2290098,[Mastery Book] Dragon Strike,"With a 50% success rate, it raises the Master Level of #cDragon Strike# to 30.nJob : BuccaneernRequirement : At least Level 15 in this skill",1,1,1,,1,Item/Item.wz/Consume/0229.img.xml,Item/Item.wz/Consume/0229.img/02290098/info,Item/Item.wz/Consume/0229.img/02290098/info/icon.png,Item/Item.wz/Consume/0229.img/02290098/info/iconRaw.png
Consume,0229,2290099,[Mastery Book] Energy Orb,"With a 70% success rate, it raises the Master Level of #cEnergy Orb# to 20.nJob : BuccaneernRequirement : At least Level 5 in this skill",1,1,1,,1,Item/Item.wz/Consume/0229.img.xml,Item/Item.wz/Consume/0229.img/02290099/info,Item/Item.wz/Consume/0229.img/02290099/info/icon.png,Item/Item.wz/Consume/0229.img/02290099/info/iconRaw.png
Consume,0229,2290100,[Mastery Book] Energy Orb,"With a 50% success rate, it raises the Master Level of #cEnergy Orb# to 30.nJob : BuccaneernRequirement : At least Level 15 in this skill",1,1,1,,1,Item/Item.wz/Consume/0229.img.xml,Item/Item.wz/Consume/0229.img/02290100/info,Item/Item.wz/Consume/0229.img/02290100/info/icon.png,Item/Item.wz/Consume/0229.img/02290100/info/iconRaw.png
Consume,0229,2290101,[Mastery Book] Super Transformation,"With a 70% success rate, it raises the Master Level of #cSuper Transformation# to 20.nJob : BuccaneernRequirement : At least Level 5 in this skill",1,1,1,,1,Item/Item.wz/Consume/0229.img.xml,Item/Item.wz/Consume/0229.img/02290101/info,Item/Item.wz/Consume/0229.img/02290101/info/icon.png,Item/Item.wz/Consume/0229.img/02290101/info/iconRaw.png
Consume,0229,2290102,[Mastery Book] Demolition,"With a 70% success rate, it raises the Master Level of #cDemolition# to 20.nJob : BuccaneernRequirement : At least Level 5 in this skill",1,1,1,,1,Item/Item.wz/Consume/0229.img.xml,Item/Item.wz/Consume/0229.img/02290102/info,Item/Item.wz/Consume/0229.img/02290102/info/icon.png,Item/Item.wz/Consume/0229.img/02290102/info/iconRaw.png
Consume,0229,2290103,[Mastery Book] Demolition,"With a 50% success rate, it raises the Master Level of #cDemolition# to 30.nJob : BuccaneernRequirement : At least Level 15 in this skill",1,1,1,,1,Item/Item.wz/Consume/0229.img.xml,Item/Item.wz/Consume/0229.img/02290103/info,Item/Item.wz/Consume/0229.img/02290103/info/icon.png,Item/Item.wz/Consume/0229.img/02290103/info/iconRaw.png
Consume,0229,2290104,[Mastery Book] Snatch,"With a 70% success rate, it raises the Master Level of #cSnatch# to 20.nJob : BuccaneernRequirement : At least Level 5 in this skill",1,1,1,,1,Item/Item.wz/Consume/0229.img.xml,Item/Item.wz/Consume/0229.img/02290104/info,Item/Item.wz/Consume/0229.img/02290104/info/icon.png,Item/Item.wz/Consume/0229.img/02290104/info/iconRaw.png
Consume,0229,2290105,[Mastery Book] Snatch,"With a 50% success rate, it raises the Master Level of #cSnatch# to 30.nJob : BuccaneernRequirement : At least Level 15 in this skill",1,1,1,,1,Item/Item.wz/Consume/0229.img.xml,Item/Item.wz/Consume/0229.img/02290105/info,Item/Item.wz/Consume/0229.img/02290105/info/icon.png,Item/Item.wz/Consume/0229.img/02290105/info/iconRaw.png
Consume,0229,2290106,[Mastery Book] Barrage,"With a 70% success rate, it raises the Master Level of #cBarrage# to 20.nJob : BuccaneernRequirement : At least Level 5 in this skill",1,1,1,,1,Item/Item.wz/Consume/0229.img.xml,Item/Item.wz/Consume/0229.img/02290106/info,Item/Item.wz/Consume/0229.img/02290106/info/icon.png,Item/Item.wz/Consume/0229.img/02290106/info/iconRaw.png
Consume,0229,2290107,[Mastery Book] Barrage,"With a 50% success rate, it raises the Master Level of #cBarrage# to 30.nJob : BuccaneernRequirement : At least Level 15 in this skill",1,1,1,,1,Item/Item.wz/Consume/0229.img.xml,Item/Item.wz/Consume/0229.img/02290107/info,Item/Item.wz/Consume/0229.img/02290107/info/icon.png,Item/Item.wz/Consume/0229.img/02290107/info/iconRaw.png
Consume,0229,2290108,[Mastery Book] Speed Infusion,"With a 70% success rate, it raises the Master Level of #cSpeed Infusion# to 20.nJob : BuccaneernRequirement : At least Level 5 in this skill",1,1,1,,1,Item/Item.wz/Consume/0229.img.xml,Item/Item.wz/Consume/0229.img/02290108/info,Item/Item.wz/Consume/0229.img/02290108/info/icon.png,Item/Item.wz/Consume/0229.img/02290108/info/iconRaw.png
Consume,0229,2290110,[Mastery Book] Time Leap,"With a 70% success rate, it raises the Master Level of #cTime Leap# to 20.nJob : BuccaneernRequirement : At least Level 5 in this skill",1,1,1,,1,Item/Item.wz/Consume/0229.img.xml,Item/Item.wz/Consume/0229.img/02290110/info,Item/Item.wz/Consume/0229.img/02290110/info/icon.png,Item/Item.wz/Consume/0229.img/02290110/info/iconRaw.png
Consume,0229,2290111,[Mastery Book] Time Leap,"With a 50% success rate, it raises the Master Level of #cTime Leap# to 30.nJob : BuccaneernRequirement : At least Level 15 in this skill",1,1,1,,1,Item/Item.wz/Consume/0229.img.xml,Item/Item.wz/Consume/0229.img/02290111/info,Item/Item.wz/Consume/0229.img/02290111/info/icon.png,Item/Item.wz/Consume/0229.img/02290111/info/iconRaw.png
Consume,0229,2290112,[Mastery Book] Elemental Boost,"With a 70% success rate, it raises the Master Level of #cElemental Boost# to 20.nJob : CorsairnRequirement : At least Level 5 in this skill",1,1,1,,1,Item/Item.wz/Consume/0229.img.xml,Item/Item.wz/Consume/0229.img/02290112/info,Item/Item.wz/Consume/0229.img/02290112/info/icon.png,Item/Item.wz/Consume/0229.img/02290112/info/iconRaw.png
Consume,0229,2290113,[Mastery Book] Elemental Boost,"With a 50% success rate, it raises the Master Level of #cElemental Boost# to 30.nJob : CorsairnRequirement : At least Level 15 in this skill",1,1,1,,1,Item/Item.wz/Consume/0229.img.xml,Item/Item.wz/Consume/0229.img/02290113/info,Item/Item.wz/Consume/0229.img/02290113/info/icon.png,Item/Item.wz/Consume/0229.img/02290113/info/iconRaw.png
Consume,0229,2290114,[Mastery Book] Wrath of the Octopi,"With a 70% success rate, it raises the Master Level of #cWrath of the Octopi# to 20.nJob : CorsairnRequirement : At least Level 5 in this skill",1,1,1,,1,Item/Item.wz/Consume/0229.img.xml,Item/Item.wz/Consume/0229.img/02290114/info,Item/Item.wz/Consume/0229.img/02290114/info/icon.png,Item/Item.wz/Consume/0229.img/02290114/info/iconRaw.png
Consume,0229,2290115,[Mastery Book] Air Strike,"With a 70% success rate, it raises the Master Level of #cAir Strike# to 20.nJob : CorsairnRequirement : At least Level 5 in this skill",1,1,1,,1,Item/Item.wz/Consume/0229.img.xml,Item/Item.wz/Consume/0229.img/02290115/info,Item/Item.wz/Consume/0229.img/02290115/info/icon.png,Item/Item.wz/Consume/0229.img/02290115/info/iconRaw.png
Consume,0229,2290116,[Mastery Book] Air Strike,"With a 50% success rate, it raises the Master Level of #cAir Strike# to 30.nJob : CorsairnRequirement : At least Level 15 in this skill",1,1,1,,1,Item/Item.wz/Consume/0229.img.xml,Item/Item.wz/Consume/0229.img/02290116/info,Item/Item.wz/Consume/0229.img/02290116/info/icon.png,Item/Item.wz/Consume/0229.img/02290116/info/iconRaw.png
Consume,0229,2290117,[Mastery Book] Rapid Fire,"With a 70% success rate, it raises the Master Level of #cRapid Fire# to 20.\nJob : Corsair\nRequirement : At least Level 5 in this skill",1,1,1,,1,Item/Item.wz/Consume/0229.img.xml,Item/Item.wz/Consume/0229.img/02290117/info,Item/Item.wz/Consume/0229.img/02290117/info/icon.png,Item/Item.wz/Consume/0229.img/02290117/info/iconRaw.png
Consume,0229,2290118,[Mastery Book] Rapid Fire,"With a 50% success rate, it raises the Master Level of #cRapid Fire# to 30.nJob : CorsairnRequirement : At least Level 15 in this skill",1,1,1,,1,Item/Item.wz/Consume/0229.img.xml,Item/Item.wz/Consume/0229.img/02290118/info,Item/Item.wz/Consume/0229.img/02290118/info/icon.png,Item/Item.wz/Consume/0229.img/02290118/info/iconRaw.png
Consume,0229,2290119,[Mastery Book] Battleship Cannon,"With a 70% success rate, it raises the Master Level of #cBattleship Cannon# to 20.nJob : CorsairnRequirement : At least Level 5 in this skill",1,1,1,,1,Item/Item.wz/Consume/0229.img.xml,Item/Item.wz/Consume/0229.img/02290119/info,Item/Item.wz/Consume/0229.img/02290119/info/icon.png,Item/Item.wz/Consume/0229.img/02290119/info/iconRaw.png
Consume,0229,2290120,[Mastery Book] Battleship Cannon,"With a 50% success rate, it raises the Master Level of #cBattleship Cannon# to 30.nJob : CorsairnRequirement : At least Level 15 in this skill",1,1,1,,1,Item/Item.wz/Consume/0229.img.xml,Item/Item.wz/Consume/0229.img/02290120/info,Item/Item.wz/Consume/0229.img/02290120/info/icon.png,Item/Item.wz/Consume/0229.img/02290120/info/iconRaw.png
Consume,0229,2290121,[Mastery Book] Battleship Torpedo,"With a 70% success rate, it raises the Master Level of #cBattleship Torpedo# to 20.nJob : CorsairnRequirement : At least Level 5 in this skill",1,1,1,,1,Item/Item.wz/Consume/0229.img.xml,Item/Item.wz/Consume/0229.img/02290121/info,Item/Item.wz/Consume/0229.img/02290121/info/icon.png,Item/Item.wz/Consume/0229.img/02290121/info/iconRaw.png
Consume,0229,2290122,[Mastery Book] Battleship Torpedo,"With a 50% success rate, it raises the Master Level of #cBattleship Torpedo# to 30.nJob : CorsairnRequirement : At least Level 15 in this skill",1,1,1,,1,Item/Item.wz/Consume/0229.img.xml,Item/Item.wz/Consume/0229.img/02290122/info,Item/Item.wz/Consume/0229.img/02290122/info/icon.png,Item/Item.wz/Consume/0229.img/02290122/info/iconRaw.png
Consume,0229,2290123,[Mastery Book] Hypnotize,"With a 70% success rate, it raises the Master Level of #cHypnotize# to 20.nJob : CorsairnRequirement : At least Level 5 in this skill",1,1,1,,1,Item/Item.wz/Consume/0229.img.xml,Item/Item.wz/Consume/0229.img/02290123/info,Item/Item.wz/Consume/0229.img/02290123/info/icon.png,Item/Item.wz/Consume/0229.img/02290123/info/iconRaw.png
Consume,0229,2290124,[Mastery Book] Bullseye,"With a 70% success rate, it raises the Master Level of #cBullseye# to 20.nJob : CorsairnRequirement : At least Level 5 in this skill",1,1,1,,1,Item/Item.wz/Consume/0229.img.xml,Item/Item.wz/Consume/0229.img/02290124/info,Item/Item.wz/Consume/0229.img/02290124/info/icon.png,Item/Item.wz/Consume/0229.img/02290124/info/iconRaw.png
Consume,0229,2290125,[Mastery Book] Maple Hero 30,This increases the master level of #cMaple Hero# up to 30 with 50% of chance.rnJob : All 4th Advancement JobsrnCondition : Skill level above 15,1,1,1,,1,Item/Item.wz/Consume/0229.img.xml,Item/Item.wz/Consume/0229.img/02290125/info,Item/Item.wz/Consume/0229.img/02290125/info/icon.png,Item/Item.wz/Consume/0229.img/02290125/info/iconRaw.png
Consume,0229,2290126,[Mastery Book] Overswing 20,"With a 70% success rate, raises the Mastery Level of #cOverswing# to 20.\nJob: Aran\nCondition: Min Skill Lv. 5",1,1,1,,1,Item/Item.wz/Consume/0229.img.xml,Item/Item.wz/Consume/0229.img/02290126/info,Item/Item.wz/Consume/0229.img/02290126/info/icon.png,Item/Item.wz/Consume/0229.img/02290126/info/iconRaw.png
Consume,0229,2290127,[Mastery Book] Overswing 30,"With a 50% success rate, raises the Mastery Level of #cOverswing# to 30.\nJob: Aran\nCondition: Min Skill Lv. 15",1,1,1,,1,Item/Item.wz/Consume/0229.img.xml,Item/Item.wz/Consume/0229.img/02290127/info,Item/Item.wz/Consume/0229.img/02290127/info/icon.png,Item/Item.wz/Consume/0229.img/02290127/info/iconRaw.png
Consume,0229,2290128,[Mastery Book] High Mastery 20,"With a 70% success rate, raises the Mastery Level of #cHigh Mastery# to 20.\nJob: Aran\nCondition: Min Skill Lv. 5",1,1,1,,1,Item/Item.wz/Consume/0229.img.xml,Item/Item.wz/Consume/0229.img/02290128/info,Item/Item.wz/Consume/0229.img/02290128/info/icon.png,Item/Item.wz/Consume/0229.img/02290128/info/iconRaw.png
Consume,0229,2290129,[Mastery Book]High Mastery 30,"With a 50% success rate, raises the Mastery Level of #cHigh Mastery# to 30.\nJob: Aran\nCondition: Min Skill Lv. 15",1,1,1,,1,Item/Item.wz/Consume/0229.img.xml,Item/Item.wz/Consume/0229.img/02290129/info,Item/Item.wz/Consume/0229.img/02290129/info/icon.png,Item/Item.wz/Consume/0229.img/02290129/info/iconRaw.png
Consume,0229,2290130,[Mastery Book] Freeze Standing 20,"With a 70% success rate, raises the Mastery Level of #cFreeze Standing# to 20.\nJob: Aran\nCondition: Min Skill Lv. 5",1,1,1,,1,Item/Item.wz/Consume/0229.img.xml,Item/Item.wz/Consume/0229.img/02290130/info,Item/Item.wz/Consume/0229.img/02290130/info/icon.png,Item/Item.wz/Consume/0229.img/02290130/info/iconRaw.png
Consume,0229,2290131,[Mastery Book] Freeze Standing 30,"With a 50% success rate, raises the Mastery Level of #cFreeze Standing# to 30.\nJob: Aran\nCondition: Min Skill Lv. 15",1,1,1,,1,Item/Item.wz/Consume/0229.img.xml,Item/Item.wz/Consume/0229.img/02290131/info,Item/Item.wz/Consume/0229.img/02290131/info/icon.png,Item/Item.wz/Consume/0229.img/02290131/info/iconRaw.png
Consume,0229,2290132,[Mastery Book] Final Blow 20,"With a 70% success rate, raises the Mastery Level of #cFinal Blow# to 20.\nJob: Aran\nCondition: Min Skill Lv. 5",1,1,1,,1,Item/Item.wz/Consume/0229.img.xml,Item/Item.wz/Consume/0229.img/02290132/info,Item/Item.wz/Consume/0229.img/02290132/info/icon.png,Item/Item.wz/Consume/0229.img/02290132/info/iconRaw.png
Consume,0229,2290133,[Mastery Book] Final Blow 30,"With a 50% success rate, raises the Mastery Level of #cFinal Blow# to 30.\nJob: Aran\nCondition: Min Skill Lv. 15",1,1,1,,1,Item/Item.wz/Consume/0229.img.xml,Item/Item.wz/Consume/0229.img/02290133/info,Item/Item.wz/Consume/0229.img/02290133/info/icon.png,Item/Item.wz/Consume/0229.img/02290133/info/iconRaw.png
Consume,0229,2290134,[Mastery Book] High Defense 20,"With a 70% success rate, raises the Mastery Level of #cHigh Defense# to 20.\nJob: Aran\nCondition: Min Skill Lv. 5",1,1,1,,1,Item/Item.wz/Consume/0229.img.xml,Item/Item.wz/Consume/0229.img/02290134/info,Item/Item.wz/Consume/0229.img/02290134/info/icon.png,Item/Item.wz/Consume/0229.img/02290134/info/iconRaw.png
Consume,0229,2290135,[Mastery Book] High Defense 30,"With a 50% success rate, raises the Mastery Level of #cHigh Defense# to 30.\nJob: Aran\nCondition: Min Skill Lv. 15",1,1,1,,1,Item/Item.wz/Consume/0229.img.xml,Item/Item.wz/Consume/0229.img/02290135/info,Item/Item.wz/Consume/0229.img/02290135/info/icon.png,Item/Item.wz/Consume/0229.img/02290135/info/iconRaw.png
Consume,0229,2290136,[Mastery Book] Combo Tempest 20,"With a 70% success rate, raises the Mastery Level of #cCombo Tempest# to 20.\nJob: Aran\nCondition: Min Skill Lv. 5",1,1,1,,1,Item/Item.wz/Consume/0229.img.xml,Item/Item.wz/Consume/0229.img/02290136/info,Item/Item.wz/Consume/0229.img/02290136/info/icon.png,Item/Item.wz/Consume/0229.img/02290136/info/iconRaw.png
Consume,0229,2290137,[Mastery Book] Combo Tempest 30,"With a 50% success rate, raises the Mastery Level of #cCombo Tempest# to 30.\nJob: Aran\nCondition: Min Skill Lv. 15",1,1,1,,1,Item/Item.wz/Consume/0229.img.xml,Item/Item.wz/Consume/0229.img/02290137/info,Item/Item.wz/Consume/0229.img/02290137/info/icon.png,Item/Item.wz/Consume/0229.img/02290137/info/iconRaw.png
Consume,0229,2290138,[Mastery Book] Combo Barrier 20,"With a 70% success rate, raises the Mastery Level of #cCombo Barrier# to 20.\nJob: Aran\nCondition: Min Skill Lv. 5",1,1,1,,1,Item/Item.wz/Consume/0229.img.xml,Item/Item.wz/Consume/0229.img/02290138/info,Item/Item.wz/Consume/0229.img/02290138/info/icon.png,Item/Item.wz/Consume/0229.img/02290138/info/iconRaw.png
Consume,0229,2290139,[Mastery Book] Combo Barrier 30,"With a 50% success rate, raises the Mastery Level of #cCombo Barrier# to 30.\nJob: Aran\nCondition: Min Skill Lv. 15",1,1,1,,1,Item/Item.wz/Consume/0229.img.xml,Item/Item.wz/Consume/0229.img/02290139/info,Item/Item.wz/Consume/0229.img/02290139/info/icon.png,Item/Item.wz/Consume/0229.img/02290139/info/iconRaw.png
Consume,0231,2310000,The Owl of Minerva,"#cThe Owl of Minerva#, which represents wisdom, can be used to search for items sold at the Free Market. #cDisappears right after showing the results of the item search#.",1,1,1,,1,Item/Item.wz/Consume/0231.img.xml,Item/Item.wz/Consume/0231.img/02310000/info,Item/Item.wz/Consume/0231.img/02310000/info/icon.png,Item/Item.wz/Consume/0231.img/02310000/info/iconRaw.png
Consume,0232,2320000,Teleport Rock,"Remembers 5 maps of your choice. This rock will enable you to #cteleport to the map you remembered#. It can even allow you to #cmove to the map where a certain character is#, provided that the person is in the same channel at the same world.",1,1,1,,1,Item/Item.wz/Consume/0232.img.xml,Item/Item.wz/Consume/0232.img/02320000/info,Item/Item.wz/Consume/0232.img/02320000/info/icon.png,Item/Item.wz/Consume/0232.img/02320000/info/iconRaw.png
Consume,0233,2330000,Bullet,"A bullet made out of steel. A set contains numerous bullets and once they are used up, they'll need to be recharged.\nAttack + 10",1,1,250,,800,Item/Item.wz/Consume/0233.img.xml,Item/Item.wz/Consume/0233.img/02330000/info,Item/Item.wz/Consume/0233.img/02330000/info/icon.png,Item/Item.wz/Consume/0233.img/02330000/info/iconRaw.png
Consume,0233,2330001,Split Bullet,"A bullet made out of steel. A set contains numerous bullets and once they are used up, they'll need to be recharged.rnAttack + 12",1,1,500,,1200,Item/Item.wz/Consume/0233.img.xml,Item/Item.wz/Consume/0233.img/02330001/info,Item/Item.wz/Consume/0233.img/02330001/info/icon.png,Item/Item.wz/Consume/0233.img/02330001/info/iconRaw.png
Consume,0233,2330002,Mighty Bullet,"A bullet made out of steel. A set contains numerous bullets and once they are used up, they'll need to be recharged.rnAttack + 14",1,1,1000,,1600,Item/Item.wz/Consume/0233.img.xml,Item/Item.wz/Consume/0233.img/02330002/info,Item/Item.wz/Consume/0233.img/02330002/info/icon.png,Item/Item.wz/Consume/0233.img/02330002/info/iconRaw.png
Consume,0233,2330003,Vital Bullet,"A bullet made out of steel. A set contains numerous bullets and once they are used up, they'll need to be recharged.rnAttack + 16",1,1,1500,,2200,Item/Item.wz/Consume/0233.img.xml,Item/Item.wz/Consume/0233.img/02330003/info,Item/Item.wz/Consume/0233.img/02330003/info/icon.png,Item/Item.wz/Consume/0233.img/02330003/info/iconRaw.png
Consume,0233,2330004,Shiny Bullet,"A bullet made out of steel. A set contains numerous bullets and once they are used up, they'll need to be recharged.rnAttack + 18",1,1,2500,,2600,Item/Item.wz/Consume/0233.img.xml,Item/Item.wz/Consume/0233.img/02330004/info,Item/Item.wz/Consume/0233.img/02330004/info/icon.png,Item/Item.wz/Consume/0233.img/02330004/info/iconRaw.png
Consume,0233,2330005,Eternal Bullet,"A bullet made out of steel. A set contains numerous bullets and once they are used up, they'll need to be recharged.\nAttack + 20",1,1,10000,,3000,Item/Item.wz/Consume/0233.img.xml,Item/Item.wz/Consume/0233.img/02330005/info,Item/Item.wz/Consume/0233.img/02330005/info/icon.png,Item/Item.wz/Consume/0233.img/02330005/info/iconRaw.png
Consume,0233,2330006,Bullet for Novice Pirates,A bullet made out of steel. A set contains numerous bullets.rnAttack + 10,1,1,20000,,600,Item/Item.wz/Consume/0233.img.xml,Item/Item.wz/Consume/0233.img/02330006/info,Item/Item.wz/Consume/0233.img/02330006/info/icon.png,Item/Item.wz/Consume/0233.img/02330006/info/iconRaw.png
Consume,0233,2331000,Blaze Capsule,A capsule used for fire-elemental attacks.,1,1,2500,,800,Item/Item.wz/Consume/0233.img.xml,Item/Item.wz/Consume/0233.img/02331000/info,Item/Item.wz/Consume/0233.img/02331000/info/icon.png,Item/Item.wz/Consume/0233.img/02331000/info/iconRaw.png
Consume,0233,2332000,Glaze Capsule,A capsule used for ice-elemental attacks.,1,1,2500,,800,Item/Item.wz/Consume/0233.img.xml,Item/Item.wz/Consume/0233.img/02332000/info,Item/Item.wz/Consume/0233.img/02332000/info/icon.png,Item/Item.wz/Consume/0233.img/02332000/info/iconRaw.png
Consume,0234,2340000,White Scroll,"One of Subani's sacred Scrolls. If used in conjunction with a normal or Dark Scroll, the number of item upgrade slots will not be deducted if the scroll fails. However, if using a Dark Scroll, there is still a chance that your weapon will be destroyed.",1,1,,,,Item/Item.wz/Consume/0234.img.xml,Item/Item.wz/Consume/0234.img/02340000/info,Item/Item.wz/Consume/0234.img/02340000/info/icon.png,Item/Item.wz/Consume/0234.img/02340000/info/iconRaw.png
Consume,0236,2360000,Change to Ghost,"First the body feels light, then all of a sudden, you're floating. Oh no, you're a ghost!",1,1,1,,200,Item/Item.wz/Consume/0236.img.xml,Item/Item.wz/Consume/0236.img/02360000/info,Item/Item.wz/Consume/0236.img/02360000/info/icon.png,Item/Item.wz/Consume/0236.img/02360000/info/iconRaw.png
Consume,0236,2360001,Ghost Candy,A ghost-shaped candy with a mysterious set of ingredients. Take this to change into a ghost for 1 hour.,1,1,1,,200,Item/Item.wz/Consume/0236.img.xml,Item/Item.wz/Consume/0236.img/02360001/info,Item/Item.wz/Consume/0236.img/02360001/info/icon.png,Item/Item.wz/Consume/0236.img/02360001/info/iconRaw.png
Consume,0236,2360002,Board the Spaceship,Let's go rescue Gaga!,1,1,1,,1,Item/Item.wz/Consume/0236.img.xml,Item/Item.wz/Consume/0236.img/02360002/info,Item/Item.wz/Consume/0236.img/02360002/info/icon.png,Item/Item.wz/Consume/0236.img/02360002/info/iconRaw.png
Consume,0237,2370000,The Songs of Solomon,"An ancient collection of poems and life lessons from various elders, sages and warriors in the Maple World. Reading this allows one to gain their collective experience (EXP) in a single second.  This edition provides 100,000 EXP. Only available fo",1,1,1,,,Item/Item.wz/Consume/0237.img.xml,Item/Item.wz/Consume/0237.img/02370000/info,Item/Item.wz/Consume/0237.img/02370000/info/icon.png,Item/Item.wz/Consume/0237.img/02370000/info/iconRaw.png
Consume,0237,2370001,The Stories of Solomon,"An ancient book of stories, fables and other myths from various elders, sages and warriors in the Maple World. Reading this allows one to gain their collective experience (EXP) in a single second.  This edition provides 50,000 EXP. Only available",1,1,1,,,Item/Item.wz/Consume/0237.img.xml,Item/Item.wz/Consume/0237.img/02370001/info,Item/Item.wz/Consume/0237.img/02370001/info/icon.png,Item/Item.wz/Consume/0237.img/02370001/info/iconRaw.png
Consume,0237,2370002,The Travels of Solomon,"An ancient collection of map routes, hidden paths and shortcuts from various elders, sages and warriors in the Maple World. Reading this allows one to gain their collective experience (EXP) in a single second.  This edition provides 30,000 EXP. On",1,1,1,,,Item/Item.wz/Consume/0237.img.xml,Item/Item.wz/Consume/0237.img/02370002/info,Item/Item.wz/Consume/0237.img/02370002/info/icon.png,Item/Item.wz/Consume/0237.img/02370002/info/iconRaw.png
Consume,0237,2370003,The Writs of Solomon X,"An ancient document of collected wisdom from various elders, sages and warriors in the Maple World. Reading this allows one to gain their collective experience (EXP) in a single second.  This edition provides 20,000 EXP. Only available for users u",1,1,1,,,Item/Item.wz/Consume/0237.img.xml,Item/Item.wz/Consume/0237.img/02370003/info,Item/Item.wz/Consume/0237.img/02370003/info/icon.png,Item/Item.wz/Consume/0237.img/02370003/info/iconRaw.png
Consume,0237,2370004,The Writs of Solomon IX,"An ancient document of collected wisdom from various elders, sages and warriors in the Maple World. Reading this allows one to gain their collective experience (EXP) in a single second.  This edition provides 10,000 EXP. Only available for users u",1,1,1,,,Item/Item.wz/Consume/0237.img.xml,Item/Item.wz/Consume/0237.img/02370004/info,Item/Item.wz/Consume/0237.img/02370004/info/icon.png,Item/Item.wz/Consume/0237.img/02370004/info/iconRaw.png
Consume,0237,2370005,The Writs of Solomon VIII,"An ancient document of collected wisdom from various elders, sages and warriors in the Maple World. Reading this allows one to gain their collective experience (EXP) in a single second.  This edition provides 5,000 EXP. Only available for users un",1,1,1,,,Item/Item.wz/Consume/0237.img.xml,Item/Item.wz/Consume/0237.img/02370005/info,Item/Item.wz/Consume/0237.img/02370005/info/icon.png,Item/Item.wz/Consume/0237.img/02370005/info/iconRaw.png
Consume,0237,2370006,The Writs of Solomon VII,"An ancient document of collected wisdom from various elders, sages and warriors in the Maple World. Reading this allows one to gain their collective experience (EXP) in a single second.  This edition provides 3,000 EXP. Only available for users un",1,1,1,,,Item/Item.wz/Consume/0237.img.xml,Item/Item.wz/Consume/0237.img/02370006/info,Item/Item.wz/Consume/0237.img/02370006/info/icon.png,Item/Item.wz/Consume/0237.img/02370006/info/iconRaw.png
Consume,0237,2370007,The Writs of Solomon VI,"An ancient document of collected wisdom from various elders, sages and warriors in the Maple World. Reading this allows one to gain their collective experience (EXP) in a single second.  This edition provides 2,000 EXP. Only available for users un",1,1,1,,,Item/Item.wz/Consume/0237.img.xml,Item/Item.wz/Consume/0237.img/02370007/info,Item/Item.wz/Consume/0237.img/02370007/info/icon.png,Item/Item.wz/Consume/0237.img/02370007/info/iconRaw.png
Consume,0237,2370008,The Writs of Solomon V,"An ancient document of collected wisdom from various elders, sages and warriors in the Maple World. Reading this allows one to gain their collective experience (EXP) in a single second.  This edition provides 1,000 EXP. Only available for users un",1,1,1,,,Item/Item.wz/Consume/0237.img.xml,Item/Item.wz/Consume/0237.img/02370008/info,Item/Item.wz/Consume/0237.img/02370008/info/icon.png,Item/Item.wz/Consume/0237.img/02370008/info/iconRaw.png
Consume,0237,2370009,The Writs of Solomon IV,"An ancient document of collected wisdom from various elders, sages and warriors in the Maple World. Reading this allows one to gain their collective experience (EXP) in a single second. This edition provides 500 EXP. Only available for users under",1,1,1,,,Item/Item.wz/Consume/0237.img.xml,Item/Item.wz/Consume/0237.img/02370009/info,Item/Item.wz/Consume/0237.img/02370009/info/icon.png,Item/Item.wz/Consume/0237.img/02370009/info/iconRaw.png
Consume,0237,2370010,The Writs of Solomon III,"An ancient document of collected wisdom from various elders, sages and warriors in the Maple World. Reading this allows one to gain their collective experience (EXP) in a single second. This edition provides 300 EXP. Only available for users under",1,1,1,,,Item/Item.wz/Consume/0237.img.xml,Item/Item.wz/Consume/0237.img/02370010/info,Item/Item.wz/Consume/0237.img/02370010/info/icon.png,Item/Item.wz/Consume/0237.img/02370010/info/iconRaw.png
Consume,0237,2370011,The Writs of Solomon II,"An ancient document of collected wisdom from various elders, sages and warriors in the Maple World. Reading this allows one to gain their collective experience (EXP) in a single second. This edition provides 200 EXP. Only available for users under",1,1,1,,,Item/Item.wz/Consume/0237.img.xml,Item/Item.wz/Consume/0237.img/02370011/info,Item/Item.wz/Consume/0237.img/02370011/info/icon.png,Item/Item.wz/Consume/0237.img/02370011/info/iconRaw.png
Consume,0237,2370012,The Writs of Solomon I,"An ancient document of collected wisdom from various elders, sages and warriors in the Maple World. Reading this allows one to gain their collective experience (EXP) in a single second. This edition provides 100 EXP. Only available for users under",1,1,1,,,Item/Item.wz/Consume/0237.img.xml,Item/Item.wz/Consume/0237.img/02370012/info,Item/Item.wz/Consume/0237.img/02370012/info/icon.png,Item/Item.wz/Consume/0237.img/02370012/info/iconRaw.png
Consume,0238,2380000,Snail Card,A card that features Snail.,1,1,1,,,Item/Item.wz/Consume/0238.img.xml,Item/Item.wz/Consume/0238.img/02380000/info,Item/Item.wz/Consume/0238.img/02380000/info/icon.png,Item/Item.wz/Consume/0238.img/02380000/info/iconRaw.png
Consume,0238,2380001,Blue Snail Card,A card that features Blue Snail.,1,1,1,,,Item/Item.wz/Consume/0238.img.xml,Item/Item.wz/Consume/0238.img/02380001/info,Item/Item.wz/Consume/0238.img/02380001/info/icon.png,Item/Item.wz/Consume/0238.img/02380001/info/iconRaw.png
Consume,0238,2380002,Spore Card,A card that features Spore.,1,1,1,,,Item/Item.wz/Consume/0238.img.xml,Item/Item.wz/Consume/0238.img/02380002/info,Item/Item.wz/Consume/0238.img/02380002/info/icon.png,Item/Item.wz/Consume/0238.img/02380002/info/iconRaw.png
Consume,0238,2380003,Stump Card,StumpA card that features,1,1,1,,,Item/Item.wz/Consume/0238.img.xml,Item/Item.wz/Consume/0238.img/02380003/info,Item/Item.wz/Consume/0238.img/02380003/info/icon.png,Item/Item.wz/Consume/0238.img/02380003/info/iconRaw.png
Consume,0238,2380004,Red Snail Card,Red SnailA card that features,1,1,1,,,Item/Item.wz/Consume/0238.img.xml,Item/Item.wz/Consume/0238.img/02380004/info,Item/Item.wz/Consume/0238.img/02380004/info/icon.png,Item/Item.wz/Consume/0238.img/02380004/info/iconRaw.png
Consume,0238,2380005,Slime Card,A card that features Slime,1,1,1,,,Item/Item.wz/Consume/0238.img.xml,Item/Item.wz/Consume/0238.img/02380005/info,Item/Item.wz/Consume/0238.img/02380005/info/icon.png,Item/Item.wz/Consume/0238.img/02380005/info/iconRaw.png
Consume,0238,2380006,Pig Card,A card that features Pig,1,1,1,,,Item/Item.wz/Consume/0238.img.xml,Item/Item.wz/Consume/0238.img/02380006/info,Item/Item.wz/Consume/0238.img/02380006/info/icon.png,Item/Item.wz/Consume/0238.img/02380006/info/iconRaw.png
Consume,0238,2380007,Orange Mushroom Card,A card that features Orange Mushroom.,1,1,1,,,Item/Item.wz/Consume/0238.img.xml,Item/Item.wz/Consume/0238.img/02380007/info,Item/Item.wz/Consume/0238.img/02380007/info/icon.png,Item/Item.wz/Consume/0238.img/02380007/info/iconRaw.png
Consume,0238,2380008,Dark Stump Card,A card that features Dark Stump.,1,1,1,,,Item/Item.wz/Consume/0238.img.xml,Item/Item.wz/Consume/0238.img/02380008/info,Item/Item.wz/Consume/0238.img/02380008/info/icon.png,Item/Item.wz/Consume/0238.img/02380008/info/iconRaw.png
Consume,0238,2380009,Ribbon Pig Card,A card that features Ribbon Pig,1,1,1,,,Item/Item.wz/Consume/0238.img.xml,Item/Item.wz/Consume/0238.img/02380009/info,Item/Item.wz/Consume/0238.img/02380009/info/icon.png,Item/Item.wz/Consume/0238.img/02380009/info/iconRaw.png
Consume,0238,2380010,Octopus Card,A card that features Octopus.,1,1,1,,,Item/Item.wz/Consume/0238.img.xml,Item/Item.wz/Consume/0238.img/02380010/info,Item/Item.wz/Consume/0238.img/02380010/info/icon.png,Item/Item.wz/Consume/0238.img/02380010/info/iconRaw.png
Consume,0238,2380011,Green Mushroom Card,A card that features Green Mushroom.,1,1,1,,,Item/Item.wz/Consume/0238.img.xml,Item/Item.wz/Consume/0238.img/02380011/info,Item/Item.wz/Consume/0238.img/02380011/info/icon.png,Item/Item.wz/Consume/0238.img/02380011/info/iconRaw.png
Consume,0238,2380012,Bubbling Card,A card that features Bubbling.,1,1,1,,,Item/Item.wz/Consume/0238.img.xml,Item/Item.wz/Consume/0238.img/02380012/info,Item/Item.wz/Consume/0238.img/02380012/info/icon.png,Item/Item.wz/Consume/0238.img/02380012/info/iconRaw.png
Consume,0238,2380013,Cynical Orange Mushroom Card,A card featuring the Cynical Orange Mushroom.,1,1,1,,,Item/Item.wz/Consume/0238.img.xml,Item/Item.wz/Consume/0238.img/02380013/info,Item/Item.wz/Consume/0238.img/02380013/info/icon.png,Item/Item.wz/Consume/0238.img/02380013/info/iconRaw.png
Consume,0238,2380014,Dejected Green Mushroom Card,A card featuring the Dejected Green Mushroom.,1,1,1,,,Item/Item.wz/Consume/0238.img.xml,Item/Item.wz/Consume/0238.img/02380014/info,Item/Item.wz/Consume/0238.img/02380014/info/icon.png,Item/Item.wz/Consume/0238.img/02380014/info/iconRaw.png
Consume,0238,2380015,Muru Card,A card featuring Muru.,1,1,1,,,Item/Item.wz/Consume/0238.img.xml,Item/Item.wz/Consume/0238.img/02380015/info,Item/Item.wz/Consume/0238.img/02380015/info/icon.png,Item/Item.wz/Consume/0238.img/02380015/info/iconRaw.png
Consume,0238,2380016,Murupa Card,A card featuring Murupa.,1,1,1,,,Item/Item.wz/Consume/0238.img.xml,Item/Item.wz/Consume/0238.img/02380016/info,Item/Item.wz/Consume/0238.img/02380016/info/icon.png,Item/Item.wz/Consume/0238.img/02380016/info/iconRaw.png
Consume,0238,2380017,Murupia Card,A card featuring Murupia.,1,1,1,,,Item/Item.wz/Consume/0238.img.xml,Item/Item.wz/Consume/0238.img/02380017/info,Item/Item.wz/Consume/0238.img/02380017/info/icon.png,Item/Item.wz/Consume/0238.img/02380017/info/iconRaw.png
Consume,0238,2380018,MuruMuru Card,A card featuring MuruMuru.,1,1,1,,,Item/Item.wz/Consume/0238.img.xml,Item/Item.wz/Consume/0238.img/02380018/info,Item/Item.wz/Consume/0238.img/02380018/info/icon.png,Item/Item.wz/Consume/0238.img/02380018/info/iconRaw.png
Consume,0238,2380019,Murukun Card,A card featuring Murukun.,1,1,1,,,Item/Item.wz/Consume/0238.img.xml,Item/Item.wz/Consume/0238.img/02380019/info,Item/Item.wz/Consume/0238.img/02380019/info/icon.png,Item/Item.wz/Consume/0238.img/02380019/info/iconRaw.png
Consume,0238,2381000,Axe Stump Card,A card that features Axe Stump,1,1,1,,,Item/Item.wz/Consume/0238.img.xml,Item/Item.wz/Consume/0238.img/02381000/info,Item/Item.wz/Consume/0238.img/02381000/info/icon.png,Item/Item.wz/Consume/0238.img/02381000/info/iconRaw.png
Consume,0238,2381001,Ghost Stump Card,A card that features Ghost Stump.,1,1,1,,,Item/Item.wz/Consume/0238.img.xml,Item/Item.wz/Consume/0238.img/02381001/info,Item/Item.wz/Consume/0238.img/02381001/info/icon.png,Item/Item.wz/Consume/0238.img/02381001/info/iconRaw.png
Consume,0238,2381002,Blue Mushroom Card,A card that features Blue Mushroom.,1,1,1,,,Item/Item.wz/Consume/0238.img.xml,Item/Item.wz/Consume/0238.img/02381002/info,Item/Item.wz/Consume/0238.img/02381002/info/icon.png,Item/Item.wz/Consume/0238.img/02381002/info/iconRaw.png
Consume,0238,2381003,Stirge Card,A card that features Stirge.,1,1,1,,,Item/Item.wz/Consume/0238.img.xml,Item/Item.wz/Consume/0238.img/02381003/info,Item/Item.wz/Consume/0238.img/02381003/info/icon.png,Item/Item.wz/Consume/0238.img/02381003/info/iconRaw.png
Consume,0238,2381004,Female Desert Rabbit Card,A card that features Female Desert Rabbit.,1,1,1,,,Item/Item.wz/Consume/0238.img.xml,Item/Item.wz/Consume/0238.img/02381004/info,Item/Item.wz/Consume/0238.img/02381004/info/icon.png,Item/Item.wz/Consume/0238.img/02381004/info/iconRaw.png
Consume,0238,2381005,Male Desert Rabbit Card,A card that features Male Desert Rabbit.,1,1,1,,,Item/Item.wz/Consume/0238.img.xml,Item/Item.wz/Consume/0238.img/02381005/info,Item/Item.wz/Consume/0238.img/02381005/info/icon.png,Item/Item.wz/Consume/0238.img/02381005/info/iconRaw.png
Consume,0238,2381006,Jr. Necki Card,A card that features Jr. Necki.,1,1,1,,,Item/Item.wz/Consume/0238.img.xml,Item/Item.wz/Consume/0238.img/02381006/info,Item/Item.wz/Consume/0238.img/02381006/info/icon.png,Item/Item.wz/Consume/0238.img/02381006/info/iconRaw.png
Consume,0238,2381007,Horny Mushroom Card,A card that features Horny Mushroom.,1,1,1,,,Item/Item.wz/Consume/0238.img.xml,Item/Item.wz/Consume/0238.img/02381007/info,Item/Item.wz/Consume/0238.img/02381007/info/icon.png,Item/Item.wz/Consume/0238.img/02381007/info/iconRaw.png
Consume,0238,2381008,Dark Axe Stump Card,A card that features Dark Axe Stump.,1,1,1,,,Item/Item.wz/Consume/0238.img.xml,Item/Item.wz/Consume/0238.img/02381008/info,Item/Item.wz/Consume/0238.img/02381008/info/icon.png,Item/Item.wz/Consume/0238.img/02381008/info/iconRaw.png
Consume,0238,2381009,Pinboom Card,A card that features Pinboom.,1,1,1,,,Item/Item.wz/Consume/0238.img.xml,Item/Item.wz/Consume/0238.img/02381009/info,Item/Item.wz/Consume/0238.img/02381009/info/icon.png,Item/Item.wz/Consume/0238.img/02381009/info/iconRaw.png
Consume,0238,2381010,Jr. Cactus Card,A card that features Jr. Cactus.,1,1,1,,,Item/Item.wz/Consume/0238.img.xml,Item/Item.wz/Consume/0238.img/02381010/info,Item/Item.wz/Consume/0238.img/02381010/info/icon.png,Item/Item.wz/Consume/0238.img/02381010/info/iconRaw.png
Consume,0238,2381011,Trixter Card,A card that features Trixter.,1,1,1,,,Item/Item.wz/Consume/0238.img.xml,Item/Item.wz/Consume/0238.img/02381011/info,Item/Item.wz/Consume/0238.img/02381011/info/icon.png,Item/Item.wz/Consume/0238.img/02381011/info/iconRaw.png
Consume,0238,2381012,Jr. Sentinel Card,A card that features Jr. Sentinel.,1,1,1,,,Item/Item.wz/Consume/0238.img.xml,Item/Item.wz/Consume/0238.img/02381012/info,Item/Item.wz/Consume/0238.img/02381012/info/icon.png,Item/Item.wz/Consume/0238.img/02381012/info/iconRaw.png
Consume,0238,2381013,Seacle Card,A card that features Seacle.,1,1,1,,,Item/Item.wz/Consume/0238.img.xml,Item/Item.wz/Consume/0238.img/02381013/info,Item/Item.wz/Consume/0238.img/02381013/info/icon.png,Item/Item.wz/Consume/0238.img/02381013/info/iconRaw.png
Consume,0238,2381014,Wooden Mask Card,A card that features Wooden Mask.,1,1,1,,,Item/Item.wz/Consume/0238.img.xml,Item/Item.wz/Consume/0238.img/02381014/info,Item/Item.wz/Consume/0238.img/02381014/info/icon.png,Item/Item.wz/Consume/0238.img/02381014/info/iconRaw.png
Consume,0238,2381015,Bellamoa Card,A card that features Bellamoa.,1,1,1,,,Item/Item.wz/Consume/0238.img.xml,Item/Item.wz/Consume/0238.img/02381015/info,Item/Item.wz/Consume/0238.img/02381015/info/icon.png,Item/Item.wz/Consume/0238.img/02381015/info/iconRaw.png
Consume,0238,2381016,Zombie Mushroom Card,A card that features Zombie Mushroom.,1,1,1,,,Item/Item.wz/Consume/0238.img.xml,Item/Item.wz/Consume/0238.img/02381016/info,Item/Item.wz/Consume/0238.img/02381016/info/icon.png,Item/Item.wz/Consume/0238.img/02381016/info/iconRaw.png
Consume,0238,2381017,Krappy Card,A card that features Krappy.,1,1,1,,,Item/Item.wz/Consume/0238.img.xml,Item/Item.wz/Consume/0238.img/02381017/info,Item/Item.wz/Consume/0238.img/02381017/info/icon.png,Item/Item.wz/Consume/0238.img/02381017/info/iconRaw.png
Consume,0238,2381018,Rocky Mask Card,A card that features Rocky Mask.,1,1,1,,,Item/Item.wz/Consume/0238.img.xml,Item/Item.wz/Consume/0238.img/02381018/info,Item/Item.wz/Consume/0238.img/02381018/info/icon.png,Item/Item.wz/Consume/0238.img/02381018/info/iconRaw.png
Consume,0238,2381019,Ear Plug Plead Card,A card that features Ear Plug Plead.,1,1,1,,,Item/Item.wz/Consume/0238.img.xml,Item/Item.wz/Consume/0238.img/02381019/info,Item/Item.wz/Consume/0238.img/02381019/info/icon.png,Item/Item.wz/Consume/0238.img/02381019/info/iconRaw.png
Consume,0238,2381020,Sand Rat Card,A card that features Sand Rat.,1,1,1,,,Item/Item.wz/Consume/0238.img.xml,Item/Item.wz/Consume/0238.img/02381020/info,Item/Item.wz/Consume/0238.img/02381020/info/icon.png,Item/Item.wz/Consume/0238.img/02381020/info/iconRaw.png
Consume,0238,2381021,Cico Card,A card that features Cico,1,1,1,,,Item/Item.wz/Consume/0238.img.xml,Item/Item.wz/Consume/0238.img/02381021/info,Item/Item.wz/Consume/0238.img/02381021/info/icon.png,Item/Item.wz/Consume/0238.img/02381021/info/iconRaw.png
Consume,0238,2381022,Wild Boar Card,A card that features Wild Boar.,1,1,1,,,Item/Item.wz/Consume/0238.img.xml,Item/Item.wz/Consume/0238.img/02381022/info,Item/Item.wz/Consume/0238.img/02381022/info/icon.png,Item/Item.wz/Consume/0238.img/02381022/info/iconRaw.png
Consume,0238,2381023,Cactus Card,A card that features Cactus.,1,1,1,,,Item/Item.wz/Consume/0238.img.xml,Item/Item.wz/Consume/0238.img/02381023/info,Item/Item.wz/Consume/0238.img/02381023/info/icon.png,Item/Item.wz/Consume/0238.img/02381023/info/iconRaw.png
Consume,0238,2381024,Evil Eye Card,A card that features Evil Eye.,1,1,1,,,Item/Item.wz/Consume/0238.img.xml,Item/Item.wz/Consume/0238.img/02381024/info,Item/Item.wz/Consume/0238.img/02381024/info/icon.png,Item/Item.wz/Consume/0238.img/02381024/info/iconRaw.png
Consume,0238,2381025,Scarf Plead Card,A card that features Scarf Plead.,1,1,1,,,Item/Item.wz/Consume/0238.img.xml,Item/Item.wz/Consume/0238.img/02381025/info,Item/Item.wz/Consume/0238.img/02381025/info/icon.png,Item/Item.wz/Consume/0238.img/02381025/info/iconRaw.png
Consume,0238,2381026,Bubble Fish Card,A card that features Bubble Fish.,1,1,1,,,Item/Item.wz/Consume/0238.img.xml,Item/Item.wz/Consume/0238.img/02381026/info,Item/Item.wz/Consume/0238.img/02381026/info/icon.png,Item/Item.wz/Consume/0238.img/02381026/info/iconRaw.png
Consume,0238,2381027,Green Trixter Card,A card that features Green Trixter.,1,1,1,,,Item/Item.wz/Consume/0238.img.xml,Item/Item.wz/Consume/0238.img/02381027/info,Item/Item.wz/Consume/0238.img/02381027/info/icon.png,Item/Item.wz/Consume/0238.img/02381027/info/iconRaw.png
Consume,0238,2381028,Royal Cactus Card,A card that features Royal Cactus.,1,1,1,,,Item/Item.wz/Consume/0238.img.xml,Item/Item.wz/Consume/0238.img/02381028/info,Item/Item.wz/Consume/0238.img/02381028/info/icon.png,Item/Item.wz/Consume/0238.img/02381028/info/iconRaw.png
Consume,0238,2381029,Flower Fish Card,A card that features Flower Fish.,1,1,1,,,Item/Item.wz/Consume/0238.img.xml,Item/Item.wz/Consume/0238.img/02381029/info,Item/Item.wz/Consume/0238.img/02381029/info/icon.png,Item/Item.wz/Consume/0238.img/02381029/info/iconRaw.png
Consume,0238,2381030,Meercat Card,A card that features Meercat.,1,1,1,,,Item/Item.wz/Consume/0238.img.xml,Item/Item.wz/Consume/0238.img/02381030/info,Item/Item.wz/Consume/0238.img/02381030/info/icon.png,Item/Item.wz/Consume/0238.img/02381030/info/iconRaw.png
Consume,0238,2381031,Scorpion Card,A card that features Scorpion.,1,1,1,,,Item/Item.wz/Consume/0238.img.xml,Item/Item.wz/Consume/0238.img/02381031/info,Item/Item.wz/Consume/0238.img/02381031/info/icon.png,Item/Item.wz/Consume/0238.img/02381031/info/iconRaw.png
Consume,0238,2381032,Sentinel Card,A card that features Sentinel.,1,1,1,,,Item/Item.wz/Consume/0238.img.xml,Item/Item.wz/Consume/0238.img/02381032/info,Item/Item.wz/Consume/0238.img/02381032/info/icon.png,Item/Item.wz/Consume/0238.img/02381032/info/iconRaw.png
Consume,0238,2381033,Fairy Card,A card that features Fairy.,1,1,1,,,Item/Item.wz/Consume/0238.img.xml,Item/Item.wz/Consume/0238.img/02381033/info,Item/Item.wz/Consume/0238.img/02381033/info/icon.png,Item/Item.wz/Consume/0238.img/02381033/info/iconRaw.png
Consume,0238,2381034,Brown Teddy Card,A card that features Brown Teddy.,1,1,1,,,Item/Item.wz/Consume/0238.img.xml,Item/Item.wz/Consume/0238.img/02381034/info,Item/Item.wz/Consume/0238.img/02381034/info/icon.png,Item/Item.wz/Consume/0238.img/02381034/info/iconRaw.png
Consume,0238,2381035,Krip Card,A card that features Krip.,1,1,1,,,Item/Item.wz/Consume/0238.img.xml,Item/Item.wz/Consume/0238.img/02381035/info,Item/Item.wz/Consume/0238.img/02381035/info/icon.png,Item/Item.wz/Consume/0238.img/02381035/info/iconRaw.png
Consume,0238,2381036,Kiyo Card,A card that features Kiyo.,1,1,1,,,Item/Item.wz/Consume/0238.img.xml,Item/Item.wz/Consume/0238.img/02381036/info,Item/Item.wz/Consume/0238.img/02381036/info/icon.png,Item/Item.wz/Consume/0238.img/02381036/info/iconRaw.png
Consume,0238,2381037,Ice Sentinel Card,A card that features Ice Sentinel.,1,1,1,,,Item/Item.wz/Consume/0238.img.xml,Item/Item.wz/Consume/0238.img/02381037/info,Item/Item.wz/Consume/0238.img/02381037/info/icon.png,Item/Item.wz/Consume/0238.img/02381037/info/iconRaw.png
Consume,0238,2381038,Fire Sentinel Card,A card that features Fire Sentinel.,1,1,1,,,Item/Item.wz/Consume/0238.img.xml,Item/Item.wz/Consume/0238.img/02381038/info,Item/Item.wz/Consume/0238.img/02381038/info/icon.png,Item/Item.wz/Consume/0238.img/02381038/info/iconRaw.png
Consume,0238,2381082,Smiling Ghost Stump Card,A card featuring the Smiling Ghost Stump.,1,1,1,,,Item/Item.wz/Consume/0238.img.xml,Item/Item.wz/Consume/0238.img/02381082/info,Item/Item.wz/Consume/0238.img/02381082/info/icon.png,Item/Item.wz/Consume/0238.img/02381082/info/iconRaw.png
Consume,0238,2381083,Annoyed Zombie Mushroom Card,A card featuring the Annoyed Zombie Mushroom.,1,1,1,,,Item/Item.wz/Consume/0238.img.xml,Item/Item.wz/Consume/0238.img/02381083/info,Item/Item.wz/Consume/0238.img/02381083/info/icon.png,Item/Item.wz/Consume/0238.img/02381083/info/iconRaw.png
Consume,0238,2382000,Chirppy Card,A card that features Chirppy.n#cIf hunting at Eos TowernSpeed +1#,1,1,1,,,Item/Item.wz/Consume/0238.img.xml,Item/Item.wz/Consume/0238.img/02382000/info,Item/Item.wz/Consume/0238.img/02382000/info/icon.png,Item/Item.wz/Consume/0238.img/02382000/info/iconRaw.png
Consume,0238,2382001,Drum Bunny Card,A card that features Drum Bunny.n#cImproves the drop rate of the Drum Bunny.#,1,1,1,,,Item/Item.wz/Consume/0238.img.xml,Item/Item.wz/Consume/0238.img/02382001/info,Item/Item.wz/Consume/0238.img/02382001/info/icon.png,Item/Item.wz/Consume/0238.img/02382001/info/iconRaw.png
Consume,0238,2382002,Ligator Card,A card that features Ligator.n#cIf hunting at the SwampnAvoidability +1#,1,1,1,,,Item/Item.wz/Consume/0238.img.xml,Item/Item.wz/Consume/0238.img/02382002/info,Item/Item.wz/Consume/0238.img/02382002/info/icon.png,Item/Item.wz/Consume/0238.img/02382002/info/iconRaw.png
Consume,0238,2382003,Fireboar Card,A card that features Fireboar.n#cIf hunting at PerionnDefense against fire-based attacks +3%#,1,1,1,,,Item/Item.wz/Consume/0238.img.xml,Item/Item.wz/Consume/0238.img/02382003/info,Item/Item.wz/Consume/0238.img/02382003/info/icon.png,Item/Item.wz/Consume/0238.img/02382003/info/iconRaw.png
Consume,0238,2382004,Pink Teddy Card,A card that features Pink Teddy.n#cIf hunting at the upper floors of the ClocktowernJump +1#,1,1,1,,,Item/Item.wz/Consume/0238.img.xml,Item/Item.wz/Consume/0238.img/02382004/info,Item/Item.wz/Consume/0238.img/02382004/info/icon.png,Item/Item.wz/Consume/0238.img/02382004/info/iconRaw.png
Consume,0238,2382005,Ratz Card,A card that features Ratz.n#cIf hunting at Eos TowernMeso drop rate is increased#,1,1,1,,,Item/Item.wz/Consume/0238.img.xml,Item/Item.wz/Consume/0238.img/02382005/info,Item/Item.wz/Consume/0238.img/02382005/info/icon.png,Item/Item.wz/Consume/0238.img/02382005/info/iconRaw.png
Consume,0238,2382006,Leatty Card,A card that features Leatty.n#cIf hunting at Orbis TowernAccuracy +1#,1,1,1,,,Item/Item.wz/Consume/0238.img.xml,Item/Item.wz/Consume/0238.img/02382006/info,Item/Item.wz/Consume/0238.img/02382006/info/icon.png,Item/Item.wz/Consume/0238.img/02382006/info/iconRaw.png
Consume,0238,2382007,Mask Fish Card,A card that features Mask Fishn#cIf hunting at Aqua Roadnavoidability+1#,1,1,1,,,Item/Item.wz/Consume/0238.img.xml,Item/Item.wz/Consume/0238.img/02382007/info,Item/Item.wz/Consume/0238.img/02382007/info/icon.png,Item/Item.wz/Consume/0238.img/02382007/info/iconRaw.png
Consume,0238,2382008,Sand Dwarf Card,A card that features Sand Dwarf.n#cIf hunting at the DesertnThe drop rate for ores are increased#,1,1,1,,,Item/Item.wz/Consume/0238.img.xml,Item/Item.wz/Consume/0238.img/02382008/info,Item/Item.wz/Consume/0238.img/02382008/info/icon.png,Item/Item.wz/Consume/0238.img/02382008/info/iconRaw.png
Consume,0238,2382009,Cube Slime Card,A card that features Cube Slime.n#cIf hunting at the Zenumist InstitutenJump +1#,1,1,1,,,Item/Item.wz/Consume/0238.img.xml,Item/Item.wz/Consume/0238.img/02382009/info,Item/Item.wz/Consume/0238.img/02382009/info/icon.png,Item/Item.wz/Consume/0238.img/02382009/info/iconRaw.png
Consume,0238,2382010,Red Sand Dwarf Card,A card that features Red Sand Dwarf.n#cIf hunting at the DesertnThe drop rate for jewels are increased#,1,1,1,,,Item/Item.wz/Consume/0238.img.xml,Item/Item.wz/Consume/0238.img/02382010/info,Item/Item.wz/Consume/0238.img/02382010/info/icon.png,Item/Item.wz/Consume/0238.img/02382010/info/iconRaw.png
Consume,0238,2382011,Jr. Cellion Card,A card that features Jr. Cellion.n#cIf hunting at the Orbis GardennDefense against fire-based attacks +3%#,1,1,1,,,Item/Item.wz/Consume/0238.img.xml,Item/Item.wz/Consume/0238.img/02382011/info,Item/Item.wz/Consume/0238.img/02382011/info/icon.png,Item/Item.wz/Consume/0238.img/02382011/info/iconRaw.png
Consume,0238,2382012,Jr. Lioner Card,A card that features Jr. Lioner.n#cIf hunting at the Orbis GardennDefense against electric-based attacks +3%#,1,1,1,,,Item/Item.wz/Consume/0238.img.xml,Item/Item.wz/Consume/0238.img/02382012/info,Item/Item.wz/Consume/0238.img/02382012/info/icon.png,Item/Item.wz/Consume/0238.img/02382012/info/iconRaw.png
Consume,0238,2382013,Jr. Grupin Card,A card that features Jr. Grupin.n#cIf hunting at the Orbis GardennDefense against ice-based attacks +3%#,1,1,1,,,Item/Item.wz/Consume/0238.img.xml,Item/Item.wz/Consume/0238.img/02382013/info,Item/Item.wz/Consume/0238.img/02382013/info/icon.png,Item/Item.wz/Consume/0238.img/02382013/info/iconRaw.png
Consume,0238,2382014,Dark Leatty Card,A card that features Dark Leatty.n#cIf hunting at Orbis TowernAccuracy +1#,1,1,1,,,Item/Item.wz/Consume/0238.img.xml,Item/Item.wz/Consume/0238.img/02382014/info,Item/Item.wz/Consume/0238.img/02382014/info/icon.png,Item/Item.wz/Consume/0238.img/02382014/info/iconRaw.png
Consume,0238,2382015,Roloduck Card,A card that features Roloduck.n#cWhen party huntingnAccuracy +1#,1,1,1,,,Item/Item.wz/Consume/0238.img.xml,Item/Item.wz/Consume/0238.img/02382015/info,Item/Item.wz/Consume/0238.img/02382015/info/icon.png,Item/Item.wz/Consume/0238.img/02382015/info/iconRaw.png
Consume,0238,2382016,Black Ratz Card,A card that features Black Ratz.n#cIf hunting at Eos TowernMeso drop rate is increased#,1,1,1,,,Item/Item.wz/Consume/0238.img.xml,Item/Item.wz/Consume/0238.img/02382016/info,Item/Item.wz/Consume/0238.img/02382016/info/icon.png,Item/Item.wz/Consume/0238.img/02382016/info/iconRaw.png
Consume,0238,2382017,Tick Card,A card that features Tickn#cIf hunting at the upper floors of the ClocktowernAccuracy +1#,1,1,1,,,Item/Item.wz/Consume/0238.img.xml,Item/Item.wz/Consume/0238.img/02382017/info,Item/Item.wz/Consume/0238.img/02382017/info/icon.png,Item/Item.wz/Consume/0238.img/02382017/info/iconRaw.png
Consume,0238,2382018,Curse Eye Card,A card that features Curse Eye.n#cIf hunting at Victoria IslandnDefense against poison-based attacks +3%#,1,1,1,,,Item/Item.wz/Consume/0238.img.xml,Item/Item.wz/Consume/0238.img/02382018/info,Item/Item.wz/Consume/0238.img/02382018/info/icon.png,Item/Item.wz/Consume/0238.img/02382018/info/iconRaw.png
Consume,0238,2382019,Jr. Wraith Card,A card that features Jr. Wraith.n#cIf hunting at the SubwaynSpeed +1#,1,1,1,,,Item/Item.wz/Consume/0238.img.xml,Item/Item.wz/Consume/0238.img/02382019/info,Item/Item.wz/Consume/0238.img/02382019/info/icon.png,Item/Item.wz/Consume/0238.img/02382019/info/iconRaw.png
Consume,0238,2382020,Star Pixie Card,A card that features Star Pixie.n#cIf hunting at the Cloud ParknSpeed +1#,1,1,1,,,Item/Item.wz/Consume/0238.img.xml,Item/Item.wz/Consume/0238.img/02382020/info,Item/Item.wz/Consume/0238.img/02382020/info/icon.png,Item/Item.wz/Consume/0238.img/02382020/info/iconRaw.png
Consume,0238,2382021,Jr. Boogie Card,A card that features Jr. Boogie.n#cDefense against curse +5%#,1,1,1,,,Item/Item.wz/Consume/0238.img.xml,Item/Item.wz/Consume/0238.img/02382021/info,Item/Item.wz/Consume/0238.img/02382021/info/icon.png,Item/Item.wz/Consume/0238.img/02382021/info/iconRaw.png
Consume,0238,2382022,Bloctopus Card,A card that features Bloctopus.n#cIf hunting at Eos TowernJump +1#,1,1,1,,,Item/Item.wz/Consume/0238.img.xml,Item/Item.wz/Consume/0238.img/02382022/info,Item/Item.wz/Consume/0238.img/02382022/info/icon.png,Item/Item.wz/Consume/0238.img/02382022/info/iconRaw.png
Consume,0238,2382023,Jr. Pepe Card,A card that features Jr. Pepe.n#cIf hunting at Orbis TowernSpeed + 1#,1,1,1,,,Item/Item.wz/Consume/0238.img.xml,Item/Item.wz/Consume/0238.img/02382023/info,Item/Item.wz/Consume/0238.img/02382023/info/icon.png,Item/Item.wz/Consume/0238.img/02382023/info/iconRaw.png
Consume,0238,2382024,Rumo Card,A card that features Rumo.n#cIf hunting at the Zenumist InstitutenDefense against poison-based attacks +3%#,1,1,1,,,Item/Item.wz/Consume/0238.img.xml,Item/Item.wz/Consume/0238.img/02382024/info,Item/Item.wz/Consume/0238.img/02382024/info/icon.png,Item/Item.wz/Consume/0238.img/02382024/info/iconRaw.png
Consume,0238,2382025,Panda Teddy Card,A card that features Panda Teddy.n#cIf attacking a weapon-carrying monsternAccuracy +1#,1,1,1,,,Item/Item.wz/Consume/0238.img.xml,Item/Item.wz/Consume/0238.img/02382025/info,Item/Item.wz/Consume/0238.img/02382025/info/icon.png,Item/Item.wz/Consume/0238.img/02382025/info/iconRaw.png
Consume,0238,2382026,Helly Card,A card that features Helly.n#cIf hunting at Eos TowernAvoidability +1#,1,1,1,,,Item/Item.wz/Consume/0238.img.xml,Item/Item.wz/Consume/0238.img/02382026/info,Item/Item.wz/Consume/0238.img/02382026/info/icon.png,Item/Item.wz/Consume/0238.img/02382026/info/iconRaw.png
Consume,0238,2382027,Scuba Pepe Card,A card that features Scuba Pepe.n#cCancels out drowning damage underwater#,1,1,1,,,Item/Item.wz/Consume/0238.img.xml,Item/Item.wz/Consume/0238.img/02382027/info,Item/Item.wz/Consume/0238.img/02382027/info/icon.png,Item/Item.wz/Consume/0238.img/02382027/info/iconRaw.png
Consume,0238,2382028,Retz,A card that features Retz.n#cIf hunting at Helios TowernItem drop rates are increased#,1,1,1,,,Item/Item.wz/Consume/0238.img.xml,Item/Item.wz/Consume/0238.img/02382028/info,Item/Item.wz/Consume/0238.img/02382028/info/icon.png,Item/Item.wz/Consume/0238.img/02382028/info/iconRaw.png
Consume,0238,2382029,Lupin Card,A card that features Lupin.n#cIf hunting at Victoria IslandnSpeed +1#,1,1,1,,,Item/Item.wz/Consume/0238.img.xml,Item/Item.wz/Consume/0238.img/02382029/info,Item/Item.wz/Consume/0238.img/02382029/info/icon.png,Item/Item.wz/Consume/0238.img/02382029/info/iconRaw.png
Consume,0238,2382030,Lorang Card,A card that features Lorang.n#cIf hunting at Victoria IslandnSpeed +1#,1,1,1,,,Item/Item.wz/Consume/0238.img.xml,Item/Item.wz/Consume/0238.img/02382030/info,Item/Item.wz/Consume/0238.img/02382030/info/icon.png,Item/Item.wz/Consume/0238.img/02382030/info/iconRaw.png
Consume,0238,2382031,Propelly Card,A card that features Propelly.n#cIf hunting at Eos TowernSpeed +1#,1,1,1,,,Item/Item.wz/Consume/0238.img.xml,Item/Item.wz/Consume/0238.img/02382031/info,Item/Item.wz/Consume/0238.img/02382031/info/icon.png,Item/Item.wz/Consume/0238.img/02382031/info/iconRaw.png
Consume,0238,2382032,Chronos Card,A card that features Chronos.n#cIf hunting at the upper floors of the ClocktowernAvoidability +1#,1,1,1,,,Item/Item.wz/Consume/0238.img.xml,Item/Item.wz/Consume/0238.img/02382032/info,Item/Item.wz/Consume/0238.img/02382032/info/icon.png,Item/Item.wz/Consume/0238.img/02382032/info/iconRaw.png
Consume,0238,2382033,King Bloctopus Card,A card that features King Bloctopus.n#cIf hunting at Eos TowernJump +1#,1,1,1,,,Item/Item.wz/Consume/0238.img.xml,Item/Item.wz/Consume/0238.img/02382033/info,Item/Item.wz/Consume/0238.img/02382033/info/icon.png,Item/Item.wz/Consume/0238.img/02382033/info/iconRaw.png
Consume,0238,2382034,Planey Card,A card that features Planey.n#cIf hunting at Eos TowernAccuracy +1#,1,1,1,,,Item/Item.wz/Consume/0238.img.xml,Item/Item.wz/Consume/0238.img/02382034/info,Item/Item.wz/Consume/0238.img/02382034/info/icon.png,Item/Item.wz/Consume/0238.img/02382034/info/iconRaw.png
Consume,0238,2382035,Jr. Seal Card,A card that features Jr. Seal.n#cIf hunting at Aqua RoadnJump +1#,1,1,1,,,Item/Item.wz/Consume/0238.img.xml,Item/Item.wz/Consume/0238.img/02382035/info,Item/Item.wz/Consume/0238.img/02382035/info/icon.png,Item/Item.wz/Consume/0238.img/02382035/info/iconRaw.png
Consume,0238,2382036,Triple Rumo Card,A card that features Triple Rumo.n#cIf hunting at the Zenumist InstitutenDefense against poison-based attacks +3%#,1,1,1,,,Item/Item.wz/Consume/0238.img.xml,Item/Item.wz/Consume/0238.img/02382036/info,Item/Item.wz/Consume/0238.img/02382036/info/icon.png,Item/Item.wz/Consume/0238.img/02382036/info/iconRaw.png
Consume,0238,2382037,Tweeter Card,A card that features Tweeter.n#cIf hunting at Eos TowernAccuracy +1#,1,1,1,,,Item/Item.wz/Consume/0238.img.xml,Item/Item.wz/Consume/0238.img/02382037/info,Item/Item.wz/Consume/0238.img/02382037/info/icon.png,Item/Item.wz/Consume/0238.img/02382037/info/iconRaw.png
Consume,0238,2382038,Toy Trojan Card,A card that features Toy Trojan.n#cIf hunting at the upper floors of the ClocktowernSpeed +1#,1,1,1,,,Item/Item.wz/Consume/0238.img.xml,Item/Item.wz/Consume/0238.img/02382038/info,Item/Item.wz/Consume/0238.img/02382038/info/icon.png,Item/Item.wz/Consume/0238.img/02382038/info/iconRaw.png
Consume,0238,2382039,Cold Eye Card,A card that features Cold Eye.n#cIf hunting at Victoria IslandnDefense against ice-based attacks +3%#,1,1,1,,,Item/Item.wz/Consume/0238.img.xml,Item/Item.wz/Consume/0238.img/02382039/info,Item/Item.wz/Consume/0238.img/02382039/info/icon.png,Item/Item.wz/Consume/0238.img/02382039/info/iconRaw.png
Consume,0238,2382040,Zombie Lupin Card,A card that features Zombie Lupin.n#cIncreases the drop rate of Cursed Doll#,1,1,1,,,Item/Item.wz/Consume/0238.img.xml,Item/Item.wz/Consume/0238.img/02382040/info,Item/Item.wz/Consume/0238.img/02382040/info/icon.png,Item/Item.wz/Consume/0238.img/02382040/info/iconRaw.png
Consume,0238,2382041,Tick-Tock Card,A card that features Tick-Tock.n#cIf hunting at the upper floors of the ClocktowernAccuracy +1#,1,1,1,,,Item/Item.wz/Consume/0238.img.xml,Item/Item.wz/Consume/0238.img/02382041/info,Item/Item.wz/Consume/0238.img/02382041/info/icon.png,Item/Item.wz/Consume/0238.img/02382041/info/iconRaw.png
Consume,0238,2382042,Barnard Grey Card,A card that features Barnard Grey.n#cIf hunting at Kulan FieldnJump +1#,1,1,1,,,Item/Item.wz/Consume/0238.img.xml,Item/Item.wz/Consume/0238.img/02382042/info,Item/Item.wz/Consume/0238.img/02382042/info/icon.png,Item/Item.wz/Consume/0238.img/02382042/info/iconRaw.png
Consume,0238,2382043,Poopa Card,A card that features Poopa.n#cIf hunting at Aqua RoadnSpeed +1#,1,1,1,,,Item/Item.wz/Consume/0238.img.xml,Item/Item.wz/Consume/0238.img/02382043/info,Item/Item.wz/Consume/0238.img/02382043/info/icon.png,Item/Item.wz/Consume/0238.img/02382043/info/iconRaw.png
Consume,0238,2382044,Poison Poopa Card,A card that features Poison Poopa.n#cIf hunting at Aqua RoadnDefense against poison-based attacks +3%#,1,1,1,,,Item/Item.wz/Consume/0238.img.xml,Item/Item.wz/Consume/0238.img/02382044/info,Item/Item.wz/Consume/0238.img/02382044/info/icon.png,Item/Item.wz/Consume/0238.img/02382044/info/iconRaw.png
Consume,0238,2382045,Chipmunk Card,A card that features Chipmunk.n#cIf hunting at Mu LungnSpeed +1#,1,1,1,,,Item/Item.wz/Consume/0238.img.xml,Item/Item.wz/Consume/0238.img/02382045/info,Item/Item.wz/Consume/0238.img/02382045/info/icon.png,Item/Item.wz/Consume/0238.img/02382045/info/iconRaw.png
Consume,0238,2382046,Desert Giant Card,A card that features Desert Giant.n#cIf hunting at the DesertnSpeed +1#,1,1,1,,,Item/Item.wz/Consume/0238.img.xml,Item/Item.wz/Consume/0238.img/02382046/info,Item/Item.wz/Consume/0238.img/02382046/info/icon.png,Item/Item.wz/Consume/0238.img/02382046/info/iconRaw.png
Consume,0238,2382047,Flyeye,A card that features Flyeye.n#cIf hunting at the CavenAvoidability +1#,1,1,1,,,Item/Item.wz/Consume/0238.img.xml,Item/Item.wz/Consume/0238.img/02382047/info,Item/Item.wz/Consume/0238.img/02382047/info/icon.png,Item/Item.wz/Consume/0238.img/02382047/info/iconRaw.png
Consume,0238,2382048,Robo Card,A card that features Robo.n#cIf hunting at the upper floors of the ClocktowernDefense against electric-based attacks +3%#,1,1,1,,,Item/Item.wz/Consume/0238.img.xml,Item/Item.wz/Consume/0238.img/02382048/info,Item/Item.wz/Consume/0238.img/02382048/info/icon.png,Item/Item.wz/Consume/0238.img/02382048/info/iconRaw.png
Consume,0238,2382049,Platoon Chronos Card,A card that features Platoon Chronos.n#cIf hunting at the upper floors of the ClocktowernSpeed +1#,1,1,1,,,Item/Item.wz/Consume/0238.img.xml,Item/Item.wz/Consume/0238.img/02382049/info,Item/Item.wz/Consume/0238.img/02382049/info/icon.png,Item/Item.wz/Consume/0238.img/02382049/info/iconRaw.png
Consume,0238,2382050,Mateon Card,A card that features Mateon.n#cIf hunting at Boswell FieldnThe drop rates for droppings are increased#,1,1,1,,,Item/Item.wz/Consume/0238.img.xml,Item/Item.wz/Consume/0238.img/02382050/info,Item/Item.wz/Consume/0238.img/02382050/info/icon.png,Item/Item.wz/Consume/0238.img/02382050/info/iconRaw.png
Consume,0238,2382051,Red Porky Card,A card that features Red Porky.n#cIf hunting at Mu LungnAvoidability +1#,1,1,1,,,Item/Item.wz/Consume/0238.img.xml,Item/Item.wz/Consume/0238.img/02382051/info,Item/Item.wz/Consume/0238.img/02382051/info/icon.png,Item/Item.wz/Consume/0238.img/02382051/info/iconRaw.png
Consume,0238,2382052,Nependeath Card,A card that features Nependeath.n#cIncreases drop rate of Nependeath Honey#,1,1,1,,,Item/Item.wz/Consume/0238.img.xml,Item/Item.wz/Consume/0238.img/02382052/info,Item/Item.wz/Consume/0238.img/02382052/info/icon.png,Item/Item.wz/Consume/0238.img/02382052/info/iconRaw.png
Consume,0238,2382053,Iron Hog Card,A card that features Iron Hog.n#cIf hunting at Victoria IslandnJump +1#,1,1,1,,,Item/Item.wz/Consume/0238.img.xml,Item/Item.wz/Consume/0238.img/02382053/info,Item/Item.wz/Consume/0238.img/02382053/info/icon.png,Item/Item.wz/Consume/0238.img/02382053/info/iconRaw.png
Consume,0238,2382054,Block Golem,A card that features Block Golem.n#cIf hunting at Eos TowernAccuracy +1#,1,1,1,,,Item/Item.wz/Consume/0238.img.xml,Item/Item.wz/Consume/0238.img/02382054/info,Item/Item.wz/Consume/0238.img/02382054/info/icon.png,Item/Item.wz/Consume/0238.img/02382054/info/iconRaw.png
Consume,0238,2382055,Zeta Grey Card,A card that features Zeta Grey.n#cIf hunting at Kulan FieldnSpeed +1#,1,1,1,,,Item/Item.wz/Consume/0238.img.xml,Item/Item.wz/Consume/0238.img/02382055/info,Item/Item.wz/Consume/0238.img/02382055/info/icon.png,Item/Item.wz/Consume/0238.img/02382055/info/iconRaw.png
Consume,0238,2382056,Freezer Card,A card that features Freezer.n#cIf hunting at Aqua RoadnDefense against ice-based attacks +3%#,1,1,1,,,Item/Item.wz/Consume/0238.img.xml,Item/Item.wz/Consume/0238.img/02382056/info,Item/Item.wz/Consume/0238.img/02382056/info/icon.png,Item/Item.wz/Consume/0238.img/02382056/info/iconRaw.png
Consume,0238,2382057,Iron Mutae,A card that features Iron Mutae.n#cIf hunting at the Alcadno InstitutenSpeed +1#,1,1,1,,,Item/Item.wz/Consume/0238.img.xml,Item/Item.wz/Consume/0238.img/02382057/info,Item/Item.wz/Consume/0238.img/02382057/info/icon.png,Item/Item.wz/Consume/0238.img/02382057/info/iconRaw.png
Consume,0238,2382058,Jr. Cerebes Card,A card that features Jr. Cerebes.n#cIf hunting at Dead MinenJump +1#,1,1,1,,,Item/Item.wz/Consume/0238.img.xml,Item/Item.wz/Consume/0238.img/02382058/info,Item/Item.wz/Consume/0238.img/02382058/info/icon.png,Item/Item.wz/Consume/0238.img/02382058/info/iconRaw.png
Consume,0238,2382059,Sparker Card,A card that features Sparker.n#cIf hunting at Aqua RoadnDefense against electric-based attacks +3%#,1,1,1,,,Item/Item.wz/Consume/0238.img.xml,Item/Item.wz/Consume/0238.img/02382059/info,Item/Item.wz/Consume/0238.img/02382059/info/icon.png,Item/Item.wz/Consume/0238.img/02382059/info/iconRaw.png
Consume,0238,2382060,Black Porky Card,A card that features Black Porky.n#cIf hunting at Mu LungnAvoidability +1#,1,1,1,,,Item/Item.wz/Consume/0238.img.xml,Item/Item.wz/Consume/0238.img/02382060/info,Item/Item.wz/Consume/0238.img/02382060/info/icon.png,Item/Item.wz/Consume/0238.img/02382060/info/iconRaw.png
Consume,0238,2382061,Plateon Card,A card that features Plateon.n#cIf hunting at Boswell FieldnSpeed +1#,1,1,1,,,Item/Item.wz/Consume/0238.img.xml,Item/Item.wz/Consume/0238.img/02382061/info,Item/Item.wz/Consume/0238.img/02382061/info/icon.png,Item/Item.wz/Consume/0238.img/02382061/info/iconRaw.png
Consume,0238,2382062,Master Robo Card,A card that features Master Robo.n#cIf hunting at the upper floors of the ClocktowernDefense against electric-based attacks +3%#,1,1,1,,,Item/Item.wz/Consume/0238.img.xml,Item/Item.wz/Consume/0238.img/02382062/info,Item/Item.wz/Consume/0238.img/02382062/info/icon.png,Item/Item.wz/Consume/0238.img/02382062/info/iconRaw.png
Consume,0238,2382063,Skeledog Card,A card that features Skeledog.n#cIf hunting at PerionnSpeed +1#,1,1,1,,,Item/Item.wz/Consume/0238.img.xml,Item/Item.wz/Consume/0238.img/02382063/info,Item/Item.wz/Consume/0238.img/02382063/info/icon.png,Item/Item.wz/Consume/0238.img/02382063/info/iconRaw.png
Consume,0238,2382064,Lunar Pixie Card,A card that features Lunar Pixie.n#cIf hunting at the Cloud ParknJump +1#,1,1,1,,,Item/Item.wz/Consume/0238.img.xml,Item/Item.wz/Consume/0238.img/02382064/info,Item/Item.wz/Consume/0238.img/02382064/info/icon.png,Item/Item.wz/Consume/0238.img/02382064/info/iconRaw.png
Consume,0238,2382065,Copper Drake Card,A card that features Copper Drake.n#cIf hunting at Victoria IslandnSpeed +1#,1,1,1,,,Item/Item.wz/Consume/0238.img.xml,Item/Item.wz/Consume/0238.img/02382065/info,Item/Item.wz/Consume/0238.img/02382065/info/icon.png,Item/Item.wz/Consume/0238.img/02382065/info/iconRaw.png
Consume,0238,2382066,King Block Golem Card,A card that features King Block Golem.n#cIf hunting at Eos TowernAccuracy +1#,1,1,1,,,Item/Item.wz/Consume/0238.img.xml,Item/Item.wz/Consume/0238.img/02382066/info,Item/Item.wz/Consume/0238.img/02382066/info/icon.png,Item/Item.wz/Consume/0238.img/02382066/info/iconRaw.png
Consume,0238,2382067,Ultra Grey Card,A card that features Ultra Grey.n#cIf hunting at Kulan FieldnAvoidability +1#,1,1,1,,,Item/Item.wz/Consume/0238.img.xml,Item/Item.wz/Consume/0238.img/02382067/info,Item/Item.wz/Consume/0238.img/02382067/info/icon.png,Item/Item.wz/Consume/0238.img/02382067/info/iconRaw.png
Consume,0238,2382068,Moon Bunny Card,A card that features Moon Bnny.n#cIf hunting at the Black MountainnJump +1#,1,1,1,,,Item/Item.wz/Consume/0238.img.xml,Item/Item.wz/Consume/0238.img/02382068/info,Item/Item.wz/Consume/0238.img/02382068/info/icon.png,Item/Item.wz/Consume/0238.img/02382068/info/iconRaw.png
Consume,0238,2382069,Iron Boar Card,A card that features Iron Boar.n#cIf hunting at Victoria IslandnAccuracy +1#,1,1,1,,,Item/Item.wz/Consume/0238.img.xml,Item/Item.wz/Consume/0238.img/02382069/info,Item/Item.wz/Consume/0238.img/02382069/info/icon.png,Item/Item.wz/Consume/0238.img/02382069/info/iconRaw.png
Consume,0238,2382070,Blue Flower Serpent,A card that features Blue Flower Serpent.n#cIf hunting at Mu LungnAvoidability +1#,1,1,1,,,Item/Item.wz/Consume/0238.img.xml,Item/Item.wz/Consume/0238.img/02382070/info,Item/Item.wz/Consume/0238.img/02382070/info/icon.png,Item/Item.wz/Consume/0238.img/02382070/info/iconRaw.png
Consume,0238,2382071,Red Flower Serpent,A card that features Red Flower Serpent.n#cIf hunting at Mu LungnAvoidability +1#,1,1,1,,,Item/Item.wz/Consume/0238.img.xml,Item/Item.wz/Consume/0238.img/02382071/info,Item/Item.wz/Consume/0238.img/02382071/info/icon.png,Item/Item.wz/Consume/0238.img/02382071/info/iconRaw.png
Consume,0238,2382072,Reinforced Iron Mutae,A card that features Reinforced Iron Mutae.n#cIf hunting at the Alcadno InstitutenAccuracy +1#,1,1,1,,,Item/Item.wz/Consume/0238.img.xml,Item/Item.wz/Consume/0238.img/02382072/info,Item/Item.wz/Consume/0238.img/02382072/info/icon.png,Item/Item.wz/Consume/0238.img/02382072/info/iconRaw.png
Consume,0238,2382076,Mossy Snail Card,A picture of Mossy Snail is on this card.n#cWhile hunting in Ellin ForestnAccuracy +1,1,1,1,,,Item/Item.wz/Consume/0238.img.xml,Item/Item.wz/Consume/0238.img/02382076/info,Item/Item.wz/Consume/0238.img/02382076/info/icon.png,Item/Item.wz/Consume/0238.img/02382076/info/iconRaw.png
Consume,0238,2382092,Renegade Spore Card,A card featuring Renegade Spores\n#cWhen hunting in the Mushroom Castle: \nJump +1,1,1,1,,,Item/Item.wz/Consume/0238.img.xml,Item/Item.wz/Consume/0238.img/02382092/info,Item/Item.wz/Consume/0238.img/02382092/info/icon.png,Item/Item.wz/Consume/0238.img/02382092/info/iconRaw.png
Consume,0238,2382093,Poison Mushroom Card,A card featuring the Poison Mushroom\n#cWhen hunting in the Mushroom Castle: \nAccuracy +1,1,1,1,,,Item/Item.wz/Consume/0238.img.xml,Item/Item.wz/Consume/0238.img/02382093/info,Item/Item.wz/Consume/0238.img/02382093/info/icon.png,Item/Item.wz/Consume/0238.img/02382093/info/iconRaw.png
Consume,0238,2382094,Intoxicated Pig Card,A card featuring the Intoxicated Pig\n#cWhen hunting in the Mushroom Castle: \nSpeed +1,1,1,1,,,Item/Item.wz/Consume/0238.img.xml,Item/Item.wz/Consume/0238.img/02382094/info,Item/Item.wz/Consume/0238.img/02382094/info/icon.png,Item/Item.wz/Consume/0238.img/02382094/info/iconRaw.png
Consume,0238,2382095,Helmet Pepe Card,A card featuring Helmet Pepe\n#cWhen hunting in the Mushroom Castle: \nJump +1,1,1,1,,,Item/Item.wz/Consume/0238.img.xml,Item/Item.wz/Consume/0238.img/02382095/info,Item/Item.wz/Consume/0238.img/02382095/info/icon.png,Item/Item.wz/Consume/0238.img/02382095/info/iconRaw.png
Consume,0238,2382096,Royal Guard Pepe Card,A card featuring Royal Guard Pepe\n#cWhen hunting in the Mushroom Castle: \nSpeed +1,1,1,1,,,Item/Item.wz/Consume/0238.img.xml,Item/Item.wz/Consume/0238.img/02382096/info,Item/Item.wz/Consume/0238.img/02382096/info/icon.png,Item/Item.wz/Consume/0238.img/02382096/info/iconRaw.png
Consume,0238,2383000,Mecateon Card,A card that features Mecateon..n#cIf hunting at Boswell FieldnSpeed +2#,1,1,1,,,Item/Item.wz/Consume/0238.img.xml,Item/Item.wz/Consume/0238.img/02383000/info,Item/Item.wz/Consume/0238.img/02383000/info/icon.png,Item/Item.wz/Consume/0238.img/02383000/info/iconRaw.png
Consume,0238,2383001,Tortie Card,A card that features Tortie Card.n#cIf hunting at Florina BeachnAccuracy +2#,1,1,1,,,Item/Item.wz/Consume/0238.img.xml,Item/Item.wz/Consume/0238.img/02383001/info,Item/Item.wz/Consume/0238.img/02383001/info/icon.png,Item/Item.wz/Consume/0238.img/02383001/info/iconRaw.png
Consume,0238,2383002,Master Chronos Card,A card that features Master Chronos.n#cIf hunting at the upper floors of the ClocktowernJump +2#,1,1,1,,,Item/Item.wz/Consume/0238.img.xml,Item/Item.wz/Consume/0238.img/02383002/info,Item/Item.wz/Consume/0238.img/02383002/info/icon.png,Item/Item.wz/Consume/0238.img/02383002/info/iconRaw.png
Consume,0238,2383003,Dark Nependeath Card,A card that features Dark Nependeath.n#cIf hunting at the Cloud ParknIncreases drop rate of Nependeath Honey#,1,1,1,,,Item/Item.wz/Consume/0238.img.xml,Item/Item.wz/Consume/0238.img/02383003/info,Item/Item.wz/Consume/0238.img/02383003/info/icon.png,Item/Item.wz/Consume/0238.img/02383003/info/iconRaw.png
Consume,0238,2383004,Rombot Card,A card that features Rombot.n#cIf hunting at Eos TowernItem drop rates are increased#,1,1,1,,,Item/Item.wz/Consume/0238.img.xml,Item/Item.wz/Consume/0238.img/02383004/info,Item/Item.wz/Consume/0238.img/02383004/info/icon.png,Item/Item.wz/Consume/0238.img/02383004/info/iconRaw.png
Consume,0238,2383005,Mummy Dog Card,A card that features Mummy Dog.n#cIf hunting at PerionnJump +2#,1,1,1,,,Item/Item.wz/Consume/0238.img.xml,Item/Item.wz/Consume/0238.img/02383005/info,Item/Item.wz/Consume/0238.img/02383005/info/icon.png,Item/Item.wz/Consume/0238.img/02383005/info/iconRaw.png
Consume,0238,2383006,Jar Card,A card that features Jar.n#cIf hunting at Herb Townn소비Item drop rates are increased#,1,1,1,,,Item/Item.wz/Consume/0238.img.xml,Item/Item.wz/Consume/0238.img/02383006/info,Item/Item.wz/Consume/0238.img/02383006/info/icon.png,Item/Item.wz/Consume/0238.img/02383006/info/iconRaw.png
Consume,0238,2383007,Mithril Mutae Card,A card that features Mithril Mutae.n#cIf hunting at the Alcadno InstitutenAccuracy +2#,1,1,1,,,Item/Item.wz/Consume/0238.img.xml,Item/Item.wz/Consume/0238.img/02383007/info,Item/Item.wz/Consume/0238.img/02383007/info/icon.png,Item/Item.wz/Consume/0238.img/02383007/info/iconRaw.png
Consume,0238,2383008,Wraith Card,A card that features Wraith.n#cIf hunting at the SubwaynSpeed +2#,1,1,1,,,Item/Item.wz/Consume/0238.img.xml,Item/Item.wz/Consume/0238.img/02383008/info,Item/Item.wz/Consume/0238.img/02383008/info/icon.png,Item/Item.wz/Consume/0238.img/02383008/info/iconRaw.png
Consume,0238,2383009,Clang Card,A card that features Clang.n#cIf hunting at Florina BeachnSpeed +2#,1,1,1,,,Item/Item.wz/Consume/0238.img.xml,Item/Item.wz/Consume/0238.img/02383009/info,Item/Item.wz/Consume/0238.img/02383009/info/icon.png,Item/Item.wz/Consume/0238.img/02383009/info/iconRaw.png
Consume,0238,2383010,Ginseng Jar,"A card that features Ginseng Jar.n#cIf hunting at Herb Townnthe ""Use"" item drop rates are increased#",1,1,1,,,Item/Item.wz/Consume/0238.img.xml,Item/Item.wz/Consume/0238.img/02383010/info,Item/Item.wz/Consume/0238.img/02383010/info/icon.png,Item/Item.wz/Consume/0238.img/02383010/info/iconRaw.png
Consume,0238,2383011,Chief Grey Card,A card that features Chief Grey.n#cIf hunting at Kulan FieldnAccuracy +2#,1,1,1,,,Item/Item.wz/Consume/0238.img.xml,Item/Item.wz/Consume/0238.img/02383011/info,Item/Item.wz/Consume/0238.img/02383011/info/icon.png,Item/Item.wz/Consume/0238.img/02383011/info/iconRaw.png
Consume,0238,2383012,Drake Card,A card that features Drake.n#cIf hunting at Victoria IslandnSpeed +2#,1,1,1,,,Item/Item.wz/Consume/0238.img.xml,Item/Item.wz/Consume/0238.img/02383012/info,Item/Item.wz/Consume/0238.img/02383012/info/icon.png,Item/Item.wz/Consume/0238.img/02383012/info/iconRaw.png
Consume,0238,2383013,Jr. Yeti Card,A card that features Jr. Yeti.n#If hunting at the SnowfieldnCancels out damage penalty#,1,1,1,,,Item/Item.wz/Consume/0238.img.xml,Item/Item.wz/Consume/0238.img/02383013/info,Item/Item.wz/Consume/0238.img/02383013/info/icon.png,Item/Item.wz/Consume/0238.img/02383013/info/iconRaw.png
Consume,0238,2383014,Hodori Card,A card that features Hodori.n#cIf hunting at the Black MountainnSpeed +2#,1,1,1,,,Item/Item.wz/Consume/0238.img.xml,Item/Item.wz/Consume/0238.img/02383014/info,Item/Item.wz/Consume/0238.img/02383014/info/icon.png,Item/Item.wz/Consume/0238.img/02383014/info/iconRaw.png
Consume,0238,2383015,Straw Target Dummy,A card that features Straw Target Dummy.n#cIf hunting at the Training FieldnAvoidability +2#,1,1,1,,,Item/Item.wz/Consume/0238.img.xml,Item/Item.wz/Consume/0238.img/02383015/info,Item/Item.wz/Consume/0238.img/02383015/info/icon.png,Item/Item.wz/Consume/0238.img/02383015/info/iconRaw.png
Consume,0238,2383016,Reinforced Mithril Mutae,A card that features Reinforced Mithril Mutae.n#cIf hunting at the Alcadno InstitutenAvoidability +2#,1,1,1,,,Item/Item.wz/Consume/0238.img.xml,Item/Item.wz/Consume/0238.img/02383016/info,Item/Item.wz/Consume/0238.img/02383016/info/icon.png,Item/Item.wz/Consume/0238.img/02383016/info/iconRaw.png
Consume,0238,2383017,Firebomb Card,A card that features Firebomb.n#cIf hunting at Dead MinenDefense against fire-based attacks +6%#,1,1,1,,,Item/Item.wz/Consume/0238.img.xml,Item/Item.wz/Consume/0238.img/02383017/info,Item/Item.wz/Consume/0238.img/02383017/info/icon.png,Item/Item.wz/Consume/0238.img/02383017/info/iconRaw.png
Consume,0238,2383018,Wooden Target Dummy,A card that features Wooden Target Dummy.n#cIf hunting at the Training FieldnAccuracy +2#,1,1,1,,,Item/Item.wz/Consume/0238.img.xml,Item/Item.wz/Consume/0238.img/02383018/info,Item/Item.wz/Consume/0238.img/02383018/info/icon.png,Item/Item.wz/Consume/0238.img/02383018/info/iconRaw.png
Consume,0238,2383019,Croco Card,A card that features Croco.n#cIf hunting at the SwampnAvoidability +2#,1,1,1,,,Item/Item.wz/Consume/0238.img.xml,Item/Item.wz/Consume/0238.img/02383019/info,Item/Item.wz/Consume/0238.img/02383019/info/icon.png,Item/Item.wz/Consume/0238.img/02383019/info/iconRaw.png
Consume,0238,2383020,Luster Pixe Card,A card that features Luster Pixe.n#cIf hunting at Cloud ParknAccuracy +2#,1,1,1,,,Item/Item.wz/Consume/0238.img.xml,Item/Item.wz/Consume/0238.img/02383020/info,Item/Item.wz/Consume/0238.img/02383020/info/icon.png,Item/Item.wz/Consume/0238.img/02383020/info/iconRaw.png
Consume,0238,2383021,Cellion Card,A card that features Cellion Card.n#cIf hunting at the Orbis GardennDefense against fire-based attacks +6%#,1,1,1,,,Item/Item.wz/Consume/0238.img.xml,Item/Item.wz/Consume/0238.img/02383021/info,Item/Item.wz/Consume/0238.img/02383021/info/icon.png,Item/Item.wz/Consume/0238.img/02383021/info/iconRaw.png
Consume,0238,2383022,Lioner Card,A card that features Lioner.n#cIf hunting at the Orbis GardennDefense against electric-based attacks +6%#,1,1,1,,,Item/Item.wz/Consume/0238.img.xml,Item/Item.wz/Consume/0238.img/02383022/info,Item/Item.wz/Consume/0238.img/02383022/info/icon.png,Item/Item.wz/Consume/0238.img/02383022/info/iconRaw.png
Consume,0238,2383023,Grupin Card,A card that features Grupin.n#cIf hunting at the Orbis GardennDefense against ice-based attacks +6%#,1,1,1,,,Item/Item.wz/Consume/0238.img.xml,Item/Item.wz/Consume/0238.img/02383023/info,Item/Item.wz/Consume/0238.img/02383023/info/icon.png,Item/Item.wz/Consume/0238.img/02383023/info/iconRaw.png
Consume,0238,2383024,Hogul,A card that features Hogul.n#cIf hunting at the Black MountainnProtection against being knocked out +10%#,1,1,1,,,Item/Item.wz/Consume/0238.img.xml,Item/Item.wz/Consume/0238.img/02383024/info,Item/Item.wz/Consume/0238.img/02383024/info/icon.png,Item/Item.wz/Consume/0238.img/02383024/info/iconRaw.png
Consume,0238,2383025,Bellflower Root Card,A card that features Bellflower Root.n#cIf hunting at Herb TownnJump +2#,1,1,1,,,Item/Item.wz/Consume/0238.img.xml,Item/Item.wz/Consume/0238.img/02383025/info,Item/Item.wz/Consume/0238.img/02383025/info/icon.png,Item/Item.wz/Consume/0238.img/02383025/info/iconRaw.png
Consume,0238,2383026,MT-09 Card,A card that features MT-09.n#cIf hunting at Kulan FieldnAccuracy +2#,1,1,1,,,Item/Item.wz/Consume/0238.img.xml,Item/Item.wz/Consume/0238.img/02383026/info,Item/Item.wz/Consume/0238.img/02383026/info/icon.png,Item/Item.wz/Consume/0238.img/02383026/info/iconRaw.png
Consume,0238,2383027,Sr. Bellflower Root Card,A card that features Sr. Bellflower Root.n#cIf hunting at Herb TownnJump +2#,1,1,1,,,Item/Item.wz/Consume/0238.img.xml,Item/Item.wz/Consume/0238.img/02383027/info,Item/Item.wz/Consume/0238.img/02383027/info/icon.png,Item/Item.wz/Consume/0238.img/02383027/info/iconRaw.png
Consume,0238,2383028,Roid Card,A card that features Roid Card.n#cIf hunting at the Alcadno InstitutenDefense against electric-based attacks +6%#,1,1,1,,,Item/Item.wz/Consume/0238.img.xml,Item/Item.wz/Consume/0238.img/02383028/info,Item/Item.wz/Consume/0238.img/02383028/info/icon.png,Item/Item.wz/Consume/0238.img/02383028/info/iconRaw.png
Consume,0238,2383029,Malady Card,A card that features Malady.n#cIf hunting at EllinianSpeed +2#,1,1,1,,,Item/Item.wz/Consume/0238.img.xml,Item/Item.wz/Consume/0238.img/02383029/info,Item/Item.wz/Consume/0238.img/02383029/info/icon.png,Item/Item.wz/Consume/0238.img/02383029/info/iconRaw.png
Consume,0238,2383030,Stone Golem Card,A card that features Stone Golem.n#cIf hunting at Victoria IslandnAccuracy +2#,1,1,1,,,Item/Item.wz/Consume/0238.img.xml,Item/Item.wz/Consume/0238.img/02383030/info,Item/Item.wz/Consume/0238.img/02383030/info/icon.png,Item/Item.wz/Consume/0238.img/02383030/info/iconRaw.png
Consume,0238,2383031,Hector Card,A card that features Hector Card.n#cIf hunting at the SnowfieldnSpeed +2#,1,1,1,,,Item/Item.wz/Consume/0238.img.xml,Item/Item.wz/Consume/0238.img/02383031/info,Item/Item.wz/Consume/0238.img/02383031/info/icon.png,Item/Item.wz/Consume/0238.img/02383031/info/iconRaw.png
Consume,0238,2383032,The Book Ghost Card,A card that features the Book Ghost.n#cIf hunting at Mu LungnAvoidability +2#,1,1,1,,,Item/Item.wz/Consume/0238.img.xml,Item/Item.wz/Consume/0238.img/02383032/info,Item/Item.wz/Consume/0238.img/02383032/info/icon.png,Item/Item.wz/Consume/0238.img/02383032/info/iconRaw.png
Consume,0238,2383033,Dark Jr. Yeti Card,A card that features Dark Jr. Yeti.n#cIf hunting at the SnowfieldnCancels out the damage penalty#,1,1,1,,,Item/Item.wz/Consume/0238.img.xml,Item/Item.wz/Consume/0238.img/02383033/info,Item/Item.wz/Consume/0238.img/02383033/info/icon.png,Item/Item.wz/Consume/0238.img/02383033/info/iconRaw.png
Consume,0238,2383034,Tri-Tailed Fox Card,A card that features Tri-Tailed Fox.n#cIf hunting at the Black MountainnDefense against curse +10%#,1,1,1,,,Item/Item.wz/Consume/0238.img.xml,Item/Item.wz/Consume/0238.img/02383034/info,Item/Item.wz/Consume/0238.img/02383034/info/icon.png,Item/Item.wz/Consume/0238.img/02383034/info/iconRaw.png
Consume,0238,2383035,Grizzly Card,A card that features Grizzly.n#If hunting at Mu LungnJump +2#,1,1,1,,,Item/Item.wz/Consume/0238.img.xml,Item/Item.wz/Consume/0238.img/02383035/info,Item/Item.wz/Consume/0238.img/02383035/info/icon.png,Item/Item.wz/Consume/0238.img/02383035/info/iconRaw.png
Consume,0238,2383036,Skeleton Soldier,A card that features Skeleton Soldier.n#cIf hunting at PerionnAvoidability +2#,1,1,1,,,Item/Item.wz/Consume/0238.img.xml,Item/Item.wz/Consume/0238.img/02383036/info,Item/Item.wz/Consume/0238.img/02383036/info/icon.png,Item/Item.wz/Consume/0238.img/02383036/info/iconRaw.png
Consume,0238,2383037,Coolie Zombie Card,A card that features Coolie Zombie Card.n#cIf hunting at El NathnDefense against poison-based attacks +6%#,1,1,1,,,Item/Item.wz/Consume/0238.img.xml,Item/Item.wz/Consume/0238.img/02383037/info,Item/Item.wz/Consume/0238.img/02383037/info/icon.png,Item/Item.wz/Consume/0238.img/02383037/info/iconRaw.png
Consume,0238,2383038,Miner Zombie,A card that features Miner Zombie.n#cIf hunting at El NathnDefense against poison-based attacks +6%#,1,1,1,,,Item/Item.wz/Consume/0238.img.xml,Item/Item.wz/Consume/0238.img/02383038/info,Item/Item.wz/Consume/0238.img/02383038/info/icon.png,Item/Item.wz/Consume/0238.img/02383038/info/iconRaw.png
Consume,0238,2383039,Dark Stone Golem,A card that features Dark Stone Golem.n#cIf hunting at Victoria IslandnAccuracy +2#,1,1,1,,,Item/Item.wz/Consume/0238.img.xml,Item/Item.wz/Consume/0238.img/02383039/info,Item/Item.wz/Consume/0238.img/02383039/info/icon.png,Item/Item.wz/Consume/0238.img/02383039/info/iconRaw.png
Consume,0238,2383040,White Fang Card,A card that features White Fang.n#cIf hunting at the SnowfieldnSpeed +2#,1,1,1,,,Item/Item.wz/Consume/0238.img.xml,Item/Item.wz/Consume/0238.img/02383040/info,Item/Item.wz/Consume/0238.img/02383040/info/icon.png,Item/Item.wz/Consume/0238.img/02383040/info/iconRaw.png
Consume,0238,2383041,Reindeer Card,A card that features Reindeer.n#cIf hunting at Mu LungnJump +2#,1,1,1,,,Item/Item.wz/Consume/0238.img.xml,Item/Item.wz/Consume/0238.img/02383041/info,Item/Item.wz/Consume/0238.img/02383041/info/icon.png,Item/Item.wz/Consume/0238.img/02383041/info/iconRaw.png
Consume,0238,2383042,Neo Huroid Card,A card that features Neo Huroid.n#cIf hunting at the Alcadno InstitutenDefense against electric-based attacks +6%#,1,1,1,,,Item/Item.wz/Consume/0238.img.xml,Item/Item.wz/Consume/0238.img/02383042/info,Item/Item.wz/Consume/0238.img/02383042/info/icon.png,Item/Item.wz/Consume/0238.img/02383042/info/iconRaw.png
Consume,0238,2383043,Mixed Golem Card,A card that features Mixed Golem.n#cIf hunting at Victoria IslandnAccuracy +2/Avoidability +2#,1,1,1,,,Item/Item.wz/Consume/0238.img.xml,Item/Item.wz/Consume/0238.img/02383043/info,Item/Item.wz/Consume/0238.img/02383043/info/icon.png,Item/Item.wz/Consume/0238.img/02383043/info/iconRaw.png
Consume,0238,2383044,Red Drake Card,A card that features Red Drake.n#cIf hunting at Victoria IslandnDefense against fire-based attacks +6%#,1,1,1,,,Item/Item.wz/Consume/0238.img.xml,Item/Item.wz/Consume/0238.img/02383044/info,Item/Item.wz/Consume/0238.img/02383044/info/icon.png,Item/Item.wz/Consume/0238.img/02383044/info/iconRaw.png
Consume,0238,2383045,Pepe Card,A card that features Pepe.n#cIf hunting at the SnowfieldnSpeed +2#,1,1,1,,,Item/Item.wz/Consume/0238.img.xml,Item/Item.wz/Consume/0238.img/02383045/info,Item/Item.wz/Consume/0238.img/02383045/info/icon.png,Item/Item.wz/Consume/0238.img/02383045/info/iconRaw.png
Consume,0238,2383046,Blin Card,A card that features Blin.n#cIf hunting at the Black MountainnAvoidability +2#,1,1,1,,,Item/Item.wz/Consume/0238.img.xml,Item/Item.wz/Consume/0238.img/02383046/info,Item/Item.wz/Consume/0238.img/02383046/info/icon.png,Item/Item.wz/Consume/0238.img/02383046/info/iconRaw.png
Consume,0238,2383047,Panda Card,A card that features Panda.n#cIf hunting at Mu LungnDefense against weakness +10%#,1,1,1,,,Item/Item.wz/Consume/0238.img.xml,Item/Item.wz/Consume/0238.img/02383047/info,Item/Item.wz/Consume/0238.img/02383047/info/icon.png,Item/Item.wz/Consume/0238.img/02383047/info/iconRaw.png
Consume,0238,2383048,Shade Card,A card that features Shade.n#cIf hunting at the SubwaynAvoidability +2#,1,1,1,,,Item/Item.wz/Consume/0238.img.xml,Item/Item.wz/Consume/0238.img/02383048/info,Item/Item.wz/Consume/0238.img/02383048/info/icon.png,Item/Item.wz/Consume/0238.img/02383048/info/iconRaw.png
Consume,0238,2383049,Master Dummy Card,A card that features Master Dummy.n#cIf hunting at Mu Lung Training GroundnAvoidability +2#,1,1,1,,,Item/Item.wz/Consume/0238.img.xml,Item/Item.wz/Consume/0238.img/02383049/info,Item/Item.wz/Consume/0238.img/02383049/info/icon.png,Item/Item.wz/Consume/0238.img/02383049/info/iconRaw.png
Consume,0238,2383056,Tree Rod Card,A picture of Tree Rod is on this card.n#cWhile hunting in Ellin ForestnAvoidability +2#,1,1,1,,,Item/Item.wz/Consume/0238.img.xml,Item/Item.wz/Consume/0238.img/02383056/info,Item/Item.wz/Consume/0238.img/02383056/info/icon.png,Item/Item.wz/Consume/0238.img/02383056/info/iconRaw.png
Consume,0238,2383057,Mossy Mushroom Card,A picture of Mossy Mushroom is on this card.n#cWhile hunting in Ellin ForestnJump +2#,1,1,1,,,Item/Item.wz/Consume/0238.img.xml,Item/Item.wz/Consume/0238.img/02383057/info,Item/Item.wz/Consume/0238.img/02383057/info/icon.png,Item/Item.wz/Consume/0238.img/02383057/info/iconRaw.png
Consume,0238,2383058,Primitive Boar Card,A picture of Primitive Boar is on this card.n#cWhile hunting in Ellin ForestnSpeed +2#,1,1,1,,,Item/Item.wz/Consume/0238.img.xml,Item/Item.wz/Consume/0238.img/02383058/info,Item/Item.wz/Consume/0238.img/02383058/info/icon.png,Item/Item.wz/Consume/0238.img/02383058/info/iconRaw.png
Consume,0238,2383059,Stone Bug Card,A picture of Stone Bug is on this card.n#cWhile hunting in Ellin ForestnAccuracy +2#,1,1,1,,,Item/Item.wz/Consume/0238.img.xml,Item/Item.wz/Consume/0238.img/02383059/info,Item/Item.wz/Consume/0238.img/02383059/info/icon.png,Item/Item.wz/Consume/0238.img/02383059/info/iconRaw.png
Consume,0238,2384000,Buffy Card,A card that features Buffy.n#cIf hunting at the lower levels of the ClocktowernJump +3#,1,1,1,,,Item/Item.wz/Consume/0238.img.xml,Item/Item.wz/Consume/0238.img/02384000/info,Item/Item.wz/Consume/0238.img/02384000/info/icon.png,Item/Item.wz/Consume/0238.img/02384000/info/iconRaw.png
Consume,0238,2384001,Wild Cargo Card,A card that features Wild Cargo.n#cIf hunting at Victoria IslandnJump +3#,1,1,1,,,Item/Item.wz/Consume/0238.img.xml,Item/Item.wz/Consume/0238.img/02384001/info,Item/Item.wz/Consume/0238.img/02384001/info/icon.png,Item/Item.wz/Consume/0238.img/02384001/info/iconRaw.png
Consume,0238,2384002,Peach Monkey Card,A card that features Peach Monkey.n#cIf hunting at Mu LungnAccuracy +3#,1,1,1,,,Item/Item.wz/Consume/0238.img.xml,Item/Item.wz/Consume/0238.img/02384002/info,Item/Item.wz/Consume/0238.img/02384002/info/icon.png,Item/Item.wz/Consume/0238.img/02384002/info/iconRaw.png
Consume,0238,2384003,Officer Skeleton Card,A card that features Officer Skeleton.n#cIf hunting at PerionnAvoidability +3#,1,1,1,,,Item/Item.wz/Consume/0238.img.xml,Item/Item.wz/Consume/0238.img/02384003/info,Item/Item.wz/Consume/0238.img/02384003/info/icon.png,Item/Item.wz/Consume/0238.img/02384003/info/iconRaw.png
Consume,0238,2384004,Soul Teddy Card,A card that features Soul Teddy.n#cIf hunting at the lower levels of the ClocktowernAvoidability +3#,1,1,1,,,Item/Item.wz/Consume/0238.img.xml,Item/Item.wz/Consume/0238.img/02384004/info,Item/Item.wz/Consume/0238.img/02384004/info/icon.png,Item/Item.wz/Consume/0238.img/02384004/info/iconRaw.png
Consume,0238,2384005,Jr. Luinel Card,A card that features Jr. Luinel.n#cIf hunting at the Orbis GardennDefense against darkness +15%#,1,1,1,,,Item/Item.wz/Consume/0238.img.xml,Item/Item.wz/Consume/0238.img/02384005/info,Item/Item.wz/Consume/0238.img/02384005/info/icon.png,Item/Item.wz/Consume/0238.img/02384005/info/iconRaw.png
Consume,0238,2384006,Ice Drake Card,A card that features Ice Drake.n#cIf hunting at Victoria IslandnDefense against ice-based attacks +9%#,1,1,1,,,Item/Item.wz/Consume/0238.img.xml,Item/Item.wz/Consume/0238.img/02384006/info,Item/Item.wz/Consume/0238.img/02384006/info/icon.png,Item/Item.wz/Consume/0238.img/02384006/info/iconRaw.png
Consume,0238,2384007,Dark Pepe Card,A card that features Dark Pepe.n#cIf hunting at the SnowfieldnSpeed +3#,1,1,1,,,Item/Item.wz/Consume/0238.img.xml,Item/Item.wz/Consume/0238.img/02384007/info,Item/Item.wz/Consume/0238.img/02384007/info/icon.png,Item/Item.wz/Consume/0238.img/02384007/info/iconRaw.png
Consume,0238,2384008,Mr. Alli Card,A card that features Mr. Alli.n#cIf hunting at Herb TownnProtection against being knocked out +15%#,1,1,1,,,Item/Item.wz/Consume/0238.img.xml,Item/Item.wz/Consume/0238.img/02384008/info,Item/Item.wz/Consume/0238.img/02384008/info/icon.png,Item/Item.wz/Consume/0238.img/02384008/info/iconRaw.png
Consume,0238,2384009,Yeti Card,A card that features Yeti.n#cIf hunting at the SnowfieldnDefense against ice-based attacks +9%#,1,1,1,,,Item/Item.wz/Consume/0238.img.xml,Item/Item.wz/Consume/0238.img/02384009/info,Item/Item.wz/Consume/0238.img/02384009/info/icon.png,Item/Item.wz/Consume/0238.img/02384009/info/iconRaw.png
Consume,0238,2384010,Riche Card,A card that features Riche.n#cIf hunting at the SnowfieldnDefense against seal +15%#,1,1,1,,,Item/Item.wz/Consume/0238.img.xml,Item/Item.wz/Consume/0238.img/02384010/info,Item/Item.wz/Consume/0238.img/02384010/info/icon.png,Item/Item.wz/Consume/0238.img/02384010/info/iconRaw.png
Consume,0238,2384011,Homun Card,A card that features Homun.n#cIf hunting at the Zenumist InstitutenAvoidability +3#,1,1,1,,,Item/Item.wz/Consume/0238.img.xml,Item/Item.wz/Consume/0238.img/02384011/info,Item/Item.wz/Consume/0238.img/02384011/info/icon.png,Item/Item.wz/Consume/0238.img/02384011/info/iconRaw.png
Consume,0238,2384012,Lazy Buffy Card,A card that features Lazy Buffy.n#cIf hunting at the lower levels of the ClocktowernAvoidability +3#,1,1,1,,,Item/Item.wz/Consume/0238.img.xml,Item/Item.wz/Consume/0238.img/02384012/info,Item/Item.wz/Consume/0238.img/02384012/info/icon.png,Item/Item.wz/Consume/0238.img/02384012/info/iconRaw.png
Consume,0238,2384013,Sage Cat Card,A card that features Sage Cat.n#cIf hunting at Mu LungnAccuracy +3#,1,1,1,,,Item/Item.wz/Consume/0238.img.xml,Item/Item.wz/Consume/0238.img/02384013/info,Item/Item.wz/Consume/0238.img/02384013/info/icon.png,Item/Item.wz/Consume/0238.img/02384013/info/iconRaw.png
Consume,0238,2384014,Master Soul Teddy Card,A card that features Master Soul Teddy.n#cIf hunting at the lower levels of the ClocktowernAvoidability +3#,1,1,1,,,Item/Item.wz/Consume/0238.img.xml,Item/Item.wz/Consume/0238.img/02384014/info,Item/Item.wz/Consume/0238.img/02384014/info/icon.png,Item/Item.wz/Consume/0238.img/02384014/info/iconRaw.png
Consume,0238,2384015,Dark Drake Card,A card that features Dark Drake.n#cIf hunting at Victoria IslandnDefense against darkness +15%#,1,1,1,,,Item/Item.wz/Consume/0238.img.xml,Item/Item.wz/Consume/0238.img/02384015/info,Item/Item.wz/Consume/0238.img/02384015/info/icon.png,Item/Item.wz/Consume/0238.img/02384015/info/iconRaw.png
Consume,0238,2384016,Dark Yeti Card,A card that features Dark Yeti.n#cIf hunting at the SnowfieldnDefense against ice-based attacks +9%#,1,1,1,,,Item/Item.wz/Consume/0238.img.xml,Item/Item.wz/Consume/0238.img/02384016/info,Item/Item.wz/Consume/0238.img/02384016/info/icon.png,Item/Item.wz/Consume/0238.img/02384016/info/iconRaw.png
Consume,0238,2384017,Kru Card,A card that features Kru.n#cIf hunting at Herb TownnSpeed +3#,1,1,1,,,Item/Item.wz/Consume/0238.img.xml,Item/Item.wz/Consume/0238.img/02384017/info,Item/Item.wz/Consume/0238.img/02384017/info/icon.png,Item/Item.wz/Consume/0238.img/02384017/info/iconRaw.png
Consume,0238,2384018,Cyti Card,A card that features Cyti.n#cIf hunting at the labnAvoidability +3#,1,1,1,,,Item/Item.wz/Consume/0238.img.xml,Item/Item.wz/Consume/0238.img/02384018/info,Item/Item.wz/Consume/0238.img/02384018/info/icon.png,Item/Item.wz/Consume/0238.img/02384018/info/iconRaw.png
Consume,0238,2384019,Klock Card,A card that features Klock.n#cIf hunting at the lower levels of the ClocktowernAccuracy +3#,1,1,1,,,Item/Item.wz/Consume/0238.img.xml,Item/Item.wz/Consume/0238.img/02384019/info,Item/Item.wz/Consume/0238.img/02384019/info/icon.png,Item/Item.wz/Consume/0238.img/02384019/info/iconRaw.png
Consume,0238,2384020,Tauromacis Card,A card that features Tauromacis.n#cIf hunting at Victoria IslandnDefense against poison-based attacks +9%#,1,1,1,,,Item/Item.wz/Consume/0238.img.xml,Item/Item.wz/Consume/0238.img/02384020/info,Item/Item.wz/Consume/0238.img/02384020/info/icon.png,Item/Item.wz/Consume/0238.img/02384020/info/iconRaw.png
Consume,0238,2384021,Yellow King Goblin Card,A card that features Yellow King Goblin.n#cIf hunting at the Black MountainnDefense against fire-based attacks +9%#,1,1,1,,,Item/Item.wz/Consume/0238.img.xml,Item/Item.wz/Consume/0238.img/02384021/info,Item/Item.wz/Consume/0238.img/02384021/info/icon.png,Item/Item.wz/Consume/0238.img/02384021/info/iconRaw.png
Consume,0238,2384022,Blue King Goblin Card,A card that features Blue King Goblin.n#cIf hunting at the Black MountainnDefense against ice-based attacks +9%#,1,1,1,,,Item/Item.wz/Consume/0238.img.xml,Item/Item.wz/Consume/0238.img/02384022/info,Item/Item.wz/Consume/0238.img/02384022/info/icon.png,Item/Item.wz/Consume/0238.img/02384022/info/iconRaw.png
Consume,0238,2384023,Green King Goblin Card,A card that features Green King Goblin.n#cIf hunting at the Black MountainnDefense against poison-based attacks +9%#,1,1,1,,,Item/Item.wz/Consume/0238.img.xml,Item/Item.wz/Consume/0238.img/02384023/info,Item/Item.wz/Consume/0238.img/02384023/info/icon.png,Item/Item.wz/Consume/0238.img/02384023/info/iconRaw.png
Consume,0238,2384024,Rash Card,A card that features Rash.n#cIf hunting at Leafre ForestnDefense against curse +15%#,1,1,1,,,Item/Item.wz/Consume/0238.img.xml,Item/Item.wz/Consume/0238.img/02384024/info,Item/Item.wz/Consume/0238.img/02384024/info/icon.png,Item/Item.wz/Consume/0238.img/02384024/info/iconRaw.png
Consume,0238,2384025,Captain Card,A card that features Captain.n#cIf hunting at Herb TownnJump +3#,1,1,1,,,Item/Item.wz/Consume/0238.img.xml,Item/Item.wz/Consume/0238.img/02384025/info,Item/Item.wz/Consume/0238.img/02384025/info/icon.png,Item/Item.wz/Consume/0238.img/02384025/info/iconRaw.png
Consume,0238,2384026,Cerebes Card,A card that features Cerebes.n#cIf hunting at Dead MinenAccuracy +3#,1,1,1,,,Item/Item.wz/Consume/0238.img.xml,Item/Item.wz/Consume/0238.img/02384026/info,Item/Item.wz/Consume/0238.img/02384026/info/icon.png,Item/Item.wz/Consume/0238.img/02384026/info/iconRaw.png
Consume,0238,2384027,Beetle Card,A card that features Beetle.n#cIf hunting at Leafre ForestnAvoidability +3#,1,1,1,,,Item/Item.wz/Consume/0238.img.xml,Item/Item.wz/Consume/0238.img/02384027/info,Item/Item.wz/Consume/0238.img/02384027/info/icon.png,Item/Item.wz/Consume/0238.img/02384027/info/iconRaw.png
Consume,0238,2384028,Hobi Card,A card that features Hobi.n#cIf hunting at Leafre ForestnDefense against poison-based attack +15%#,1,1,1,,,Item/Item.wz/Consume/0238.img.xml,Item/Item.wz/Consume/0238.img/02384028/info,Item/Item.wz/Consume/0238.img/02384028/info/icon.png,Item/Item.wz/Consume/0238.img/02384028/info/iconRaw.png
Consume,0238,2384029,Commander Skeleton Card,A card that features Commander Skeleton.n#cIf hunting at PerionnAccuracy +3/Avoidability +3#,1,1,1,,,Item/Item.wz/Consume/0238.img.xml,Item/Item.wz/Consume/0238.img/02384029/info,Item/Item.wz/Consume/0238.img/02384029/info/icon.png,Item/Item.wz/Consume/0238.img/02384029/info/iconRaw.png
Consume,0238,2384030,Luinel Card,A card that features Luinel.n#cIf hunting at the Orbis GardennDefense against darkness +15%#,1,1,1,,,Item/Item.wz/Consume/0238.img.xml,Item/Item.wz/Consume/0238.img/02384030/info,Item/Item.wz/Consume/0238.img/02384030/info/icon.png,Item/Item.wz/Consume/0238.img/02384030/info/iconRaw.png
Consume,0238,2384031,Homunculu Card,A card that features Homunculu.n#cIf hunting at the Zenumist InstitutenAvoidability +3#,1,1,1,,,Item/Item.wz/Consume/0238.img.xml,Item/Item.wz/Consume/0238.img/02384031/info,Item/Item.wz/Consume/0238.img/02384031/info/icon.png,Item/Item.wz/Consume/0238.img/02384031/info/iconRaw.png
Consume,0238,2384032,Buffoon Card,A card that features Buffoon.n#cIf hunting at the lower levels of the ClocktowernSpeed +3#,1,1,1,,,Item/Item.wz/Consume/0238.img.xml,Item/Item.wz/Consume/0238.img/02384032/info,Item/Item.wz/Consume/0238.img/02384032/info/icon.png,Item/Item.wz/Consume/0238.img/02384032/info/iconRaw.png
Consume,0238,2384033,Dark Rash Card,A card that features Dark Rash.n#cIf hunting at Leafre ForestnDefense against curse +15%#,1,1,1,,,Item/Item.wz/Consume/0238.img.xml,Item/Item.wz/Consume/0238.img/02384033/info,Item/Item.wz/Consume/0238.img/02384033/info/icon.png,Item/Item.wz/Consume/0238.img/02384033/info/iconRaw.png
Consume,0238,2384034,D.Roy Card,A card that features D. Roy.n#cIf hunting at the Alcadno InstitutenAccuracy +3/Avoidability +3#,1,1,1,,,Item/Item.wz/Consume/0238.img.xml,Item/Item.wz/Consume/0238.img/02384034/info,Item/Item.wz/Consume/0238.img/02384034/info/icon.png,Item/Item.wz/Consume/0238.img/02384034/info/iconRaw.png
Consume,0238,2384035,Werewolf Card,A card that features Werewolf.n#cIf hunting at the SnowfieldnAccuracy +3#,1,1,1,,,Item/Item.wz/Consume/0238.img.xml,Item/Item.wz/Consume/0238.img/02384035/info,Item/Item.wz/Consume/0238.img/02384035/info/icon.png,Item/Item.wz/Consume/0238.img/02384035/info/iconRaw.png
Consume,0238,2384036,Taurospear Card,A card that features Taurospear.n#cIf hunting at Victoria IslandnAccuracy +3#,1,1,1,,,Item/Item.wz/Consume/0238.img.xml,Item/Item.wz/Consume/0238.img/02384036/info,Item/Item.wz/Consume/0238.img/02384036/info/icon.png,Item/Item.wz/Consume/0238.img/02384036/info/iconRaw.png
Consume,0238,2384037,Snow Witch Card,A card that features Snow Witch.n#cIf hunting at the SnowfieldnDefense against ice-based attacks +9%#,1,1,1,,,Item/Item.wz/Consume/0238.img.xml,Item/Item.wz/Consume/0238.img/02384037/info,Item/Item.wz/Consume/0238.img/02384037/info/icon.png,Item/Item.wz/Consume/0238.img/02384037/info/iconRaw.png
Consume,0238,2384038,Security Camera Card,A card that features Security Camera.n#cIf hunting at the Alcadno InstitutenSpeed +3#,1,1,1,,,Item/Item.wz/Consume/0238.img.xml,Item/Item.wz/Consume/0238.img/02384038/info,Item/Item.wz/Consume/0238.img/02384038/info/icon.png,Item/Item.wz/Consume/0238.img/02384038/info/iconRaw.png
Consume,0238,2384039,Scholar Ghost Card,A card that features Scholar Ghost.n#cIf hunting at the Black MountainnItem drop rate increased#,1,1,1,,,Item/Item.wz/Consume/0238.img.xml,Item/Item.wz/Consume/0238.img/02384039/info,Item/Item.wz/Consume/0238.img/02384039/info/icon.png,Item/Item.wz/Consume/0238.img/02384039/info/iconRaw.png
Consume,0238,2384040,Rurumo Card,A card that features Rurumo.n#cIf hunting at the Alcadno InstitutenItem drop rate increased#,1,1,1,,,Item/Item.wz/Consume/0238.img.xml,Item/Item.wz/Consume/0238.img/02384040/info,Item/Item.wz/Consume/0238.img/02384040/info/icon.png,Item/Item.wz/Consume/0238.img/02384040/info/iconRaw.png
Consume,0238,2385000,Dark Klock Card,A card that features Dark Klock.n#cIf hunting at the lower levels of the ClocktowernAvoidability +4#,1,1,1,,,Item/Item.wz/Consume/0238.img.xml,Item/Item.wz/Consume/0238.img/02385000/info,Item/Item.wz/Consume/0238.img/02385000/info/icon.png,Item/Item.wz/Consume/0238.img/02385000/info/iconRaw.png
Consume,0238,2385001,Dual Beetle Card,A card that features Dual Beetle.n#cIf hunting at Leafre ForestnAvoidability +4#,1,1,1,,,Item/Item.wz/Consume/0238.img.xml,Item/Item.wz/Consume/0238.img/02385001/info,Item/Item.wz/Consume/0238.img/02385001/info/icon.png,Item/Item.wz/Consume/0238.img/02385001/info/iconRaw.png
Consume,0238,2385002,Green Hobi Card,A card that features Green Hobi.n#cIf hunting at Minar ForestnAccuracy +4/Avoidability +4#,1,1,1,,,Item/Item.wz/Consume/0238.img.xml,Item/Item.wz/Consume/0238.img/02385002/info,Item/Item.wz/Consume/0238.img/02385002/info/icon.png,Item/Item.wz/Consume/0238.img/02385002/info/iconRaw.png
Consume,0238,2385003,Deep Buffoon Card,A card that features Deep Buffoon.n#cIf hunting at the lower levels of the ClocktowernSpeed +4#,1,1,1,,,Item/Item.wz/Consume/0238.img.xml,Item/Item.wz/Consume/0238.img/02385003/info,Item/Item.wz/Consume/0238.img/02385003/info/icon.png,Item/Item.wz/Consume/0238.img/02385003/info/iconRaw.png
Consume,0238,2385004,Yeti and Pepe Card,A card that features Yeti and Pepe.n#cIf hunting at the SnowfieldnAvoidability +4#,1,1,1,,,Item/Item.wz/Consume/0238.img.xml,Item/Item.wz/Consume/0238.img/02385004/info,Item/Item.wz/Consume/0238.img/02385004/info/icon.png,Item/Item.wz/Consume/0238.img/02385004/info/iconRaw.png
Consume,0238,2385005,Hankie Card,A card that features Hankie.n#cIf hunting at Leafre ForestnJump +4#,1,1,1,,,Item/Item.wz/Consume/0238.img.xml,Item/Item.wz/Consume/0238.img/02385005/info,Item/Item.wz/Consume/0238.img/02385005/info/icon.png,Item/Item.wz/Consume/0238.img/02385005/info/iconRaw.png
Consume,0238,2385006,Lycanthrope Card,A card that features Lycanthrope.n#cIf hunting at the SnowfieldnAccuracy +4#,1,1,1,,,Item/Item.wz/Consume/0238.img.xml,Item/Item.wz/Consume/0238.img/02385006/info,Item/Item.wz/Consume/0238.img/02385006/info/icon.png,Item/Item.wz/Consume/0238.img/02385006/info/iconRaw.png
Consume,0238,2385007,Harp Card,A card that features Harp.n#cIf hunting at Minar ForestnAvoidability +4#,1,1,1,,,Item/Item.wz/Consume/0238.img.xml,Item/Item.wz/Consume/0238.img/02385007/info,Item/Item.wz/Consume/0238.img/02385007/info/icon.png,Item/Item.wz/Consume/0238.img/02385007/info/iconRaw.png
Consume,0238,2385008,Homunscullo Card,A card that features Homunscullo.n#cIf hunting at the Zenumist InstitutenJump +4#,1,1,1,,,Item/Item.wz/Consume/0238.img.xml,Item/Item.wz/Consume/0238.img/02385008/info,Item/Item.wz/Consume/0238.img/02385008/info/icon.png,Item/Item.wz/Consume/0238.img/02385008/info/iconRaw.png
Consume,0238,2385009,Dark Yeti and Pepe Card,A card that features Dark Yeti and Pepe.n#cIf hunting at the SnowfieldnAvoidability +4#,1,1,1,,,Item/Item.wz/Consume/0238.img.xml,Item/Item.wz/Consume/0238.img/02385009/info,Item/Item.wz/Consume/0238.img/02385009/info/icon.png,Item/Item.wz/Consume/0238.img/02385009/info/iconRaw.png
Consume,0238,2385010,Pirate Card,A card that features Pirate.n#cIf hunting at the lower levels of the ClocktowernAccuracy +4#,1,1,1,,,Item/Item.wz/Consume/0238.img.xml,Item/Item.wz/Consume/0238.img/02385010/info,Item/Item.wz/Consume/0238.img/02385010/info/icon.png,Item/Item.wz/Consume/0238.img/02385010/info/iconRaw.png
Consume,0238,2385011,Blood Harp Card,A card that features Blood Harp.n#cIf hunting at Minar ForestnAccuracy +4#,1,1,1,,,Item/Item.wz/Consume/0238.img.xml,Item/Item.wz/Consume/0238.img/02385011/info,Item/Item.wz/Consume/0238.img/02385011/info/icon.png,Item/Item.wz/Consume/0238.img/02385011/info/iconRaw.png
Consume,0238,2385012,Death Teddy Card,A card that features Death Teddy.n#cIf hunting at the lower levels of the ClocktowernAccuracy +4#,1,1,1,,,Item/Item.wz/Consume/0238.img.xml,Item/Item.wz/Consume/0238.img/02385012/info,Item/Item.wz/Consume/0238.img/02385012/info/icon.png,Item/Item.wz/Consume/0238.img/02385012/info/iconRaw.png
Consume,0238,2385013,Goby Card,A card that features Goby.n#cIf hunting at Aqua Roadn15% chance of breaking through the monster's magic defense#,1,1,1,,,Item/Item.wz/Consume/0238.img.xml,Item/Item.wz/Consume/0238.img/02385013/info,Item/Item.wz/Consume/0238.img/02385013/info/icon.png,Item/Item.wz/Consume/0238.img/02385013/info/iconRaw.png
Consume,0238,2385014,Birk Card,A card that features Birk.n#cIf hunting at Leafre ForestnSpeed +4#,1,1,1,,,Item/Item.wz/Consume/0238.img.xml,Item/Item.wz/Consume/0238.img/02385014/info,Item/Item.wz/Consume/0238.img/02385014/info/icon.png,Item/Item.wz/Consume/0238.img/02385014/info/iconRaw.png
Consume,0238,2385015,Dual Pirate Card,A card that features Dual Pirate.n#cIf hunting at the lower levels of the ClocktowernAccuracy +4#,1,1,1,,,Item/Item.wz/Consume/0238.img.xml,Item/Item.wz/Consume/0238.img/02385015/info,Item/Item.wz/Consume/0238.img/02385015/info/icon.png,Item/Item.wz/Consume/0238.img/02385015/info/iconRaw.png
Consume,0238,2385016,Black Kentaurus Card,A card that features Black Kentaurus.n#cIf hunting at Leafre ForestnDefense against darkness +20%#,1,1,1,,,Item/Item.wz/Consume/0238.img.xml,Item/Item.wz/Consume/0238.img/02385016/info,Item/Item.wz/Consume/0238.img/02385016/info/icon.png,Item/Item.wz/Consume/0238.img/02385016/info/iconRaw.png
Consume,0238,2385017,Red Kentaurus Card,A card that features Red Kentaurus.n#cIf hunting at Leafre ForestnDefense against fire-based attacks +12%#,1,1,1,,,Item/Item.wz/Consume/0238.img.xml,Item/Item.wz/Consume/0238.img/02385017/info,Item/Item.wz/Consume/0238.img/02385017/info/icon.png,Item/Item.wz/Consume/0238.img/02385017/info/iconRaw.png
Consume,0238,2385018,Blue Kentaurus Card,A card that features Blue Kentaurus.n#cIf hunting at Leafre ForestnDefense against ice-based attacks +12%#,1,1,1,,,Item/Item.wz/Consume/0238.img.xml,Item/Item.wz/Consume/0238.img/02385018/info,Item/Item.wz/Consume/0238.img/02385018/info/icon.png,Item/Item.wz/Consume/0238.img/02385018/info/iconRaw.png
Consume,0238,2385019,Dual Birk Card,A card that features Dual Birk.n#cIf hunting at Leafre ForestnSpeed +4#,1,1,1,,,Item/Item.wz/Consume/0238.img.xml,Item/Item.wz/Consume/0238.img/02385019/info,Item/Item.wz/Consume/0238.img/02385019/info/icon.png,Item/Item.wz/Consume/0238.img/02385019/info/iconRaw.png
Consume,0238,2385020,Master Death Teddy Card,A card that features Master Death Teddy.n#cIf hunting at the lower levels of the ClocktowernAccuracy +4/Avoidability +4#,1,1,1,,,Item/Item.wz/Consume/0238.img.xml,Item/Item.wz/Consume/0238.img/02385020/info,Item/Item.wz/Consume/0238.img/02385020/info/icon.png,Item/Item.wz/Consume/0238.img/02385020/info/iconRaw.png
Consume,0238,2385021,Bain Card,A card that features Bain.n#cIf hunting at Dead MinenDefense against fire-based attacks +12%#,1,1,1,,,Item/Item.wz/Consume/0238.img.xml,Item/Item.wz/Consume/0238.img/02385021/info,Item/Item.wz/Consume/0238.img/02385021/info/icon.png,Item/Item.wz/Consume/0238.img/02385021/info/iconRaw.png
Consume,0238,2385022,Blue Dragon Turtle Card,A card that features Blue Dragon Turtle.n#cIf hunting at the Dragon ForestnAccuracy +4#,1,1,1,,,Item/Item.wz/Consume/0238.img.xml,Item/Item.wz/Consume/0238.img/02385022/info,Item/Item.wz/Consume/0238.img/02385022/info/icon.png,Item/Item.wz/Consume/0238.img/02385022/info/iconRaw.png
Consume,0238,2385023,Deet and Roi Card,A card that features Deet amd Roi.n#cIf hunting at the Zenumist InstitutenSpeed +4#,1,1,1,,,Item/Item.wz/Consume/0238.img.xml,Item/Item.wz/Consume/0238.img/02385023/info,Item/Item.wz/Consume/0238.img/02385023/info/icon.png,Item/Item.wz/Consume/0238.img/02385023/info/iconRaw.png
Consume,0238,2385025,Eye of Time Card,A card with a picture of the Eye of Time.nWhen hunting on the Temple of TimenSpeed +4#,1,1,1,,,Item/Item.wz/Consume/0238.img.xml,Item/Item.wz/Consume/0238.img/02385025/info,Item/Item.wz/Consume/0238.img/02385025/info/icon.png,Item/Item.wz/Consume/0238.img/02385025/info/iconRaw.png
Consume,0238,2386000,Bone Fish Card,A card that features Bone Fish.n#cIf hunting at Aqua Roadn30% chance of breaking through monster's weapon defense#,1,1,1,,,Item/Item.wz/Consume/0238.img.xml,Item/Item.wz/Consume/0238.img/02386000/info,Item/Item.wz/Consume/0238.img/02386000/info/icon.png,Item/Item.wz/Consume/0238.img/02386000/info/iconRaw.png
Consume,0238,2386001,Red Dragon Turtle Card,A card that features Red Dragon Turtle.n#cIf hunting at the Dragon ForestnAvoidability +5#,1,1,1,,,Item/Item.wz/Consume/0238.img.xml,Item/Item.wz/Consume/0238.img/02386001/info,Item/Item.wz/Consume/0238.img/02386001/info/icon.png,Item/Item.wz/Consume/0238.img/02386001/info/iconRaw.png
Consume,0238,2386002,Viking Card,A card that features Viking.n#cIf hunting at the lower levels of the ClocktowernDefense against fire-based attacks +15%#,1,1,1,,,Item/Item.wz/Consume/0238.img.xml,Item/Item.wz/Consume/0238.img/02386002/info,Item/Item.wz/Consume/0238.img/02386002/info/icon.png,Item/Item.wz/Consume/0238.img/02386002/info/iconRaw.png
Consume,0238,2386003,Squid Card,A card that features Squid.n#cIf hunting at Aqua RoadnDefense against darkness +25%#,1,1,1,,,Item/Item.wz/Consume/0238.img.xml,Item/Item.wz/Consume/0238.img/02386003/info,Item/Item.wz/Consume/0238.img/02386003/info/icon.png,Item/Item.wz/Consume/0238.img/02386003/info/iconRaw.png
Consume,0238,2386004,Phantom Watch Card,A card that features Phantom Watch.n#cIf hunting at the lower levels of the ClocktowernDefense against ice-based attacks +15%#,1,1,1,,,Item/Item.wz/Consume/0238.img.xml,Item/Item.wz/Consume/0238.img/02386004/info,Item/Item.wz/Consume/0238.img/02386004/info/icon.png,Item/Item.wz/Consume/0238.img/02386004/info/iconRaw.png
Consume,0238,2386005,Rexton Card,A card that features Rexton.n#cIf hunting at the Dragon ForestnSpeed +5#,1,1,1,,,Item/Item.wz/Consume/0238.img.xml,Item/Item.wz/Consume/0238.img/02386005/info,Item/Item.wz/Consume/0238.img/02386005/info/icon.png,Item/Item.wz/Consume/0238.img/02386005/info/iconRaw.png
Consume,0238,2386006,Brexton Card,A card that features Brexton.n#cIf hunting at the Dragon ForestnAccuracy +5#,1,1,1,,,Item/Item.wz/Consume/0238.img.xml,Item/Item.wz/Consume/0238.img/02386006/info,Item/Item.wz/Consume/0238.img/02386006/info/icon.png,Item/Item.wz/Consume/0238.img/02386006/info/iconRaw.png
Consume,0238,2386007,Risell Squid Card,A card that features Risell Squid.n#cIf hunting at Aqua RoadnDefense against darkness +25%#,1,1,1,,,Item/Item.wz/Consume/0238.img.xml,Item/Item.wz/Consume/0238.img/02386007/info,Item/Item.wz/Consume/0238.img/02386007/info/icon.png,Item/Item.wz/Consume/0238.img/02386007/info/iconRaw.png
Consume,0238,2386008,Red Wyvern Card,A card that features Red Wyvern.n#cIf hunting at the Dragon ForestnDefense against fire-based attacks +15%#,1,1,1,,,Item/Item.wz/Consume/0238.img.xml,Item/Item.wz/Consume/0238.img/02386008/info,Item/Item.wz/Consume/0238.img/02386008/info/icon.png,Item/Item.wz/Consume/0238.img/02386008/info/iconRaw.png
Consume,0238,2386009,Gigantic Viking Card,A card that features Gigantic Viking.n#cIf hunting at the lower levels of the ClocktowernDefense against fire-based attacks +15%#,1,1,1,,,Item/Item.wz/Consume/0238.img.xml,Item/Item.wz/Consume/0238.img/02386009/info,Item/Item.wz/Consume/0238.img/02386009/info/icon.png,Item/Item.wz/Consume/0238.img/02386009/info/iconRaw.png
Consume,0238,2386010,G. Phantom Watch Card,A card that features G. Phantom Watch.n#cIf hunting at the lower levels of the ClocktowernDefense against ice-based attacks +15%#,1,1,1,,,Item/Item.wz/Consume/0238.img.xml,Item/Item.wz/Consume/0238.img/02386010/info,Item/Item.wz/Consume/0238.img/02386010/info/icon.png,Item/Item.wz/Consume/0238.img/02386010/info/iconRaw.png
Consume,0238,2386011,Green Cornian Card,A card that features Green Cornian.n#cIf hunting at the Dragon ForestnSpeed +5#,1,1,1,,,Item/Item.wz/Consume/0238.img.xml,Item/Item.wz/Consume/0238.img/02386011/info,Item/Item.wz/Consume/0238.img/02386011/info/icon.png,Item/Item.wz/Consume/0238.img/02386011/info/iconRaw.png
Consume,0238,2386012,Shark Card,A card that features Sharkn#cIf hunting at Aqua RoadnDefense against ice-based attacks +15%#,1,1,1,,,Item/Item.wz/Consume/0238.img.xml,Item/Item.wz/Consume/0238.img/02386012/info,Item/Item.wz/Consume/0238.img/02386012/info/icon.png,Item/Item.wz/Consume/0238.img/02386012/info/iconRaw.png
Consume,0238,2386013,Blue Wyvern Card,A card that features Blue Wyvern.n#cIf hunting at the Dragon ForestnDefense against ice-based attacks +15%#,1,1,1,,,Item/Item.wz/Consume/0238.img.xml,Item/Item.wz/Consume/0238.img/02386013/info,Item/Item.wz/Consume/0238.img/02386013/info/icon.png,Item/Item.wz/Consume/0238.img/02386013/info/iconRaw.png
Consume,0238,2386014,Cold Shark Card,A card that features Cold Shark.n#cIf hunting at Aqua RoadnAccuracy +5#,1,1,1,,,Item/Item.wz/Consume/0238.img.xml,Item/Item.wz/Consume/0238.img/02386014/info,Item/Item.wz/Consume/0238.img/02386014/info/icon.png,Item/Item.wz/Consume/0238.img/02386014/info/iconRaw.png
Consume,0238,2386015,Dark Wyvern Card,A card that features Dark Wyvern.n#cIf hunting at the Dragon ForestnDefense against darkness +25%#,1,1,1,,,Item/Item.wz/Consume/0238.img.xml,Item/Item.wz/Consume/0238.img/02386015/info,Item/Item.wz/Consume/0238.img/02386015/info/icon.png,Item/Item.wz/Consume/0238.img/02386015/info/iconRaw.png
Consume,0238,2386016,Dark Cornian Card,A card that features Dark Cornian.n#cIf hunting at the Dragon ForestnAccuracy +5#,1,1,1,,,Item/Item.wz/Consume/0238.img.xml,Item/Item.wz/Consume/0238.img/02386016/info,Item/Item.wz/Consume/0238.img/02386016/info/icon.png,Item/Item.wz/Consume/0238.img/02386016/info/iconRaw.png
Consume,0238,2386017,Jr. Newtie Card,A card that features Jr. Newtie.n#cIf hunting at the Dragon ForestnAvoidability +5#,1,1,1,,,Item/Item.wz/Consume/0238.img.xml,Item/Item.wz/Consume/0238.img/02386017/info,Item/Item.wz/Consume/0238.img/02386017/info/icon.png,Item/Item.wz/Consume/0238.img/02386017/info/iconRaw.png
Consume,0238,2386021,Memory Monk Card,A card with a picture of the Memory Monk.n#cWhen hunting on Memory LanenEvasion rate +5#,1,1,1,,,Item/Item.wz/Consume/0238.img.xml,Item/Item.wz/Consume/0238.img/02386021/info,Item/Item.wz/Consume/0238.img/02386021/info/icon.png,Item/Item.wz/Consume/0238.img/02386021/info/iconRaw.png
Consume,0238,2386022,Memory Monk Trainee Card,A card with a picture of the Memory Monk Trainee.n#cWhen hunting on Memory LanenAccuracy +5#,1,1,1,,,Item/Item.wz/Consume/0238.img.xml,Item/Item.wz/Consume/0238.img/02386022/info,Item/Item.wz/Consume/0238.img/02386022/info/icon.png,Item/Item.wz/Consume/0238.img/02386022/info/iconRaw.png
Consume,0238,2386023,Memory Guardian Card,A card with a picture of the Memory Guardian.n#cWhen hunting on Memory LanenJump +5#,1,1,1,,,Item/Item.wz/Consume/0238.img.xml,Item/Item.wz/Consume/0238.img/02386023/info,Item/Item.wz/Consume/0238.img/02386023/info/icon.png,Item/Item.wz/Consume/0238.img/02386023/info/iconRaw.png
Consume,0238,2386024,Chief Memory Guardian Card,A card with a picture of the Chief Memory Guardian.n#cWhen hunting on Memory LanenSpeed +5#,1,1,1,,,Item/Item.wz/Consume/0238.img.xml,Item/Item.wz/Consume/0238.img/02386024/info,Item/Item.wz/Consume/0238.img/02386024/info/icon.png,Item/Item.wz/Consume/0238.img/02386024/info/iconRaw.png
Consume,0238,2387000,Gatekeeper Card,A card that features Gatekeeper.n#If hunting at the lower levels of the Clocktowern25% chance of breaking through monster's weapon defense#,1,1,1,,,Item/Item.wz/Consume/0238.img.xml,Item/Item.wz/Consume/0238.img/02387000/info,Item/Item.wz/Consume/0238.img/02387000/info/icon.png,Item/Item.wz/Consume/0238.img/02387000/info/iconRaw.png
Consume,0238,2387001,Thanatos Card,A card that features Thanatosn#cIf hunting at the lower levels of the Clocktowern25% chance of breaking through monster's magic defense#,1,1,1,,,Item/Item.wz/Consume/0238.img.xml,Item/Item.wz/Consume/0238.img/02387001/info,Item/Item.wz/Consume/0238.img/02387001/info/icon.png,Item/Item.wz/Consume/0238.img/02387001/info/iconRaw.png
Consume,0238,2387002,Skelegon Card,A card that features Skelegon.n#cIf hunting at the Dragon ForestnAccuracy +6/Avoidability +6#,1,1,1,,,Item/Item.wz/Consume/0238.img.xml,Item/Item.wz/Consume/0238.img/02387002/info,Item/Item.wz/Consume/0238.img/02387002/info/icon.png,Item/Item.wz/Consume/0238.img/02387002/info/iconRaw.png
Consume,0238,2387003,Skelosaurus Card,A card that features Skelosaurusn#cIf hunting at the Dragon Forestn20% chance of breaking through monster's weapon/magic defense#,1,1,1,,,Item/Item.wz/Consume/0238.img.xml,Item/Item.wz/Consume/0238.img/02387003/info,Item/Item.wz/Consume/0238.img/02387003/info/icon.png,Item/Item.wz/Consume/0238.img/02387003/info/iconRaw.png
Consume,0238,2387004,Nest Golem Card,A card that features Nest Golem.n#cIf hunting at the Dragon ForestnAccuracy +5,1,1,1,,,Item/Item.wz/Consume/0238.img.xml,Item/Item.wz/Consume/0238.img/02387004/info,Item/Item.wz/Consume/0238.img/02387004/info/icon.png,Item/Item.wz/Consume/0238.img/02387004/info/iconRaw.png
Consume,0238,2387006,Qualm Monk Card,A card with a picture of the Qualm Monk.n#cWhen hunting on the Road of RegretsnEvasion rate +6#,1,1,1,,,Item/Item.wz/Consume/0238.img.xml,Item/Item.wz/Consume/0238.img/02387006/info,Item/Item.wz/Consume/0238.img/02387006/info/icon.png,Item/Item.wz/Consume/0238.img/02387006/info/iconRaw.png
Consume,0238,2387007,Qualm Monk Trainee Card,A card with a picture of the Qualm Monk Trainee.n#cWhen hunting on the Road of RegretsnAccuracy +6#,1,1,1,,,Item/Item.wz/Consume/0238.img.xml,Item/Item.wz/Consume/0238.img/02387007/info,Item/Item.wz/Consume/0238.img/02387007/info/icon.png,Item/Item.wz/Consume/0238.img/02387007/info/iconRaw.png
Consume,0238,2387008,Qualm Guardian Card,A card with a picture of the Qualm Guardian.n#cWhen hunting on the Road of RegretsnJump +6#,1,1,1,,,Item/Item.wz/Consume/0238.img.xml,Item/Item.wz/Consume/0238.img/02387008/info,Item/Item.wz/Consume/0238.img/02387008/info/icon.png,Item/Item.wz/Consume/0238.img/02387008/info/iconRaw.png
Consume,0238,2387009,Chief Qualm Guardian Card,A card with a picture of the Chief Qualm Guardian.n#cWhen hunting on the Road of RegretsnSpeed +6#,1,1,1,,,Item/Item.wz/Consume/0238.img.xml,Item/Item.wz/Consume/0238.img/02387009/info,Item/Item.wz/Consume/0238.img/02387009/info/icon.png,Item/Item.wz/Consume/0238.img/02387009/info/iconRaw.png
Consume,0238,2387010,Oblivion Monk Card,A card with a picture of the Oblivion Monk.n#cWhen hunting on the Road to OblivionnEvasion rate +6#,1,1,1,,,Item/Item.wz/Consume/0238.img.xml,Item/Item.wz/Consume/0238.img/02387010/info,Item/Item.wz/Consume/0238.img/02387010/info/icon.png,Item/Item.wz/Consume/0238.img/02387010/info/iconRaw.png
Consume,0238,2387011,Oblivion Monk Trainee Card,A card with a picture of the Oblivion Monk Trainee.n#cWhen hunting on the Road to OblivionnAccuracy +6#,1,1,1,,,Item/Item.wz/Consume/0238.img.xml,Item/Item.wz/Consume/0238.img/02387011/info,Item/Item.wz/Consume/0238.img/02387011/info/icon.png,Item/Item.wz/Consume/0238.img/02387011/info/iconRaw.png
Consume,0238,2387012,Oblivion Guardian Card,A card with a picture of the Oblivion Guardian.n#cWhen hunting on the Road to OblivionnJump +6#,1,1,1,,,Item/Item.wz/Consume/0238.img.xml,Item/Item.wz/Consume/0238.img/02387012/info,Item/Item.wz/Consume/0238.img/02387012/info/icon.png,Item/Item.wz/Consume/0238.img/02387012/info/iconRaw.png
Consume,0238,2387013,Chief Oblivion Guardian Card,A card with a picture of the Chief Oblivion Guardian.n#cWhen hunting on the Road to OblivionnSpeed +6#,1,1,1,,,Item/Item.wz/Consume/0238.img.xml,Item/Item.wz/Consume/0238.img/02387013/info,Item/Item.wz/Consume/0238.img/02387013/info/icon.png,Item/Item.wz/Consume/0238.img/02387013/info/iconRaw.png
Consume,0238,2388000,Mano Card,A card that features Mano.n#cIf hunting around the area of Lith HarbornItem/Meso drop rate is increased#,1,1,1,,,Item/Item.wz/Consume/0238.img.xml,Item/Item.wz/Consume/0238.img/02388000/info,Item/Item.wz/Consume/0238.img/02388000/info/icon.png,Item/Item.wz/Consume/0238.img/02388000/info/iconRaw.png
Consume,0238,2388001,King Slime Card,A card that features King Slime.n#cIf hunting around the area of Kerning CitynSpeed +1/Jump +1,1,1,1,,,Item/Item.wz/Consume/0238.img.xml,Item/Item.wz/Consume/0238.img/02388001/info,Item/Item.wz/Consume/0238.img/02388001/info/icon.png,Item/Item.wz/Consume/0238.img/02388001/info/iconRaw.png
Consume,0238,2388002,Faust Card,A card that features Faust.n#cIf hunting around the area of EllinianItem/Meso drop rate is increased#,1,1,1,,,Item/Item.wz/Consume/0238.img.xml,Item/Item.wz/Consume/0238.img/02388002/info,Item/Item.wz/Consume/0238.img/02388002/info/icon.png,Item/Item.wz/Consume/0238.img/02388002/info/iconRaw.png
Consume,0238,2388003,King Clang Card,A card that features King Clang.n#cIf hunting around the area of Florina BeachnItem/Meso drop rate is increased#,1,1,1,,,Item/Item.wz/Consume/0238.img.xml,Item/Item.wz/Consume/0238.img/02388003/info,Item/Item.wz/Consume/0238.img/02388003/info/icon.png,Item/Item.wz/Consume/0238.img/02388003/info/iconRaw.png
Consume,0238,2388004,Alishar Card,A card that features Alishar.n#cIf hunting around the area of Eos TowernItem/Meso drop rate is increased#,1,1,1,,,Item/Item.wz/Consume/0238.img.xml,Item/Item.wz/Consume/0238.img/02388004/info,Item/Item.wz/Consume/0238.img/02388004/info/icon.png,Item/Item.wz/Consume/0238.img/02388004/info/iconRaw.png
Consume,0238,2388005,Timer Card,A card that features Timer.n#cIf hunting at the upper floors of the ClocktowernItem/Meso drop rate is increased#,1,1,1,,,Item/Item.wz/Consume/0238.img.xml,Item/Item.wz/Consume/0238.img/02388005/info,Item/Item.wz/Consume/0238.img/02388005/info/icon.png,Item/Item.wz/Consume/0238.img/02388005/info/iconRaw.png
Consume,0238,2388006,Mushmom Card,A card that features Mushmom.n#cIf hunting around the area of HenesysnItem/Meso drop rate is increased#,1,1,1,,,Item/Item.wz/Consume/0238.img.xml,Item/Item.wz/Consume/0238.img/02388006/info,Item/Item.wz/Consume/0238.img/02388006/info/icon.png,Item/Item.wz/Consume/0238.img/02388006/info/iconRaw.png
Consume,0238,2388007,Dyle Card,A card that features Dyle.n#cIf hunting around the area of Kerning CitynItem/Meso drop rate is increased#,1,1,1,,,Item/Item.wz/Consume/0238.img.xml,Item/Item.wz/Consume/0238.img/02388007/info,Item/Item.wz/Consume/0238.img/02388007/info/icon.png,Item/Item.wz/Consume/0238.img/02388007/info/iconRaw.png
Consume,0238,2388008,Zombie Mushmom,A card that features Zombie Mushmom.n#cIf hunting around the area of Ant TunnelnItem/Meso drop rate is increased#,1,1,1,,,Item/Item.wz/Consume/0238.img.xml,Item/Item.wz/Consume/0238.img/02388008/info,Item/Item.wz/Consume/0238.img/02388008/info/icon.png,Item/Item.wz/Consume/0238.img/02388008/info/iconRaw.png
Consume,0238,2388009,Nine-Tailed Fox Card,A card that features Nine-Tailed Fox.n#cIf hunting around the area of Korean Folk TownnItem/Meso drop rate is increased#,1,1,1,,,Item/Item.wz/Consume/0238.img.xml,Item/Item.wz/Consume/0238.img/02388009/info,Item/Item.wz/Consume/0238.img/02388009/info/icon.png,Item/Item.wz/Consume/0238.img/02388009/info/iconRaw.png
Consume,0238,2388010,Tae Roon Card,A card that features Tae Roon.n#cIf hunting around the area of Sky ForestnItem/Meso drop rate is increased#,1,1,1,,,Item/Item.wz/Consume/0238.img.xml,Item/Item.wz/Consume/0238.img/02388010/info,Item/Item.wz/Consume/0238.img/02388010/info/icon.png,Item/Item.wz/Consume/0238.img/02388010/info/iconRaw.png
Consume,0238,2388011,Lord Pirate Card,A card that features Lord Pirate.n#cIf hunting around the area of Herb TownnItem/Meso drop rate is increased#,1,1,1,,,Item/Item.wz/Consume/0238.img.xml,Item/Item.wz/Consume/0238.img/02388011/info,Item/Item.wz/Consume/0238.img/02388011/info/icon.png,Item/Item.wz/Consume/0238.img/02388011/info/iconRaw.png
Consume,0238,2388012,Papa Pixie Card,A card that features Papa Pixie.n#cIf hunting around the area of Cloud TownnItem/Meso drop rate is increased#,1,1,1,,,Item/Item.wz/Consume/0238.img.xml,Item/Item.wz/Consume/0238.img/02388012/info,Item/Item.wz/Consume/0238.img/02388012/info/icon.png,Item/Item.wz/Consume/0238.img/02388012/info/iconRaw.png
Consume,0238,2388013,King Sage Cat Card,A card that features King Sage Cat.n#cIf hunting around the area of Peach FarmnItem/Meso drop rate is increased#,1,1,1,,,Item/Item.wz/Consume/0238.img.xml,Item/Item.wz/Consume/0238.img/02388013/info,Item/Item.wz/Consume/0238.img/02388013/info/icon.png,Item/Item.wz/Consume/0238.img/02388013/info/iconRaw.png
Consume,0238,2388014,Frankenroid Card,A card that features Frankenroid.n#cIf hunting around the area of MagatianItem/Meso drop rate is increased#,1,1,1,,,Item/Item.wz/Consume/0238.img.xml,Item/Item.wz/Consume/0238.img/02388014/info,Item/Item.wz/Consume/0238.img/02388014/info/icon.png,Item/Item.wz/Consume/0238.img/02388014/info/iconRaw.png
Consume,0238,2388015,Elliza Card,A card that features Elliza.n#cIf hunting around the area of Orbis gardennItem/Meso drop rate is increased#,1,1,1,,,Item/Item.wz/Consume/0238.img.xml,Item/Item.wz/Consume/0238.img/02388015/info,Item/Item.wz/Consume/0238.img/02388015/info/icon.png,Item/Item.wz/Consume/0238.img/02388015/info/iconRaw.png
Consume,0238,2388016,Snowman Card,A card that features Snowman.n#cIf hunting around the area of SnowfieldsnItem/Meso drop rate is increased#,1,1,1,,,Item/Item.wz/Consume/0238.img.xml,Item/Item.wz/Consume/0238.img/02388016/info,Item/Item.wz/Consume/0238.img/02388016/info/icon.png,Item/Item.wz/Consume/0238.img/02388016/info/iconRaw.png
Consume,0238,2388017,Crimson Balrog Card,A card that features Crimson Balrog.n#cIf hunting at El Nath / OrbisnItem/Meso drop rate is increased#,1,1,1,,,Item/Item.wz/Consume/0238.img.xml,Item/Item.wz/Consume/0238.img/02388017/info,Item/Item.wz/Consume/0238.img/02388017/info/icon.png,Item/Item.wz/Consume/0238.img/02388017/info/iconRaw.png
Consume,0238,2388018,Manon Card,A card that features Manon.n#cIf hunting at Leafre ForestnMeso drop rate is increased#,1,1,1,,,Item/Item.wz/Consume/0238.img.xml,Item/Item.wz/Consume/0238.img/02388018/info,Item/Item.wz/Consume/0238.img/02388018/info/icon.png,Item/Item.wz/Consume/0238.img/02388018/info/iconRaw.png
Consume,0238,2388019,Griffey Card,A card that features Griffey.n#cIf hunting at Leafre ForestnItem drop rates are increased#,1,1,1,,,Item/Item.wz/Consume/0238.img.xml,Item/Item.wz/Consume/0238.img/02388019/info,Item/Item.wz/Consume/0238.img/02388019/info/icon.png,Item/Item.wz/Consume/0238.img/02388019/info/iconRaw.png
Consume,0238,2388020,Pianus Card,A card that features Pianus.n#cIf hunting around the Aqua Road areanItem/Meso drop rate is increased#,1,1,1,,,Item/Item.wz/Consume/0238.img.xml,Item/Item.wz/Consume/0238.img/02388020/info,Item/Item.wz/Consume/0238.img/02388020/info/icon.png,Item/Item.wz/Consume/0238.img/02388020/info/iconRaw.png
Consume,0238,2388021,Ergoth Card,A card that features Ergoth.n#cWhen party huntingnJump +6/Speed +6#,1,1,1,,,Item/Item.wz/Consume/0238.img.xml,Item/Item.wz/Consume/0238.img/02388021/info,Item/Item.wz/Consume/0238.img/02388021/info/icon.png,Item/Item.wz/Consume/0238.img/02388021/info/iconRaw.png
Consume,0238,2388022,Papulatus Card,A card that features Papulatus.n#cIf hunting at the lower levels of the ClocktowernItem/Meso drop rate is increased#,1,1,1,,,Item/Item.wz/Consume/0238.img.xml,Item/Item.wz/Consume/0238.img/02388022/info,Item/Item.wz/Consume/0238.img/02388022/info/icon.png,Item/Item.wz/Consume/0238.img/02388022/info/iconRaw.png
Consume,0238,2388023,Zakum Card,A card that features Zakum.n#cIf hunting around the area of the Dead MinenItem/Meso drop rate is increased#,1,1,1,,,Item/Item.wz/Consume/0238.img.xml,Item/Item.wz/Consume/0238.img/02388023/info,Item/Item.wz/Consume/0238.img/02388023/info/icon.png,Item/Item.wz/Consume/0238.img/02388023/info/iconRaw.png
Consume,0238,2388024,Horned Tail Card,A card that features Horned Tail.n#cIf hunting around the area of Minar ForestnItem/Meso drop rate is increased#,1,1,1,,,Item/Item.wz/Consume/0238.img.xml,Item/Item.wz/Consume/0238.img/02388024/info,Item/Item.wz/Consume/0238.img/02388024/info/icon.png,Item/Item.wz/Consume/0238.img/02388024/info/iconRaw.png
Consume,0238,2388025,Stumpy Card,A card that features Stumpyn#cIf hunting around the area of PerionnItem/Meso drop rate is increased#,1,1,1,,,Item/Item.wz/Consume/0238.img.xml,Item/Item.wz/Consume/0238.img/02388025/info,Item/Item.wz/Consume/0238.img/02388025/info/icon.png,Item/Item.wz/Consume/0238.img/02388025/info/iconRaw.png
Consume,0238,2388026,Jr. Balrog Card,A card that features Jr. Balrog.n#cIf hunting around the area of SleepywoodnItem/Meso drop rate is increased#,1,1,1,,,Item/Item.wz/Consume/0238.img.xml,Item/Item.wz/Consume/0238.img/02388026/info,Item/Item.wz/Consume/0238.img/02388026/info/icon.png,Item/Item.wz/Consume/0238.img/02388026/info/iconRaw.png
Consume,0238,2388027,Rudolph Card,"A card that features Santa's favorite, Rudolph.",1,1,1,,,Item/Item.wz/Consume/0238.img.xml,Item/Item.wz/Consume/0238.img/02388027/info,Item/Item.wz/Consume/0238.img/02388027/info/icon.png,Item/Item.wz/Consume/0238.img/02388027/info/iconRaw.png
Consume,0238,2388028,Kid Snowman Card,A card that features the little rascal that is the Kid Snowman.,1,1,1,,,Item/Item.wz/Consume/0238.img.xml,Item/Item.wz/Consume/0238.img/02388028/info,Item/Item.wz/Consume/0238.img/02388028/info/icon.png,Item/Item.wz/Consume/0238.img/02388028/info/iconRaw.png
Consume,0238,2388029,Deo Card,A card that features Deo.n#cIf hunting around the desert areanItem/Meso drop rate will be increased#,1,1,1,,,Item/Item.wz/Consume/0238.img.xml,Item/Item.wz/Consume/0238.img/02388029/info,Item/Item.wz/Consume/0238.img/02388029/info/icon.png,Item/Item.wz/Consume/0238.img/02388029/info/iconRaw.png
Consume,0238,2388030,Seruf Card,A card that features Seruf.n#cIf hunting at a shallow seanItem/Meso drop rate will be increased#,1,1,1,,,Item/Item.wz/Consume/0238.img.xml,Item/Item.wz/Consume/0238.img/02388030/info,Item/Item.wz/Consume/0238.img/02388030/info/icon.png,Item/Item.wz/Consume/0238.img/02388030/info/iconRaw.png
Consume,0238,2388031,Zeno Card,A card that features Zeno.n#cIf hunting around the area of Omega SectornItem/Meso drop rate will be increased#,1,1,1,,,Item/Item.wz/Consume/0238.img.xml,Item/Item.wz/Consume/0238.img/02388031/info,Item/Item.wz/Consume/0238.img/02388031/info/icon.png,Item/Item.wz/Consume/0238.img/02388031/info/iconRaw.png
Consume,0238,2388032,Kimera Card,A card that features Kimera.n#cIf hunting around the lab areanItem/meso drop rate increases#,1,1,1,,,Item/Item.wz/Consume/0238.img.xml,Item/Item.wz/Consume/0238.img/02388032/info,Item/Item.wz/Consume/0238.img/02388032/info/icon.png,Item/Item.wz/Consume/0238.img/02388032/info/iconRaw.png
Consume,0238,2388033,Leviathan Card,A card that features Leviathan.n#cIf hunting around the area of Dragon ForestnItem/Meso drop rate will be increased#,1,1,1,,,Item/Item.wz/Consume/0238.img.xml,Item/Item.wz/Consume/0238.img/02388033/info,Item/Item.wz/Consume/0238.img/02388033/info/icon.png,Item/Item.wz/Consume/0238.img/02388033/info/iconRaw.png
Consume,0238,2388039,Poison Golme Card,A picture of Poison Golem is on this card.n#cWhile hunting in Ellin ForestnDrop rate of item and meso increase#,1,1,1,,,Item/Item.wz/Consume/0238.img.xml,Item/Item.wz/Consume/0238.img/02388039/info,Item/Item.wz/Consume/0238.img/02388039/info/icon.png,Item/Item.wz/Consume/0238.img/02388039/info/iconRaw.png
Consume,0238,2388040,Dodo Card,A card with a picture of Dodo.n#cWhen hunting on Memory LanenItem/Meso Drop rate increase#,1,1,1,,,Item/Item.wz/Consume/0238.img.xml,Item/Item.wz/Consume/0238.img/02388040/info,Item/Item.wz/Consume/0238.img/02388040/info/icon.png,Item/Item.wz/Consume/0238.img/02388040/info/iconRaw.png
Consume,0238,2388041,Lilynouch Card,A card with a picture of Lilynouch.n#cWhen hunting on the Road of RegretsnItem/Meso Drop rate increase#,1,1,1,,,Item/Item.wz/Consume/0238.img.xml,Item/Item.wz/Consume/0238.img/02388041/info,Item/Item.wz/Consume/0238.img/02388041/info/icon.png,Item/Item.wz/Consume/0238.img/02388041/info/iconRaw.png
Consume,0238,2388042,Lyka Card,A card with a picture of Lyka.n#cWhen hunting on the Road to OblivionnItem/Meso Drop rate increase#,1,1,1,,,Item/Item.wz/Consume/0238.img.xml,Item/Item.wz/Consume/0238.img/02388042/info,Item/Item.wz/Consume/0238.img/02388042/info/icon.png,Item/Item.wz/Consume/0238.img/02388042/info/iconRaw.png
Consume,0238,2388043,Pink Bean,A card with a picture of Pink Bean.n#cWhen hunting at the Temple of TimenItem/Meso Drop rate increase#,1,1,1,,,Item/Item.wz/Consume/0238.img.xml,Item/Item.wz/Consume/0238.img/02388043/info,Item/Item.wz/Consume/0238.img/02388043/info/icon.png,Item/Item.wz/Consume/0238.img/02388043/info/iconRaw.png
Consume,0238,2388046,Mu Gong Card,A card with a drawing of Moo Gong on it.n#cWhen hunting in Mu Lungnincrease Item/Meso drop rate.#,1,1,1,,,Item/Item.wz/Consume/0238.img.xml,Item/Item.wz/Consume/0238.img/02388046/info,Item/Item.wz/Consume/0238.img/02388046/info/icon.png,Item/Item.wz/Consume/0238.img/02388046/info/iconRaw.png
Consume,0238,2388052,Giant Centipede Card,A card that features Giant Centipede.\n#ctem drop rates are increased at Herb Town#,1,1,1,,,Item/Item.wz/Consume/0238.img.xml,Item/Item.wz/Consume/0238.img/02388052/info,Item/Item.wz/Consume/0238.img/02388052/info/icon.png,Item/Item.wz/Consume/0238.img/02388052/info/iconRaw.png
Consume,0238,2388053,Blue Mushmom Card,A card that features Blue Mushmom.\n#c#tem drop rates are increased at Korean Folk Town#,1,1,1,,,Item/Item.wz/Consume/0238.img.xml,Item/Item.wz/Consume/0238.img/02388053/info,Item/Item.wz/Consume/0238.img/02388053/info/icon.png,Item/Item.wz/Consume/0238.img/02388053/info/iconRaw.png
Consume,0238,2388054,Snack Bar Card,A card that features Snack Bar.\n#ctem drop rates are increased at Drake's area#,1,1,1,,,Item/Item.wz/Consume/0238.img.xml,Item/Item.wz/Consume/0238.img/02388054/info,Item/Item.wz/Consume/0238.img/02388054/info/icon.png,Item/Item.wz/Consume/0238.img/02388054/info/iconRaw.png
Consume,0238,2388055,Balrog Card,A card that features a Balrog.ncIncreases the Item/Meso drop rates in the central dungeon of Victoria.#,1,1,1,,,Item/Item.wz/Consume/0238.img.xml,Item/Item.wz/Consume/0238.img/02388055/info,Item/Item.wz/Consume/0238.img/02388055/info/icon.png,Item/Item.wz/Consume/0238.img/02388055/info/iconRaw.png
Consume,0238,2388067,Gray Yeti and King Pepe Card,A card featuring the Gray Yeti and King Pepe.\n#cIncreases the item drop rate when used inside the Mushroom Castle.#,1,1,1,,,Item/Item.wz/Consume/0238.img.xml,Item/Item.wz/Consume/0238.img/02388067/info,Item/Item.wz/Consume/0238.img/02388067/info/icon.png,Item/Item.wz/Consume/0238.img/02388067/info/iconRaw.png
Consume,0238,2388068,Gold Yeti and King Pepe Card,A card featuring the Gold Yeti and King Pepe.\n#cIncreases the item drop rate when used inside the Mushroom Castle.#,1,1,1,,,Item/Item.wz/Consume/0238.img.xml,Item/Item.wz/Consume/0238.img/02388068/info,Item/Item.wz/Consume/0238.img/02388068/info/icon.png,Item/Item.wz/Consume/0238.img/02388068/info/iconRaw.png
Consume,0238,2388069,White Yeti and King Pepe Card,A card featuring the White Yeti and King Pepe.\n#cIncreases the item drop rate when used inside the Mushroom Castle.#,1,1,1,,,Item/Item.wz/Consume/0238.img.xml,Item/Item.wz/Consume/0238.img/02388069/info,Item/Item.wz/Consume/0238.img/02388069/info/icon.png,Item/Item.wz/Consume/0238.img/02388069/info/iconRaw.png
Consume,0238,2388070,Prime Minister Mushroom Card,A card featuring the Prime Minister Mushroom.\n\cIncreases the item/meso drop rate when used inside the Mushroom Castle.#,1,1,1,,,Item/Item.wz/Consume/0238.img.xml,Item/Item.wz/Consume/0238.img/02388070/info,Item/Item.wz/Consume/0238.img/02388070/info/icon.png,Item/Item.wz/Consume/0238.img/02388070/info/iconRaw.png
Consume,0243,2430000,Torn Cygnus' Book Volume 1,"When used one at a time, a special power covers my body and blesses me.  I think if I collect 20, I'll be able to read what's written inside.",1,1,1,,20,Item/Item.wz/Consume/0243.img.xml,Item/Item.wz/Consume/0243.img/02430000/info,Item/Item.wz/Consume/0243.img/02430000/info/icon.png,Item/Item.wz/Consume/0243.img/02430000/info/iconRaw.png
Consume,0243,2430001,Torn Cygnus' Book Volume 2,"When used one at a time, a special power covers my body and blesses me.  I think if I collect 20, I'll be able to read what's written inside.",1,1,1,,20,Item/Item.wz/Consume/0243.img.xml,Item/Item.wz/Consume/0243.img/02430001/info,Item/Item.wz/Consume/0243.img/02430001/info/icon.png,Item/Item.wz/Consume/0243.img/02430001/info/iconRaw.png
Consume,0243,2430002,Torn Cygnus' Book Volume 3,"When used one at a time, a special power covers my body and blesses me.  I think if I collect 20, I'll be able to read what's written inside.",1,1,1,,20,Item/Item.wz/Consume/0243.img.xml,Item/Item.wz/Consume/0243.img/02430002/info,Item/Item.wz/Consume/0243.img/02430002/info/icon.png,Item/Item.wz/Consume/0243.img/02430002/info/iconRaw.png
Consume,0243,2430003,Cygnus Quiz,I can receive a reward by answering questions regarding the Cygnus Knights.  I should click on it and try.,1,1,1,,1,Item/Item.wz/Consume/0243.img.xml,Item/Item.wz/Consume/0243.img/02430003/info,Item/Item.wz/Consume/0243.img/02430003/info/icon.png,Item/Item.wz/Consume/0243.img/02430003/info/iconRaw.png
Consume,0243,2430004,Richie Gold's Random Key Pot,Resets the Gold Key Room in Richie Gold's Maze.,1,1,1,,,Item/Item.wz/Consume/0243.img.xml,Item/Item.wz/Consume/0243.img/02430004/info,Item/Item.wz/Consume/0243.img/02430004/info/icon.png,Item/Item.wz/Consume/0243.img/02430004/info/iconRaw.png
Consume,0243,2430005,Memorial Map,"Allows you to check your current position, along with the spot of the Gold Key Room.",1,1,1,,,Item/Item.wz/Consume/0243.img.xml,Item/Item.wz/Consume/0243.img/02430005/info,Item/Item.wz/Consume/0243.img/02430005/info/icon.png,Item/Item.wz/Consume/0243.img/02430005/info/iconRaw.png
Consume,0243,2430006,Mysterious Piece of Paper,It's full of mysterious scribbles. n#cA quest will begin when you double-click it.#,1,1,1,,,Item/Item.wz/Consume/0243.img.xml,Item/Item.wz/Consume/0243.img/02430006/info,Item/Item.wz/Consume/0243.img/02430006/info/icon.png,Item/Item.wz/Consume/0243.img/02430006/info/iconRaw.png
Consume,0243,2430007,Empty Compass,"A compass with no markings.  However, it can be turned into a working compass if you have the letters #cN,E, W,S#.",1,1,1,,,Item/Item.wz/Consume/0243.img.xml,Item/Item.wz/Consume/0243.img/02430007/info,Item/Item.wz/Consume/0243.img/02430007/info/icon.png,Item/Item.wz/Consume/0243.img/02430007/info/iconRaw.png
Consume,0243,2430008,Golden Compass,A golden compass that reveals the location of Gold Richie's Treasure Island. n#cBy double-clicking it# you can move to the island.,1,1,1,,,Item/Item.wz/Consume/0243.img.xml,Item/Item.wz/Consume/0243.img/02430008/info,Item/Item.wz/Consume/0243.img/02430008/info/icon.png,Item/Item.wz/Consume/0243.img/02430008/info/iconRaw.png
Consume,0243,2430009,Pure Perfume,"A perfume that contains the scent of an inexperienced adventurer. n#cBy double-clicking on it#, that scent is released to confuse monsters.",1,1,1,,,Item/Item.wz/Consume/0243.img.xml,Item/Item.wz/Consume/0243.img/02430009/info,Item/Item.wz/Consume/0243.img/02430009/info/icon.png,Item/Item.wz/Consume/0243.img/02430009/info/iconRaw.png
Consume,0243,2430010,Mysterious Artifact,An artifact with an unknown date of origin.\n#cDouble-click# on it to find out its date of origin.,1,1,,,100,Item/Item.wz/Consume/0243.img.xml,Item/Item.wz/Consume/0243.img/02430010/info,Item/Item.wz/Consume/0243.img/02430010/info/icon.png,Item/Item.wz/Consume/0243.img/02430010/info/iconRaw.png
Consume,0243,2430011,Agent Summon,Summons Agents. (For GM Event Use),1,1,1,,,Item/Item.wz/Consume/0243.img.xml,Item/Item.wz/Consume/0243.img/02430011/info,Item/Item.wz/Consume/0243.img/02430011/info/icon.png,Item/Item.wz/Consume/0243.img/02430011/info/iconRaw.png
Consume,0243,2430012,Agent Removal,Removes Agents. (For GM Event Use),1,1,1,,,Item/Item.wz/Consume/0243.img.xml,Item/Item.wz/Consume/0243.img/02430012/info,Item/Item.wz/Consume/0243.img/02430012/info/icon.png,Item/Item.wz/Consume/0243.img/02430012/info/iconRaw.png
Consume,0243,2430013,Peng Peng Popsicle,A frozen popsicle that tranforms you into a Peng Peng. There's no determining the type of Peng Peng you'll transform into.,1,1,1,,,Item/Item.wz/Consume/0243.img.xml,Item/Item.wz/Consume/0243.img/02430013/info,Item/Item.wz/Consume/0243.img/02430013/info/icon.png,Item/Item.wz/Consume/0243.img/02430013/info/iconRaw.png
Consume,0243,2430014,Killer Mushroom Spore,"A powerful chemical extracted from a Poison Mushroom. Helps you remove sprawling, thorny magic barriers in the forest.",1,1,1,,,Item/Item.wz/Consume/0243.img.xml,Item/Item.wz/Consume/0243.img/02430014/info,Item/Item.wz/Consume/0243.img/02430014/info/icon.png,Item/Item.wz/Consume/0243.img/02430014/info/iconRaw.png
Consume,0243,2430015,Thorn Remover,A magic powder that eliminates the thorns from sprawling vines.,1,1,1,,,Item/Item.wz/Consume/0243.img.xml,Item/Item.wz/Consume/0243.img/02430015/info,Item/Item.wz/Consume/0243.img/02430015/info/icon.png,Item/Item.wz/Consume/0243.img/02430015/info/iconRaw.png
Consume,0243,2430016,Crystal Chest,"A chest full of items that's sure to excite anyone who sees it. Open it by August 31st, 2009, or it'll disappear.",1,1,1,,,Item/Item.wz/Consume/0243.img.xml,Item/Item.wz/Consume/0243.img/02430016/info,Item/Item.wz/Consume/0243.img/02430016/info/icon.png,Item/Item.wz/Consume/0243.img/02430016/info/iconRaw.png
Consume,0243,2430026,Mystery Box ,"A box whose contents are unknown, though a Yellow Butterfly might just be hidden inside. It will be empty if opened by a character higher than Lv. 41.",1,1,1,,,Item/Item.wz/Consume/0243.img.xml,Item/Item.wz/Consume/0243.img/02430026/info,Item/Item.wz/Consume/0243.img/02430026/info/icon.png,Item/Item.wz/Consume/0243.img/02430026/info/iconRaw.png
Consume,0243,2430027,Mystery Box ,"A box whose contents are unknown, though a Yellow Butterfly might just be hidden inside. It will be empty if opened by a character higher than Lv. 71.",1,1,1,,,Item/Item.wz/Consume/0243.img.xml,Item/Item.wz/Consume/0243.img/02430027/info,Item/Item.wz/Consume/0243.img/02430027/info/icon.png,Item/Item.wz/Consume/0243.img/02430027/info/iconRaw.png
Consume,0243,2430028,Mystery Box ,"A box whose contents are unknown, though a Yellow Butterfly might just be hidden inside. It will be empty if opened by a character higher than Lv. 101.",1,1,1,,,Item/Item.wz/Consume/0243.img.xml,Item/Item.wz/Consume/0243.img/02430028/info,Item/Item.wz/Consume/0243.img/02430028/info/icon.png,Item/Item.wz/Consume/0243.img/02430028/info/iconRaw.png
Consume,0243,2430029,Mystery Box ,"A box whose contents are unknown, though a Yellow Butterfly might just be hidden inside.",1,1,1,,,Item/Item.wz/Consume/0243.img.xml,Item/Item.wz/Consume/0243.img/02430029/info,Item/Item.wz/Consume/0243.img/02430029/info/icon.png,Item/Item.wz/Consume/0243.img/02430029/info/iconRaw.png
Consume,0243,2430030,Golden Compass,A golden compass that will lead you to Goldrich's Treasure Island. \n#cDouble-click it to# be transported to the Treasure Island.,1,1,1,,,Item/Item.wz/Consume/0243.img.xml,Item/Item.wz/Consume/0243.img/02430030/info,Item/Item.wz/Consume/0243.img/02430030/info/icon.png,Item/Item.wz/Consume/0243.img/02430030/info/iconRaw.png
Consume,0243,2430031,Instant Camera,"An instant camera that can be used to take a picture of the moon. To take a picture of the moon, double-click on the moon that can be seen from town. If you fail to capture the picture, return to the Moon Bunny for another instant camera.",1,1,1,,1,Item/Item.wz/Consume/0243.img.xml,Item/Item.wz/Consume/0243.img/02430031/info,Item/Item.wz/Consume/0243.img/02430031/info/icon.png,Item/Item.wz/Consume/0243.img/02430031/info/iconRaw.png
Consume,0243,2430032,Black Bag,"A black bag you received from Hiver, a member of the Black Wings. Release it in front of the Safe...",1,1,1,,1,Item/Item.wz/Consume/0243.img.xml,Item/Item.wz/Consume/0243.img/02430032/info,Item/Item.wz/Consume/0243.img/02430032/info/icon.png,Item/Item.wz/Consume/0243.img/02430032/info/iconRaw.png
Consume,0244,2440000,Richie Gold's Fake Lead,Using this will randomly take you to a spot in the maze.,1,1,1,,,Item/Item.wz/Consume/0244.img.xml,Item/Item.wz/Consume/0244.img/02440000/info,Item/Item.wz/Consume/0244.img/02440000/info/icon.png,Item/Item.wz/Consume/0244.img/02440000/info/iconRaw.png
Consume,0245,2450000,Hunter's Luck,"For 30 minutes, doubles your EXP from hunting.",1,1,,,1,Item/Item.wz/Consume/0245.img.xml,Item/Item.wz/Consume/0245.img/02450000/info,Item/Item.wz/Consume/0245.img/02450000/info/icon.png,Item/Item.wz/Consume/0245.img/02450000/info/iconRaw.png
